"Path","Bytes","SHA256"
".gitignore","58","800CF89C76CBF73A3A7D812B83BF9668EBC95EF974F1513D1DC1047C56C972D5"
"assets/backgrounds/desert_bg.png","46590","C507DAC20A5972A8FDBD52E692145BCB1596B70C940392870C27C72004D5A9A7"
"assets/backgrounds/desert_bg.png.import","779","2C4FAC98A30E9820F16EE2C5A34D13E5329EF8D5C2AA57EADACCC99CBD55129C"
"assets/backgrounds/forest_bg.png","42845","F5EC6F8A8A16EC30E7BCF70240AD02E8266EBE711A15F1EF27D8711539F1A525"
"assets/backgrounds/forest_bg.png.import","780","30408511C30969B9C437F1DB55817DA3B1AC4347643524D9392AFDF55102D58B"
"assets/backgrounds/ruins_bg.png","41185","69CC6F8EA3C766B924CB18EDDD20278C67EA27510F2AA59CAEA6DDEB8BDEDF0F"
"assets/backgrounds/ruins_bg.png.import","777","6E9534D883130D0188B292A5BD386CAAB62E3405C57B4ACF1E131E4F59187911"
"assets/backgrounds/snow_bg.png","46969","8EF1023F5F882501B5911001D73A8E91A7CEC9AF841F09AEEE4C10FCC4E3E881"
"assets/backgrounds/snow_bg.png.import","774","575953B336A6427837CD5D1D70031C05A199A625CE637C0008D9EAD604EA6EB0"
"assets/backgrounds/volcano_bg.png","38248","D36444149D670D93BAB6061C0F07C32D2DFC4C435F0A74BD1FF2B8E945BECD6C"
"assets/backgrounds/volcano_bg.png.import","783","AD868390E6103742700884B76CA8FCF96D2FDE22DD4B7C8D376ECF481DBA9904"
"assets/cg/1.png","3107973","346E4C52E84118A901D16055BAE591105AB22E2893C9C1E3D30C5EF4E20EC7F1"
"assets/cg/1.png.import","747","5315FECB33D464F7A7A65C7DFC2A055487C402A3D124944FD2BFCC006565B7B8"
"assets/cg/10.png","3328827","A800D8D534D69666F7E254A7A4CCC6FB2823CDCCF95CF04B1F282D4BC3580A8D"
"assets/cg/10.png.import","750","298E3DBF4D06343E87917612BECB619694F1B29AB43E05A6B2A4BDCC70F403AE"
"assets/cg/11.png","3727584","88562657C3FFECF9912E110B57FCC65494E72988CA6D6D228D50CF1807FA6D53"
"assets/cg/11.png.import","748","D7DD17C0D3CA1C0F96F9D3DC3B1EA16D7990A0896F5B82F88A0189D460DD0037"
"assets/cg/12.png","3865034","8F1E90A2B634DE569259B196A2DF2C670B199464152860575446A4EA95ECFB9E"
"assets/cg/12.png.import","749","757B22D6AC35821D4365A27C03BE808B05D0870B11B9F33A9B1952A814649533"
"assets/cg/13.png","3888063","4D282E04309873B9A96933C760D700EF9B658290BE704491F6BE2066A8C339D7"
"assets/cg/13.png.import","750","25E197C0363EB25FDD82BD6A05DF49D49EC07100C0B22DB231611689B690BB26"
"assets/cg/14.png","3668287","1C4998E0E90C4D6206F1C524809156622A67D203A50AF6C2F7062A18E09BF325"
"assets/cg/14.png.import","750","96BCEFCE6ABDFEF1ED10E8248FE735B9A09775CB6930977E84E56693A6FBB1A6"
"assets/cg/15.png","3154717","FC068B14065CA2B32B02E572DAED7D12A3B02E00758F586069CC56CDA14E7BF2"
"assets/cg/15.png.import","750","CB74511513CEECFBA51E21DD577A234335BF375BBDA0D3646D7F19D6292C1F65"
"assets/cg/16.png","2928599","C6720AA0E7AEFA44E57EBC143FA4C15A1A61AD9AC47101FD093478CF3F58AA5B"
"assets/cg/16.png.import","749","E3033C851649158F2E060B4D1B6CBCDF5BB13E7BB92923B0F9BF6BC0B886E842"
"assets/cg/17.png","3351009","A68473AC8481A83BFF0B0B84B89D48FA354D32F0236F8A702EAEC225020F557C"
"assets/cg/17.png.import","750","1B91CA4F15514AFF18FE5A03B52634851DF5BFFF13E1BC548F1E41DA7497745C"
"assets/cg/18.png","3300720","F1DAA0ADAD19FB013507907A39D1E90295CD1CE6151592D806E0F4FDDD5DEACA"
"assets/cg/18.png.import","749","1B5A9521EF5F647B48DFD6547CA3408DA18B05A01CCB283FE87D5E9FF3F68704"
"assets/cg/19.png","2740048","26625FC9C99AEE08F1B2550C096217D8D64BDEED98EB96B8D1C0A9170A2C53B3"
"assets/cg/19.png.import","750","90477FAB54F23768CB8A1B71F68619F6400D1AC3D34902A8ACCFB1066592BD02"
"assets/cg/2.png","3408786","25155B0758D7C938E8E797300D951C1E3094D06050417F21496083F3E8E43120"
"assets/cg/2.png.import","747","B0543DDF926809F1E586DB111C323A756CE1E508C9FC2D46A1FA28C2FCBC9EA5"
"assets/cg/20.png","4081546","D0E103A45A10CA802E954EAC10F18C7942CBD1BF0F3C14960365DC138E1F63B9"
"assets/cg/20.png.import","750","F3C12A77E1A9D48FBDF0297B1BA2A101B096B7841308B7B50AEE1768D1C5916D"
"assets/cg/21.png","3700678","3F5730239E4CDBB7A743E437384500669C70EE2E9998E18A9BEA8944B98B8BC3"
"assets/cg/21.png.import","749","78AD725E1840F0ACFC3271327D792D3EB7D119D158FA645E90FD568890C9049A"
"assets/cg/22.png","3451801","CBE42DF7556F954A3610579202229BB1977161A69AD8EFA62FCBB3DA234F0C18"
"assets/cg/22.png.import","750","C82BE9EB675C5DD4F6D71B53D520C88814F6D814C4DCF8A838ECDB79B3D8280F"
"assets/cg/23.png","3422721","7B7EE348AB88B5E6DC1559367E12CACC05630705CC9FFD98FF53A7949923878A"
"assets/cg/23.png.import","750","0D20874C95DEF57DB147ACA653D4B09180A5F6F689A22F0133D299DADA71B982"
"assets/cg/24.png","3562268","B6B2BFDF99A2C73E74297534DEC12A95652763F9A2A9FDE15F510245AC3BB8BE"
"assets/cg/24.png.import","750","05425F1FB4F404F888CEF08EE793E50B77AADFB429812936D75B42DA999F8509"
"assets/cg/25.png","3533290","9DFED69E63F0A4F2876EB8C48C5EBDE4304762F55C4919C5069D9A30C56DDE03"
"assets/cg/25.png.import","749","E64D2598E3044B04FFB474B8D0100C20D72D24CE08A3C655089972B8C5C26B71"
"assets/cg/26.png","3365631","D2BBAAB9078243538E6BEF93E59562DA04BCF68B0F3E51F0AC3E42234EE14D0B"
"assets/cg/26.png.import","749","46C68C338D2C86BABCE3688DEFC97B6BDD45F5CD5DA0B0C48DAE014A5EFFE67C"
"assets/cg/27.png","3607837","A982CAA19D4C360F0768B3F1B14E905F8AA5ED9909A50947EF6B565B1F8C5881"
"assets/cg/27.png.import","749","9E672E1F12B4DBDD682F0E14AC8EE8322F265AE83BBAF272B22F4D1294E09EF8"
"assets/cg/28.png","3401886","68D583403AAAD582A9BA69364A956BE18D773A31A9BFF5036DE6D64A56CA11ED"
"assets/cg/28.png.import","749","47DE868F15E800920A829D3F9FE92565AE94C6BA3ACAE3BD48B863E68E4EC866"
"assets/cg/3.png","3152427","A25D225E413760A401DE2AB7C83E26D79A7F142264D3F8C9EC00D96F5E12DED1"
"assets/cg/3.png.import","747","EFCE46A0C39F745B32253E1401985EE9C537BD0548FB92C4B99BD0CB3D3B5640"
"assets/cg/4.png","3478471","D1FA8A43F7ED00BF0C6D397824469F47A398CA802708D0264F2EA87B209D7A2B"
"assets/cg/4.png.import","747","0AE9C951660CFFB6A92EFA9F92CAD3CA1C19DAE847257E808D7F93F44D9B3C4C"
"assets/cg/5.png","3274323","201A0CE793A3DCA3250E50F46C2F4799A57609B4A5012A2FB0F1B11B16BD93F2"
"assets/cg/5.png.import","747","E8D6370F7FD992B0691BBB981385F62D709A4C9DDEAD28FD8D7CDFF7D1403B20"
"assets/cg/6.png","3775484","B4AAE9299512AB50129254E6E16C9CC043D44C062AD51BB8A880CA27F5B2C7E7"
"assets/cg/6.png.import","746","C793637FD36C4BF86909C872B0247EC02DE39FA4B190C2C08FA2634D11A45F06"
"assets/cg/7.png","3371670","D5BC1CC3AD132B35DF630BFC877ACD80ED1B8D348A040DED0926A0DF0BE59757"
"assets/cg/7.png.import","747","EA3630BD9B30EB061BA4E86020E5259B84FAA042C8DE0C90FCC019DE1E3A3646"
"assets/cg/8.png","3382899","145CF508727E13E76CB0CD05E4FF22A36D96054CAD71CD845D4B22ED863F49EB"
"assets/cg/8.png.import","747","02AFA2D9929F0AFFC4F7BA044E56D88CE304CE11D942608F4F6387966546782A"
"assets/cg/9.png","3322220","66CE3C920337CAD74FAC7CB85678412C385E2B807B855D474B3FF38BBE7648D6"
"assets/cg/9.png.import","747","21A339397641A966E23FCA6CAD4D3CABA35ED22C3D0E18EDCC1F57F1A9A8E3BB"
"assets/equipment_visuals/hero/crossbow_revision/Crossbow_4Frame_Review_4x.png","5324","0D496B8393660F682E3981808B639A052A1119466DF68F1237A2665FB1A8F1B0"
"assets/equipment_visuals/hero/crossbow_revision/Crossbow_4Frame_Review_4x.png.import","857","9BFFE8E3262F99DDC2B218119FD7AE0D510774D92360758D6BA80155403A3F47"
"assets/equipment_visuals/hero/crossbow_revision/Crossbow_Arms_40x208.png","505","BA21DD25C3F5ECA42FC5DA0ACD8B0643E8B68FE4F460618998EB7F0A88EF2D94"
"assets/equipment_visuals/hero/crossbow_revision/Crossbow_Arms_40x208.png.import","842","DC3084FDEA43C7B8BD13D42CBFE6157EA2C868BBD3509F976A31CD7C6381E146"
"assets/equipment_visuals/hero/crossbow_revision/Crossbow_Layer_Debug.png","7308","1F283C1A1EB1B2C20AA1572FEBA94876371D2A1A2200EDC1441E188B43E13BC0"
"assets/equipment_visuals/hero/crossbow_revision/Crossbow_Layer_Debug.png.import","841","1F66C022B8DEF4EDC8A5A3548B281FADCB38A4262DE8FE3C0F0BCD3929874542"
"assets/equipment_visuals/hero/crossbow_revision/Crossbow_Neutral_Composite_40x208.png","1824","9460C5D1C718C157ED29D081F71F5A1C77173CDBFC206227A5BF4E13FE871F5F"
"assets/equipment_visuals/hero/crossbow_revision/Crossbow_Neutral_Composite_40x208.png.import","881","DD15F8679A273919AC963B424B5AE8BFAB5887E92F57E9F9FC184E8F6BCD4F7E"
"assets/equipment_visuals/hero/crossbow_revision/Crossbow_PATCH3_vs_PATCH4.png","8467","F4667851D5EF0EBF87FE9CF8B65BD81316F4D589BA72FE6699FEC515DB1F27AF"
"assets/equipment_visuals/hero/crossbow_revision/Crossbow_PATCH3_vs_PATCH4.png.import","857","2F5D2D8567D4232DD7782B735C87792F25609B9345B645EE803A2FB1EDDF00ED"
"assets/equipment_visuals/hero/crossbow_revision/Crossbow_String_Arrow_40x208.png","221","AD0568D405A90923FB3827495B68916DB84D88819E4121DE5A8F3552D689A01E"
"assets/equipment_visuals/hero/crossbow_revision/Crossbow_String_Arrow_40x208.png.import","866","DBEEB7919B52667C9CA1C6B479538A73A8B5BA779BB5C06AE05BAE221B60BD73"
"assets/equipment_visuals/hero/crossbow_revision/Crossbow_Weapon_40x208.png","338","70CEA254C6835A1B0C09F6C6B90B9EAFDB82EDA03B6A90B3087542033F17B3E2"
"assets/equipment_visuals/hero/crossbow_revision/Crossbow_Weapon_40x208.png.import","847","EAF24E74029E3872117641940645A8BC54AA019C95B6D14834F3F7E81BAEF82F"
"assets/equipment_visuals/hero/Frozen_Hero_Hash_Register.csv","3328","3B17A73C0F71846210A501D523A1CC4503DD719293E4043CE3C82192A7196A34"
"assets/equipment_visuals/hero/Frozen_Hero_Hash_Register.csv.import","892","F6CA3064B0BEE8687A68BE2EA1BFA19098176BB622406A00D58EEAD9F1E1DF15"
"assets/equipment_visuals/hero/Frozen_Hero_Hash_Register.hash.translation","911","29E3DA9A504963FE8EA9BE897882736429D59D9957527FFF06EDC87C1B645641"
"assets/equipment_visuals/hero/Frozen_Hero_Hash_Register.patch3.translation","1953","94B23EF2FE15CBADE531D745E79490528F8B980883F3A57CFAD46D3E59A29734"
"assets/equipment_visuals/hero/Frozen_Hero_Hash_Register.patch4.translation","1953","3E8C69FD5098F3980D35C4013F25F8342AA70F9898614C198CF72B8F434FC66D"
"assets/equipment_visuals/hero/Frozen_Hero_Hash_Register.status.translation","933","909B9B84E21C14085E2F4146372CE0905B3E00C37ACB0146F290B0A1749AB28C"
"assets/equipment_visuals/hero/Hero_4Frame_Anchor_Map.allowed.translation","550","3B7ECA0A142A2BD9F2745935B051E234D1C9BA935B5620C6224CDE834B8B9188"
"assets/equipment_visuals/hero/Hero_4Frame_Anchor_Map.anchor.translation","549","4C827104F95462A8741BCCE231EE9D2628619AC6A35E328DE23D91D54B359D78"
"assets/equipment_visuals/hero/Hero_4Frame_Anchor_Map.csv","15207","5742377BCCC60D146DD1C70E80D21825E150B35FDF6F586EC110080BBC372981"
"assets/equipment_visuals/hero/Hero_4Frame_Anchor_Map.csv.import","1493","6E69C1CABC2FA7E7BF063F039BB86C028570F8BCFB6C3FEB8A62B37BB42BA89E"
"assets/equipment_visuals/hero/Hero_4Frame_Anchor_Map.frame.translation","536","639D7D88E88E24D918B1989DC23F3C1D939A40C585FE22449F8B6D5CFC6638AE"
"assets/equipment_visuals/hero/Hero_4Frame_Anchor_Map.layer.translation","532","EB868E1E2FFB55D167F4571B725079107AB149C5BE58E8F04C78F0110A7C9714"
"assets/equipment_visuals/hero/Hero_4Frame_Anchor_Map.pose.translation","543","F8BF85FA4A87937FAB023507C141241D43A7D7F64D8A69E7EAD15A6AC90FA97E"
"assets/equipment_visuals/hero/Hero_4Frame_Anchor_Map.purpose.translation","586","D288BEA372AAA3CAEB69E13225935D13BF713A99F3B5B4B5BFDB565A3E49120C"
"assets/equipment_visuals/hero/Hero_4Frame_Anchor_Map.x.translation","516","F5B5BE3416E37697AE3CB966E1001751EAC9CFF36007E686BA9E649EDC7EC426"
"assets/equipment_visuals/hero/Hero_4Frame_Anchor_Map.y.translation","516","73F633933606AB21AF0F14D417B3BAE8380BC5A697FEEB23EEBE37CC2E960F00"
"assets/equipment_visuals/hero/Hero_4Frame_Anchor_Overlay.png","1482","6314BE8DF235B4CF28D6D35C011935DB1CD5E1E103C19B02369FC32E97BA977A"
"assets/equipment_visuals/hero/Hero_4Frame_Anchor_Overlay.png.import","842","C57B7A91EDD4CA5C4422F45B33866D47B8C6319889DBB6A45190BC18B6EE1564"
"assets/equipment_visuals/hero/Hero_Layer_Order.csv","330","A9CA2B44B5E8A3DEB9DD33359B35210C522D65F44A992B1C9AF552B79B382BEA"
"assets/equipment_visuals/hero/Hero_Layer_Order.csv.import","667","9DC01E13786C20F141503C742EB8198B9E48CC2B701AE71F8CF8F6B8D4EA6B0F"
"assets/equipment_visuals/hero/Hero_Layer_Order.layer.translation","960","B08A1B0D3BE581205081739EB7CBF42C43D252731C1556B619D384C15604FF6F"
"assets/equipment_visuals/hero/Hero_Layer_Order.md","631","5988577BCC8810F53602FA970F46BEDB0500FA8AB3B1DD30F8E65B8047C13041"
"assets/equipment_visuals/hero/Hero_Layer_Order.runtime.translation","834","C1AC22452E0855EBFEDD39E61A7FB4175FF439454AB6EBFD48A575DFAAA9D332"
"assets/equipment_visuals/hero/Hero_Neutral_4Frame_4x_NEAREST.png","2235","A0CF947B399510839D9B4BC27B4193162C43990F8329A017C681381EB0D87DF6"
"assets/equipment_visuals/hero/Hero_Neutral_4Frame_4x_NEAREST.png.import","854","04D4B3B7619474532973459278641B47476EFBCB81CFF9187DA0A23E140A1996"
"assets/equipment_visuals/hero/Hero_Neutral_4Frame_Horizontal_REVIEW_ONLY.png","1330","7D1C683A43FE78F26E01260A8CF2D94495DFBF10B003A48A7D31319316701412"
"assets/equipment_visuals/hero/Hero_Neutral_4Frame_Horizontal_REVIEW_ONLY.png.import","889","91A919D81CE50980AADF1EB61A2059B0C48070A0EE97A61B608F5F3BC60BC532"
"assets/equipment_visuals/hero/Hero_Neutral_Arms_40x208.png","524","003B7E10E1334B6524592039CFE8EF5A8C5E7BED11B38BF247D9EFB1C9E23558"
"assets/equipment_visuals/hero/Hero_Neutral_Arms_40x208.png.import","836","5EAF217BFF843DF0B4A0C9E28675540B06C6A55FEFF47D0509AEEFC1DB6D5CDC"
"assets/equipment_visuals/hero/Hero_Neutral_Base_Composite_40x208.png","1314","37BA9CA9A8ABE05CB25926E54575B1CB86A52842BEF9F48B8AEA11A3E7639026"
"assets/equipment_visuals/hero/Hero_Neutral_Base_Composite_40x208.png.import","865","BB2CBE5F1EF1D32064AFECB455796079FE4A73A6CC47A92FEFC696C30E29322F"
"assets/equipment_visuals/hero/Hero_Neutral_Body_40x208.png","771","2B17269C7077F043FAD45039EAA62B9140490F3198A2151CEE8173ED5FFFD3D4"
"assets/equipment_visuals/hero/Hero_Neutral_Body_40x208.png.import","836","14F09F97658709A979BF3C7FC6BE5D920DFC6FCBD2756E20218E0FF04418ED8B"
"assets/equipment_visuals/hero/Hero_Neutral_Face_40x208.png","392","0A4A38719A28C6F4BA7B17C4434C4E36BD253E7CAEFD96732ADD6E66B18D02E4"
"assets/equipment_visuals/hero/Hero_Neutral_Face_40x208.png.import","836","02AA1E39785DF28594F8C9639DEC10B3562FE66BB1AA1CFC78AEA8724D47923B"
"assets/equipment_visuals/hero/Hero_Neutral_HeadHair_40x208.png","380","E2EC8C02B553578A2EA30F86F15C858AC69A74C3D8E024CF1043BAD2D6821191"
"assets/equipment_visuals/hero/Hero_Neutral_HeadHair_40x208.png.import","848","39C6DD5B94C2834C1DA56E0709EA2351CCCAF89A1DD5A3A8D3A95C8BE140D082"
"assets/equipment_visuals/hero/Ranged_Arm_Poses/hunting_bow_arms_back_40x208.png","469","5B812BCA3C2D4DD1FFF67F5B7EB36620E398C04F95A7F4FC11B99D4381D6C6F3"
"assets/equipment_visuals/hero/Ranged_Arm_Poses/hunting_bow_arms_back_40x208.png.import","864","F97FCF6C853101219258820704BF09C81514712D1980873945807278810473FD"
"assets/equipment_visuals/hero/Ranged_Arm_Poses/hunting_bow_arms_combined_40x208.png","626","567EAD92555C56603C4026C4B7711BB33BEDC88BBB1C3C512D77AB18A54BE684"
"assets/equipment_visuals/hero/Ranged_Arm_Poses/hunting_bow_arms_combined_40x208.png.import","877","AEF5AFCC1199BD7CA61BCD3C8813826E869C2EE5D00A8074406D7413004DC6EB"
"assets/equipment_visuals/hero/Ranged_Arm_Poses/hunting_bow_arms_front_40x208.png","362","71F00633A4B4BC1C046D973B6D0D5ECD9969C8AB0976AF419A768E242DCA64E2"
"assets/equipment_visuals/hero/Ranged_Arm_Poses/hunting_bow_arms_front_40x208.png.import","868","6BA426546423D59C4F01981FAFF597FD5EA4EE5A34365DE454122ADAB10219F0"
"assets/equipment_visuals/hero/Ranged_Arm_Poses/longbow_arms_back_40x208.png","358","0862DA765B034DEE78E2588C2A6933CAFE0E199836434DF20E09EA5372415083"
"assets/equipment_visuals/hero/Ranged_Arm_Poses/longbow_arms_back_40x208.png.import","852","FF5263070495A12368A079121BE56DDDDB45A73276C1B495FF22CEA3F666FB50"
"assets/equipment_visuals/hero/Ranged_Arm_Poses/longbow_arms_combined_40x208.png","499","BFED2932AB7DF47F0FF660740BB2127127282BDE8C65AD11FABDD1462A6F9A50"
"assets/equipment_visuals/hero/Ranged_Arm_Poses/longbow_arms_combined_40x208.png.import","865","14E3EC209B9933C81560CD52E369442D6F8EC1F569F8DC4AC89A0F4BCF1AF189"
"assets/equipment_visuals/hero/Ranged_Arm_Poses/longbow_arms_front_40x208.png","341","379228E308067112C3428A18003A65CE006756E815F4D1638670D9192C16BA46"
"assets/equipment_visuals/hero/Ranged_Arm_Poses/longbow_arms_front_40x208.png.import","856","A1F5932CB2B861251B08340C77A95D11C9831503E0B9D9ED6A0EECE2EA3B7633"
"assets/equipment_visuals/icons/base/Accessories/carved_wood_amulet_base_20x20.png","181","CEA91110FB8CA2B6E6AAFFBED2F2B61C7944E0CDC919A4AA41A2445272B80214"
"assets/equipment_visuals/icons/base/Accessories/carved_wood_amulet_base_20x20.png.import","869","268D681E7152BB03B23D9B24C00E71F91F56B1FA524B2BFB36D64706EF5F951B"
"assets/equipment_visuals/icons/base/Accessories/engraved_copper_ring_base_20x20.png","190","12734E972A24E03B020169ADD3E1AC05CE866FF5799367D96A487928C7564D39"
"assets/equipment_visuals/icons/base/Accessories/engraved_copper_ring_base_20x20.png.import","875","7AED65B3450FB5BDF5C2B6E7641BCED25C5B14A5EC5D3212FD52E4129B4DBF9F"
"assets/equipment_visuals/icons/base/Accessories/sacred_relic_base_20x20.png","184","5460D2F504DC75A3D2C81EBFFC1F722046AD987C4438B3841909ABC81E345A0C"
"assets/equipment_visuals/icons/base/Accessories/sacred_relic_base_20x20.png.import","850","39502C78FB2E2985D39ECBB099BD2FFD17C0C43626DF045F844A19B0397FAAB6"
"assets/equipment_visuals/icons/base/Accessories/silver_badge_base_20x20.png","210","885085F705338897EB9B2BE549421CECC34D1FFB688486B8A64BDA1C09DEE000"
"assets/equipment_visuals/icons/base/Accessories/silver_badge_base_20x20.png.import","850","43B6F346282DE91F24C1FB19AD855246B60127DDBF8523CA60BFE2F6FBD1C3A5"
"assets/equipment_visuals/icons/base/Accessories/whisper_orb_base_20x20.png","196","6DE80F80DA61AB6CB042BD6CDB10AFA17E490AFCAED87800E22BA7619CA4BC47"
"assets/equipment_visuals/icons/base/Accessories/whisper_orb_base_20x20.png.import","847","373E0BCD3890FBE95DA7EFCED39664DF1F801AEBD765E6F701F6DEAC81F3AABD"
"assets/equipment_visuals/icons/base/accessory_Base_Icons_1x.png","3841","D50F64E8B80AE2093D255B04A4980F82025A9420D5F9D8F7DF7507CEEE91D963"
"assets/equipment_visuals/icons/base/accessory_Base_Icons_1x.png.import","839","CFC72057E30DD0CBF006FAEA0AFEF74A94627AA17F0BB40D34467FE61EBFE3AE"
"assets/equipment_visuals/icons/base/accessory_Base_Icons_4x.png","4249","3D34A12FB09A6642F2F0965789863121892DD09022CAC698B44192EF9E22FD31"
"assets/equipment_visuals/icons/base/accessory_Base_Icons_4x.png.import","839","F5008CEC831438DC506B89C3F8D7B7CC9F2938A532C04E12EEBA8629DF1A1F52"
"assets/equipment_visuals/icons/base/accessory_Base_Icons_Silhouette_4x.png","3853","936E547027370F3A2244FC677803A17DBFE16C2ADB8AAB175DB9B71C8D91A7C8"
"assets/equipment_visuals/icons/base/accessory_Base_Icons_Silhouette_4x.png.import","871","4122401E54B01A978EF904F2D5D371282C9F46E2D6026AACF56A7E3252CB85F8"
"assets/equipment_visuals/icons/base/Armor/chainmail_armor_base_20x20.png","230","C57C3E3D3B975153F898C5644011B90185E83234900E16E33BF811DE6CEE2FD0"
"assets/equipment_visuals/icons/base/Armor/chainmail_armor_base_20x20.png.import","854","0CBC2875330C3F2D080013DC3F2486BF7B94BAA45CE27C65373AF45B571083D3"
"assets/equipment_visuals/icons/base/Armor/cloth_armor_base_20x20.png","209","7D35597BB1A0264B2CE95D42E477BF373E372467CEC67BA28800FFEB81B49B2B"
"assets/equipment_visuals/icons/base/Armor/cloth_armor_base_20x20.png.import","841","97C8F1B53763773EFF89544915495535F46708A038C3010D8F5437EC3D279187"
"assets/equipment_visuals/icons/base/Armor/dragon_scale_armor_base_20x20.png","214","2FF8C67C439312F5F6A4BC73C3CCA4A420588196BE5E2161E4BAF45165E71C22"
"assets/equipment_visuals/icons/base/Armor/dragon_scale_armor_base_20x20.png.import","863","4454FEA8F17DACE0B799E1DBBD46DB9098F74585E868124517A5D0BFF04373BE"
"assets/equipment_visuals/icons/base/Armor/leather_armor_base_20x20.png","223","9534C935399929F79C32847F341F985F8233F2DD9579B8C26C7D05B2D9CFAEFA"
"assets/equipment_visuals/icons/base/Armor/leather_armor_base_20x20.png.import","847","A8639E9FE2995F93CB7C2F306122C027B244C5C59F1E5BE19CC4C58BB6C8A90D"
"assets/equipment_visuals/icons/base/Armor/plate_armor_base_20x20.png","202","F392416186FD6CD3624F020C1404AC21C490C3906544607D42B4A973B977C6E2"
"assets/equipment_visuals/icons/base/Armor/plate_armor_base_20x20.png.import","841","59E20FAE76223BD0E3B75B1FF148EFBD6FA50D367CA233B4339CD1F6C8537BA6"
"assets/equipment_visuals/icons/base/armor_Base_Icons_1x.png","3141","7F5855FADBA32D48A3753AD3D0905EF5CF89234268624C0C1AFC8A0E47E81897"
"assets/equipment_visuals/icons/base/armor_Base_Icons_1x.png.import","826","0F000388F95A51F247EA84E33C4EE5B0D9E6CE5E49C84E33CADB2223FC1EDDA6"
"assets/equipment_visuals/icons/base/armor_Base_Icons_4x.png","3543","BCA2EB3F04869B27401BC08EC146D809FBFA9D52294E6CA13311C4652F51AC79"
"assets/equipment_visuals/icons/base/armor_Base_Icons_4x.png.import","827","6131B121292FA454AD8135822CF599E1A80B9A11736487D85BEDE7DB3CEF4D3C"
"assets/equipment_visuals/icons/base/armor_Base_Icons_Silhouette_4x.png","2974","A7752E5F75242F19C1CABDC438E96A31F56247983E8178AA7439868D52BB67BB"
"assets/equipment_visuals/icons/base/armor_Base_Icons_Silhouette_4x.png.import","860","C11BD40DF29B11B7DBAFFE4DBE44927D1EF8C1C4C3B174339C9BD0E04309E70B"
"assets/equipment_visuals/icons/base/Boots/dragon_walk_boots_base_20x20.png","182","941FE67BEDFC6E804CD74647D588AD6F0E1BFC6C5888CB62216C41267873E963"
"assets/equipment_visuals/icons/base/Boots/dragon_walk_boots_base_20x20.png.import","860","4F8CB819329A6DBA2F636DC389E3179500444369D364B3A3BDD374EA6B7079C4"
"assets/equipment_visuals/icons/base/Boots/iron_toe_boots_base_20x20.png","202","0094177C7A081CCB84053ED09E3171A842BD4FAC450841092C56D8E34B60178B"
"assets/equipment_visuals/icons/base/Boots/iron_toe_boots_base_20x20.png.import","851","22BA1A94FA678F2CD78B4F48D9FB7C8EF24E20DE3AF94A143B26A155B08980A6"
"assets/equipment_visuals/icons/base/Boots/leather_boots_base_20x20.png","183","D88A42F0890408BFF06620D6DC52FD9F87D49383A55C019717A74103BC00B331"
"assets/equipment_visuals/icons/base/Boots/leather_boots_base_20x20.png.import","848","0839E04EEEFAD84791050AB12CD85D8D59A55D70A15B943A56F157A7241D2F38"
"assets/equipment_visuals/icons/base/Boots/straw_sandals_base_20x20.png","227","0B56D37D83A75A4B82A3DC9959B9A409D532CADF141339272E93627F3E93F373"
"assets/equipment_visuals/icons/base/Boots/straw_sandals_base_20x20.png.import","848","E6F021A72E45932AE81A3BC6A4CE9C9649CCB3B0FBCA05C0970AD7F036BCEE61"
"assets/equipment_visuals/icons/base/Boots/wind_boots_base_20x20.png","215","BB09D2906E0A1AAE03A10A938308CA982F4937826636C9BD9C58F40E2DC1F6F2"
"assets/equipment_visuals/icons/base/Boots/wind_boots_base_20x20.png.import","839","34C844DF10CF0095D429952617F4C88BB6146FD75860360C62AAE3DAB1E8C81A"
"assets/equipment_visuals/icons/base/boots_Base_Icons_1x.png","3184","97201C35E58D2157ED271D8BBC196098C42B106F9DC8CA1099C0B5911455EF11"
"assets/equipment_visuals/icons/base/boots_Base_Icons_1x.png.import","827","D24CC91B499CC28918A1D4624F5868A952791591C35E8E1190E97E7DD4678CAA"
"assets/equipment_visuals/icons/base/boots_Base_Icons_4x.png","3444","77AA849B181ED64FB2336B4672FF4E0C4CF8EE54D39386FFD1D1504BDECE8BB1"
"assets/equipment_visuals/icons/base/boots_Base_Icons_4x.png.import","827","BE910A4843EED1A1178FAA3DB177A3E6E4B727CAB3C84640DED0A41213BE67CA"
"assets/equipment_visuals/icons/base/boots_Base_Icons_Silhouette_4x.png","2989","C0E4F21A222A693875D9CF3BFB70650245C659F447C8BDC2C1D13155140E3A34"
"assets/equipment_visuals/icons/base/boots_Base_Icons_Silhouette_4x.png.import","860","1CD8E6DAE0D2CF1B45DE859936D3CFC877A43F749826BBB3332AB43A6BA292C3"
"assets/equipment_visuals/icons/base/helmet_Base_Icons_1x.png","3069","291D07F27A1E206C54C2FFCA9ABE2F34EE29E3ECC568619E970FE848713D2805"
"assets/equipment_visuals/icons/base/helmet_Base_Icons_1x.png.import","830","F0ED82EA79F2F65B304D5B0AEDA4A3146C3985A3AFFB7568F47E5DFE73CFBEAB"
"assets/equipment_visuals/icons/base/helmet_Base_Icons_4x.png","3421","FBCF29568ADE88AF97CD2ABFA8E36E26DEFB0FE8C5F51701C1F739AE87B375E0"
"assets/equipment_visuals/icons/base/helmet_Base_Icons_4x.png.import","830","CD054579920432DBBDAA3737319FAFF164AF9703D4F0987960B91987F495E895"
"assets/equipment_visuals/icons/base/helmet_Base_Icons_Silhouette_4x.png","3058","DCA5357591244B8D3CA4ED6925D334F5589F9ADB18861BEA404CD1277461DDB8"
"assets/equipment_visuals/icons/base/helmet_Base_Icons_Silhouette_4x.png.import","863","C857FF9CC1AEFB490E23F7B71EAA1B1BEB45B2BDECBBFEC07B44F11C799DB53C"
"assets/equipment_visuals/icons/base/Helmets/battle_helmet_base_20x20.png","248","872CDFE8F300E89C3BFCEA7522994BF6AC09ED3605ECCEC09BCAFECDBB2403B4"
"assets/equipment_visuals/icons/base/Helmets/battle_helmet_base_20x20.png.import","849","166372F65243598959F8749C6C64BC0DEC18524F7D8C2C11BA0D728DE8D654CF"
"assets/equipment_visuals/icons/base/Helmets/dragon_head_helmet_base_20x20.png","321","792F5A1ECC139E6B025AF6587F6B600F881EFC0E17E402AA7E4D9EC3F56207FA"
"assets/equipment_visuals/icons/base/Helmets/dragon_head_helmet_base_20x20.png.import","865","F959F8FDBA4B7932EB7C5CF1292C8C1B158BBFDC7D1262CFE6DD5EEB2D59E26A"
"assets/equipment_visuals/icons/base/Helmets/iron_helmet_base_20x20.png","206","949CB868B79C04D1A595919B32EBC14731839ABB191AA2A63ED019EE136CB503"
"assets/equipment_visuals/icons/base/Helmets/iron_helmet_base_20x20.png.import","844","172BDABDFC6229FDB32AFA804AD3D51B575AD2F6D27F7F738F5775F3BB8919F6"
"assets/equipment_visuals/icons/base/Helmets/knight_helmet_base_20x20.png","286","7E48758AFE313EAD465150321CF89A558C15AAC347662B1BA2347DF0E60083E5"
"assets/equipment_visuals/icons/base/Helmets/knight_helmet_base_20x20.png.import","850","2CE79926B9507B49C5B6302AE7D08BE6741ACBAD64473C657932AB55DA2A29B1"
"assets/equipment_visuals/icons/base/Helmets/leather_cap_base_20x20.png","211","1018D31FF5B0817F2EC5BACD3A30C09926B65CD15497BC6D40680665026C0071"
"assets/equipment_visuals/icons/base/Helmets/leather_cap_base_20x20.png.import","844","319A788CED94ECC47EE2315B61E43B686CA56C8C64CC778C9375CC1E259E439F"
"assets/equipment_visuals/icons/base/Pants/chainmail_pants_base_20x20.png","253","600C28F82797F72FCEBBA7DC0066952B4AFD65FA01E0D719E09943E5B2560191"
"assets/equipment_visuals/icons/base/Pants/chainmail_pants_base_20x20.png.import","854","147D9204AB7F03B206F4343FF8222CD534B21D5247C0CFC1546B77BFB8DBC0B9"
"assets/equipment_visuals/icons/base/Pants/cloth_pants_base_20x20.png","239","9A7C3407611C1C1A19CC788F3ECB85BF0D853CB0948806614B597F57CD59458B"
"assets/equipment_visuals/icons/base/Pants/cloth_pants_base_20x20.png.import","842","1B2C56103A054524FA769C1C53A6A0F6B96C50E6A5A73DC642962282F61D28C4"
"assets/equipment_visuals/icons/base/Pants/dragon_scale_legs_base_20x20.png","266","20A0F04E9C353FBED7615E71D72FC2944271EF8CF1574F1DDBBBA1BF0A0409A9"
"assets/equipment_visuals/icons/base/Pants/dragon_scale_legs_base_20x20.png.import","860","675C8ABD2601258BC4FA675A7C4BF48DE421A702B198D455F6C48E7531789BA8"
"assets/equipment_visuals/icons/base/Pants/leather_pants_base_20x20.png","228","E0F62117EC8B894D7BCCC3D34B9DE544A926909D7E726DC55088CAD6A86869D8"
"assets/equipment_visuals/icons/base/Pants/leather_pants_base_20x20.png.import","848","A36BF6F4072FBA322666207CBC3CAA648B43C5E4E919A1651C79A13AEA062D4D"
"assets/equipment_visuals/icons/base/Pants/plate_greaves_base_20x20.png","248","0FE975187D3500BAD06F69460752F5D6000DBF7FA6A72E8D375ABA4676ED4D4F"
"assets/equipment_visuals/icons/base/Pants/plate_greaves_base_20x20.png.import","848","3D541785BC2254C5C327EA7B36CEEC5CDF479FAF63EED33DEFADC6C59C65AC47"
"assets/equipment_visuals/icons/base/pants_Base_Icons_1x.png","3640","A4614BBC54A05D2555A25775D90C897EAD6EB47DE2E54216EA3BDBBE5E62F7EC"
"assets/equipment_visuals/icons/base/pants_Base_Icons_1x.png.import","827","317530C680EFCD07E44F283E2EDA570D8F0DB0D34904753FF7B29D76C967F401"
"assets/equipment_visuals/icons/base/pants_Base_Icons_4x.png","3982","A25F4462AC50349489CF9A943C1DF75146C56809474F200305EF8D952ABBD1DC"
"assets/equipment_visuals/icons/base/pants_Base_Icons_4x.png.import","827","F1B4E2F27C1DBE59A78439AF23B3F404632B9CD84A0FE809F03DADA17E8CF895"
"assets/equipment_visuals/icons/base/pants_Base_Icons_Silhouette_4x.png","3367","EFE77BDC30AA25AF9E4A1789E66230833E223B25AB432B791D78D67933B2062E"
"assets/equipment_visuals/icons/base/pants_Base_Icons_Silhouette_4x.png.import","860","B18FF4A60E43028DE434DE0B07CA3947E5F3742B7B21F0D1394553EB2F0D5EFB"
"assets/equipment_visuals/icons/base/Simplified_Base_Register_35.base.translation","1755","10FC4BE5C06766FB43D23760CC800ECE4B7FAE81515B883F6376505DAEB4DC31"
"assets/equipment_visuals/icons/base/Simplified_Base_Register_35.csv","12914","D233CA41A5BE8DBB3FF857806B00E32FA86F0F3F741EAF449EE02AF38D4C27C0"
"assets/equipment_visuals/icons/base/Simplified_Base_Register_35.csv.import","1866","DD4D501E18798D3AF896A8A34F1B88B4DB8B09714F016D6943CEF8906D7BE8EF"
"assets/equipment_visuals/icons/base/Simplified_Base_Register_35.design.translation","2909","2A35641C5D3C629F7B8A2AC5A4AE6CBA8E261E213518326C032C6E5F75E20EEE"
"assets/equipment_visuals/icons/base/Simplified_Base_Register_35.grade.translation","1404","B80E6EEE957CA94AE5EB7D4BB9D8C225A0923C16E53F4D28846221682DB6EA8E"
"assets/equipment_visuals/icons/base/Simplified_Base_Register_35.icon.translation","3607","694BB14DC638001D1EADB8B6241A96B01022354F3484B6C055362AF1DD223E16"
"assets/equipment_visuals/icons/base/Simplified_Base_Register_35.sheet.translation","3608","B459AA44AEBC992CC5C4E0219F29095F16E16D02E8DE8F416EB32B8151F439C4"
"assets/equipment_visuals/icons/base/Simplified_Base_Register_35.slot.translation","1543","D1B7445454665D324597DC3DD526CA217FE23495B4D90C6B4D75A66BABFF030B"
"assets/equipment_visuals/icons/base/Simplified_Base_Register_35.status.translation","2069","5DC960AEC01AA86F947E5AD6153DE7185E221396CCAC67EA91D5E4629D102AB9"
"assets/equipment_visuals/icons/base/weapon_Base_Icons_1x.png","6165","DF8407D2F599A3C1F17C378586DD182DCAB69CF44EA61B36F026A91F1937991A"
"assets/equipment_visuals/icons/base/weapon_Base_Icons_1x.png.import","830","1A3672CF17FFB472D7C9849F582895C33A7400BDAE2279FCD4E2CE93194E100F"
"assets/equipment_visuals/icons/base/weapon_Base_Icons_4x.png","6855","51FABC52494A7E813A0B0420F2543A2C12AABE82540954076435C9716013BE2A"
"assets/equipment_visuals/icons/base/weapon_Base_Icons_4x.png.import","829","0753BC1FFBCEC1E0730CDCAFA5494D783B14F47671E0DD945329060D4D17574C"
"assets/equipment_visuals/icons/base/weapon_Base_Icons_Silhouette_4x.png","6274","24C7B75B2154FBB4D09CA13A1E92B7083B89D9880AF852C0C993E89014F3F34A"
"assets/equipment_visuals/icons/base/weapon_Base_Icons_Silhouette_4x.png.import","863","D25EF978FF1C6C8F4FB6742E294AF29D2D9903AADF403079BB8B2927E6FE2D6B"
"assets/equipment_visuals/icons/base/Weapons/battle_axe_base_20x20.png","205","CF86730778267279CDA94B2230F8A13FD016DC1464FAF9A0BC1A4F4BDFADF8C5"
"assets/equipment_visuals/icons/base/Weapons/battle_axe_base_20x20.png.import","841","821E356E50C8F8A1238AAC853FE100D6BA6743C82C4E238DAA76F6A49A6CF29B"
"assets/equipment_visuals/icons/base/Weapons/great_axe_base_20x20.png","221","CC332841D8EFD093FCFC9AB455B9A404D1091230EDAD497F952AD6C5E167E638"
"assets/equipment_visuals/icons/base/Weapons/great_axe_base_20x20.png.import","838","F499B3B97BE2013AB226C35AD3D6B8E0ABDA7BBB662A38BF5785A30F0DCD57E6"
"assets/equipment_visuals/icons/base/Weapons/great_sword_base_20x20.png","156","7B2EFE7053D69CE538AB32D9FB9F234193C6DDB1565EE29A61D4F57093746E14"
"assets/equipment_visuals/icons/base/Weapons/great_sword_base_20x20.png.import","843","20B295C02E8ACDEFE4EA8D78A586A5677C2472A315794EFA409EE36E78778A37"
"assets/equipment_visuals/icons/base/Weapons/hand_axe_base_20x20.png","200","C753105F4DB74715A187496BBA680DF936EBBCD2BF714474F1E4425065CCA864"
"assets/equipment_visuals/icons/base/Weapons/hand_axe_base_20x20.png.import","835","2E9AF2467F0175D1EFD6EF55F8579C193F1BB7CE1DC9F7B2D1B86DF1F3BCFF2F"
"assets/equipment_visuals/icons/base/Weapons/heavy_crossbow_base_20x20.png","245","504F7ADDD9006959AAAD59C36BA04E2900BC351C128610DC1A8EE95590F29CB0"
"assets/equipment_visuals/icons/base/Weapons/heavy_crossbow_base_20x20.png.import","853","B4C3CF4DD129D3B9B7A6CC4A9CC4AE14A5BC2909C35D7E81B6F690BFF2F81E23"
"assets/equipment_visuals/icons/base/Weapons/hunting_bow_base_20x20.png","177","9F81C6050FF9695A226268B86FFC270D2962000D2056256E9091342C3A368593"
"assets/equipment_visuals/icons/base/Weapons/hunting_bow_base_20x20.png.import","844","47DBB0F110D507372C602C2849576039C5CD34D4080CB5938FA3D9BF457D5823"
"assets/equipment_visuals/icons/base/Weapons/long_sword_base_20x20.png","151","7821E88E1043868CCD1C189FFFED895B8CF04281FEE8BECBCD1FE8F126AFE8DC"
"assets/equipment_visuals/icons/base/Weapons/long_sword_base_20x20.png.import","841","F58183D639F7B6794E59E1FEE6157E55ED785800C1D482B9DEF066F70CC0659E"
"assets/equipment_visuals/icons/base/Weapons/longbow_base_20x20.png","212","A86B4AC88503C9184F82964A24A25FF42AC83DA7A9A88D3EE4FC35581FADD3E1"
"assets/equipment_visuals/icons/base/Weapons/longbow_base_20x20.png.import","831","3483C77154DD90FD62A755D6E7159403A6C8D12C4B76093BEFAD73C4F62C0238"
"assets/equipment_visuals/icons/base/Weapons/rapier_base_20x20.png","198","06B2C5724533255B5B0757061727D7FF17AE30A39A85E0BD7A7245E880C74491"
"assets/equipment_visuals/icons/base/Weapons/rapier_base_20x20.png.import","829","BE954DDA3355A5F042601E60A520B7C82A5FE0AE5888BAF06E12F455A40AAE05"
"assets/equipment_visuals/icons/base/Weapons/short_sword_base_20x20.png","151","D7456AA4065EE2EC15CB713BAA2262C70AC8E304CFD84C9B4ADC3BEF8037C572"
"assets/equipment_visuals/icons/base/Weapons/short_sword_base_20x20.png.import","843","676300F3E5EFC803481D6127C2C58F2A467446568E00F8958A9F46EEF52E84D9"
"assets/equipment_visuals/icons/final/Earth/earth_battle_axe_final_20x20.png","225","395E84F81C531751B560B57E24FB2AA3C7C9FE1C22AE4CEFD24D87CD0EE3D372"
"assets/equipment_visuals/icons/final/Earth/earth_battle_axe_final_20x20.png.import","860","BA0EE01894C489136C0BDFD552FAB5C68A95B81FFEA9A6B4614FAC7203E29716"
"assets/equipment_visuals/icons/final/Earth/earth_battle_helmet_final_20x20.png","260","A7DBFFCCB899423E0CE2B96001496BD381CB8A5AF0EAD2DE6F4E442E9BBF9EF4"
"assets/equipment_visuals/icons/final/Earth/earth_battle_helmet_final_20x20.png.import","870","8CE00EC3CAB6A728047EAB6E58D1EE5E1689A3E6A00A073F6E29E4C86F95CF40"
"assets/equipment_visuals/icons/final/Earth/earth_carved_wood_amulet_final_20x20.png","201","C0D719BC69EBD4A0DB0C28D8BE477E237F32C1B9226978E16161C7A19A9CE014"
"assets/equipment_visuals/icons/final/Earth/earth_carved_wood_amulet_final_20x20.png.import","884","8943214DFEA8564165F197B21EF83612A255B3FCF02C22196C916CEEB45917F7"
"assets/equipment_visuals/icons/final/Earth/earth_chainmail_armor_final_20x20.png","256","A7850A29C039CFB720E4EE9412A1F5E775C4519A389FED4AB39338D47FB26C13"
"assets/equipment_visuals/icons/final/Earth/earth_chainmail_armor_final_20x20.png.import","876","899E62E4D3464626F45F7E0674390D00152A6302FE783E873FDB4CDE7A25F920"
"assets/equipment_visuals/icons/final/Earth/earth_chainmail_pants_final_20x20.png","278","DA36D6C9A4EC553FB35BF5FB39CD01A4843A091957DEE32AEA05E83F5D3A4C20"
"assets/equipment_visuals/icons/final/Earth/earth_chainmail_pants_final_20x20.png.import","876","FA19D2A4FF1183B1DDB876AE2307667E3F573BE2F5CDF8AB9D84A605590E7F0F"
"assets/equipment_visuals/icons/final/Earth/earth_cloth_armor_final_20x20.png","222","E5CA5D193FE7CCE5EF99E800519B0B5E152B8D57307D7156DBA66F7260784E0B"
"assets/equipment_visuals/icons/final/Earth/earth_cloth_armor_final_20x20.png.import","864","B461242C274C3A26C026E212575AEC7EA7700310D0B970D6D469A45920E5A80E"
"assets/equipment_visuals/icons/final/Earth/earth_cloth_pants_final_20x20.png","264","47D4DC875F487EC9C3F779D094DB2526FE8A803723F51ABCC4B6D537C81C0AD0"
"assets/equipment_visuals/icons/final/Earth/earth_cloth_pants_final_20x20.png.import","864","4671DCE20B2D99C9FAD4680BBA091B8A5DA98C58419A42EE9E87EB545C25D177"
"assets/equipment_visuals/icons/final/Earth/earth_dragon_head_helmet_final_20x20.png","347","63CB7DAE585001D6031533C9D3061E443E5E5578AB0E3BF3A9DEF4B974DFA724"
"assets/equipment_visuals/icons/final/Earth/earth_dragon_head_helmet_final_20x20.png.import","884","D65F6A82F43EB484152F12E57526D7E21D98A566444EAD6EFD4ACBE8BA68DB61"
"assets/equipment_visuals/icons/final/Earth/earth_dragon_scale_armor_final_20x20.png","233","1C0E0FF09EE1D69F5C99D243C9F1A3808822A85442C3E28972F6086538551455"
"assets/equipment_visuals/icons/final/Earth/earth_dragon_scale_armor_final_20x20.png.import","885","A1F615796FD04CB337BD99F3B81EB1885DD5F444892F3439E7AB897913F36586"
"assets/equipment_visuals/icons/final/Earth/earth_dragon_scale_legs_final_20x20.png","291","DD47EEE35DF2691BA62ABD8B84C71EBCD52F038C2A62600CFD0520D5642103AD"
"assets/equipment_visuals/icons/final/Earth/earth_dragon_scale_legs_final_20x20.png.import","882","CED5DE6129BB52E6363BB177D2EF2CD9A79F0C7403DD1F3A06A7927FF2E2CB38"
"assets/equipment_visuals/icons/final/Earth/earth_dragon_walk_boots_final_20x20.png","213","CF1254AB255AB430074D73C5EB2DA2543912CC6929F9BA368F47673BFCB37EC5"
"assets/equipment_visuals/icons/final/Earth/earth_dragon_walk_boots_final_20x20.png.import","881","B0EEBEECC4A9CA47C57BA7BD2359F3CDF3BD6B6D9F3B3099A712EA6C2CA82F14"
"assets/equipment_visuals/icons/final/Earth/earth_engraved_copper_ring_final_20x20.png","211","AD063F76FE693E7C626F858BB5AA7823539970107BD03017CEDCBE2E2E09C4DC"
"assets/equipment_visuals/icons/final/Earth/earth_engraved_copper_ring_final_20x20.png.import","891","D8DAFF4CBAD1DACD35E694B23C0CD18B7A15EE04710E3617FB531A05F7300BE2"
"assets/equipment_visuals/icons/final/Earth/earth_great_axe_final_20x20.png","237","FFB1A2EC5D547F2A2DC88D3BADA3DED1A5B0450CBA8B5C345A3E508BA97E19D2"
"assets/equipment_visuals/icons/final/Earth/earth_great_axe_final_20x20.png.import","858","1A88C9B98CEBB30EC1BDB676C500532BB3D9A99FE465AA3CD25F8667A47921E5"
"assets/equipment_visuals/icons/final/Earth/earth_great_sword_final_20x20.png","185","863C9CC35F1387B7D8CCBE17961B9996854CE94E1E7A0FA188C82283392E7B88"
"assets/equipment_visuals/icons/final/Earth/earth_great_sword_final_20x20.png.import","863","D74E8974F8A35F43B1527896D90084678ACAC24909CF4B1176B17BED2F696406"
"assets/equipment_visuals/icons/final/Earth/earth_hand_axe_final_20x20.png","226","4E8C0CD6DBBB4FF0691FBC7B56FB89B20EC2D11534009269F52FE9DFCAFE757B"
"assets/equipment_visuals/icons/final/Earth/earth_hand_axe_final_20x20.png.import","855","71F7F086C52F609A5D653077FEFFC842B67DD17F2025B2BEA20B9A2E8B1A13EA"
"assets/equipment_visuals/icons/final/Earth/earth_heavy_crossbow_final_20x20.png","271","AF985A18BF12CDF168169A0EB884EDB671DBEA30150DD5A1F06752770D7C5B5E"
"assets/equipment_visuals/icons/final/Earth/earth_heavy_crossbow_final_20x20.png.import","872","6A565152BDA09ADCC9680164B8F5672B9F42DE95181C1D01F6106E4248D00329"
"assets/equipment_visuals/icons/final/Earth/earth_hunting_bow_final_20x20.png","190","26F56384CC43F4264AF3D9F6D1705E51617E3403464FBD57C94FB7EA23C3E2DA"
"assets/equipment_visuals/icons/final/Earth/earth_hunting_bow_final_20x20.png.import","864","96B46DAA0ED6828FDD239B32BCCD1179ECA22A2B5ABBA9E76D0246203EFECBE5"
"assets/equipment_visuals/icons/final/Earth/earth_iron_helmet_final_20x20.png","220","C94EBDF49F71B84C00DA079515D7F78E5853E2C2002B5B7E54F15828EC702344"
"assets/equipment_visuals/icons/final/Earth/earth_iron_helmet_final_20x20.png.import","864","5219802BEC575908E769271BD5D57F8C40EC0D4965E6B754D2DF1995FDC15A3E"
"assets/equipment_visuals/icons/final/Earth/earth_iron_toe_boots_final_20x20.png","231","A3B56D047991231E69B69A83729F90E465F447A72AD986F71DED5BEA6A39714E"
"assets/equipment_visuals/icons/final/Earth/earth_iron_toe_boots_final_20x20.png.import","873","E73103307B1A05CDBEF194085257BF4BE0CAB8D6975F63D6EF6403F610B0B8F9"
"assets/equipment_visuals/icons/final/Earth/earth_knight_helmet_final_20x20.png","316","92392A0535CEE2C0ADFEDD5F6B13E8942C432DBF489AEF998B6D471A07620D3D"
"assets/equipment_visuals/icons/final/Earth/earth_knight_helmet_final_20x20.png.import","870","4B27E63D9B075BC7AB0C32482FD8E50F4D398A5669E5ABA377DC913A3482C90F"
"assets/equipment_visuals/icons/final/Earth/earth_leather_armor_final_20x20.png","238","F979CEB22A44AAF88AF6BC9905AE72554A41413E39900D32D9B7F1E338E6738D"
"assets/equipment_visuals/icons/final/Earth/earth_leather_armor_final_20x20.png.import","870","4E64F43A66FFDA1271B9BB30FFBA9451F279E86B8451BA23E9E2B3C9AF19B48B"
"assets/equipment_visuals/icons/final/Earth/earth_leather_boots_final_20x20.png","213","A75C79F48BC6FD201B16EDE1470DDDAC16745B74E6D4ABDBBB9E9B8B4DA3B900"
"assets/equipment_visuals/icons/final/Earth/earth_leather_boots_final_20x20.png.import","870","3FF6232586E9DD4B01CD76CEB23968FF3BAD959797B6D6BE51C35AB21AF0707E"
"assets/equipment_visuals/icons/final/Earth/earth_leather_cap_final_20x20.png","236","C0EF891C11A19CF9759B51DBAE0ED5605473BBFC59E1C88618F06319B0223192"
"assets/equipment_visuals/icons/final/Earth/earth_leather_cap_final_20x20.png.import","864","A74AEFB57BBBB40FF086DB4AE2FE7CEA78BED13EBD71E5D227603C8FBD0338B8"
"assets/equipment_visuals/icons/final/Earth/earth_leather_pants_final_20x20.png","253","5843036D68094D10700C4D4AA9324C8BC9BF2841B6F6BAC0BCB4FA5858F4543C"
"assets/equipment_visuals/icons/final/Earth/earth_leather_pants_final_20x20.png.import","869","7F2036EB196D67F57C7B07ACC441F33FF24A705F25A7106159FAE7BA1E72B5E3"
"assets/equipment_visuals/icons/final/Earth/earth_long_sword_final_20x20.png","176","7B3A0AD51DDAE5335FFB0019FBC0D7E8F296DABADD689B18A9985D02DEB19FAC"
"assets/equipment_visuals/icons/final/Earth/earth_long_sword_final_20x20.png.import","861","F6F9FB8FD5DFDD4C61E3746EBC1F9937069938BCBB34A3DFFDCC9738396BBB86"
"assets/equipment_visuals/icons/final/Earth/earth_longbow_final_20x20.png","245","9026D1AAAED691CE2EA0D071BAEF4D7A5F2CF00BE864BAAA3221ED562D1D72B1"
"assets/equipment_visuals/icons/final/Earth/earth_longbow_final_20x20.png.import","852","6F396F9B9F996864B64364AB9D5A5393660DC66A5A9C49EB0049F52D7682C3D5"
"assets/equipment_visuals/icons/final/Earth/earth_plate_armor_final_20x20.png","219","4B43188E8E6536A62C8FCA8AADEF5D7B85BEEF69002C6021FC7337D34B4BB20D"
"assets/equipment_visuals/icons/final/Earth/earth_plate_armor_final_20x20.png.import","863","27FFF2A45BA2B59D305E56D289FE74545D870451EAC2E4569AE4543057DF7A7E"
"assets/equipment_visuals/icons/final/Earth/earth_plate_greaves_final_20x20.png","272","AD518EDC89DEC01E6D5E0E15AD5195C355B7372A2C32113F9D015EB9615AD4C1"
"assets/equipment_visuals/icons/final/Earth/earth_plate_greaves_final_20x20.png.import","870","20C11CFDA838E70FF1307BA7A2CE9A9D6055F5DD6FA242DA3D38B2D1B3506203"
"assets/equipment_visuals/icons/final/Earth/earth_rapier_final_20x20.png","221","4D0E7C0357853B6CA175380947C95EF66323634FBBD8DA96292B6BAC5324A56C"
"assets/equipment_visuals/icons/final/Earth/earth_rapier_final_20x20.png.import","849","85CB0ABA52149E6DCABF125E72527E018685FA785A6CAC1B475DAA73D3E87056"
"assets/equipment_visuals/icons/final/Earth/earth_sacred_relic_final_20x20.png","203","FC2A7D90984F0ADA012E69AE799BBCED15C8E66FBA0B1076FAA0BB1D38A115DC"
"assets/equipment_visuals/icons/final/Earth/earth_sacred_relic_final_20x20.png.import","867","3C5998764DCA4EA83B02760FF3AB5C8AC5EAA358FAFDC39FFF0D875BD5B28782"
"assets/equipment_visuals/icons/final/Earth/earth_short_sword_final_20x20.png","181","156EC8DC343721853CD6C6E35E9CE9EF2C4AE553DB53CD40B9D1062BF70455B9"
"assets/equipment_visuals/icons/final/Earth/earth_short_sword_final_20x20.png.import","864","1997737990577E7A3893B06786E23B1D7F57B152264340996F247C67C2293CC5"
"assets/equipment_visuals/icons/final/Earth/earth_silver_badge_final_20x20.png","230","2B230C89349C6D322BCC04C1AC0814457B7EEE5A6C4955BD453003EEB43B8989"
"assets/equipment_visuals/icons/final/Earth/earth_silver_badge_final_20x20.png.import","867","6A736718D43E190A9A2FF089B9220AFFD4646C5C02461C5A3B70FFA807893216"
"assets/equipment_visuals/icons/final/Earth/earth_straw_sandals_final_20x20.png","258","F217398353A4BFB40187FD32132C7C8FC5A8D5AACEBFABD383AE24AAF8BCD6F7"
"assets/equipment_visuals/icons/final/Earth/earth_straw_sandals_final_20x20.png.import","870","2A41AC1FC80CB6AADDD0EB07C356AA26E756634786420ECE643A8E1D2B4EEE8D"
"assets/equipment_visuals/icons/final/Earth/earth_whisper_orb_final_20x20.png","220","70347C04250D0BA7D17B407B5F9329C0925EC948C0D312D5D8272D52CFBB0C68"
"assets/equipment_visuals/icons/final/Earth/earth_whisper_orb_final_20x20.png.import","864","35D5866E7CD93A1A80AC041EC41DEAD566123DC789298553CC930AFD3964380E"
"assets/equipment_visuals/icons/final/Earth/earth_wind_boots_final_20x20.png","245","58F9F6465DC37BD00635DA15E0F24766904258969F3CF53CFB51A0FCA2EBEF05"
"assets/equipment_visuals/icons/final/Earth/earth_wind_boots_final_20x20.png.import","861","FD9C7957D15886A993561739621028E7047A9B9DF1C04B0D0BC19811FFAB3ECA"
"assets/equipment_visuals/icons/final/Fire/fire_battle_axe_final_20x20.png","233","965F84160B94BB36530BF7BFF9A5F56ADB0DA527D06A0AA7C47F92696A849E90"
"assets/equipment_visuals/icons/final/Fire/fire_battle_axe_final_20x20.png.import","857","F2D3265C66FE97DAC690EF7660CCFB23D897E99F6F9AE50655D92F727E158DFF"
"assets/equipment_visuals/icons/final/Fire/fire_battle_helmet_final_20x20.png","274","FEB1A14CF5EC0C54A955CFDB114C127160513CC6FF4BAED4508CDD33091900CC"
"assets/equipment_visuals/icons/final/Fire/fire_battle_helmet_final_20x20.png.import","866","C495E4AA3A616D3103289749285FE2A887D8138880AAADBB5819A40DED140932"
"assets/equipment_visuals/icons/final/Fire/fire_carved_wood_amulet_final_20x20.png","193","6D36E96DCC9683B0DAA13882FE98A9F406907EC1FDE1CC77E61ED9B70F86B634"
"assets/equipment_visuals/icons/final/Fire/fire_carved_wood_amulet_final_20x20.png.import","881","A03380250F78F68DE4D5D92A3B38F269BCF25C12ED346117D3908FD30BC1FFCD"
"assets/equipment_visuals/icons/final/Fire/fire_chainmail_armor_final_20x20.png","270","5D4B333AD5088B263F1252E43CFC6272C1C8D4E08C21C335E42B2B5D9DE8886D"
"assets/equipment_visuals/icons/final/Fire/fire_chainmail_armor_final_20x20.png.import","872","0F530FE2A09206A2A31AB7AE308B7C4EAD553D83B0DF31AA298F7845F8299772"
"assets/equipment_visuals/icons/final/Fire/fire_chainmail_pants_final_20x20.png","296","3A50D74B95341A23BCC0FB6B7CEAA07BED7A1FFA8ADD38515D4DEB40FB49267F"
"assets/equipment_visuals/icons/final/Fire/fire_chainmail_pants_final_20x20.png.import","872","F36E2036C2E765FC76CD8ED664E2BE61FB579EA2A6A512EB6D83FBF62AFB7E44"
"assets/equipment_visuals/icons/final/Fire/fire_cloth_armor_final_20x20.png","225","AAC02E8038D3A811171CD9AC6954B10C08C15120133E50BFAA8734577660D578"
"assets/equipment_visuals/icons/final/Fire/fire_cloth_armor_final_20x20.png.import","859","1B0CEBEA0354B307B85826C6238FB63515AC7ACF2C93886D6E104B43DBA360CF"
"assets/equipment_visuals/icons/final/Fire/fire_cloth_pants_final_20x20.png","279","698AD06100EC322DB97820A54F597A91F38E89AABBD59E985EAEC7F8B201D774"
"assets/equipment_visuals/icons/final/Fire/fire_cloth_pants_final_20x20.png.import","860","322A21744844CD3B6C5F4E96008513AC31315449E6C02DFFE7A8AEC0BCA15B63"
"assets/equipment_visuals/icons/final/Fire/fire_dragon_head_helmet_final_20x20.png","333","8E0F8A3714679C122851DBAB468418C792B7CA51766964C83125B8E13EDEE318"
"assets/equipment_visuals/icons/final/Fire/fire_dragon_head_helmet_final_20x20.png.import","881","DC54487F2BFB740013CDEB64F4A322A8A496E3DCEB9AB958DFCF8194C9D9D360"
"assets/equipment_visuals/icons/final/Fire/fire_dragon_scale_armor_final_20x20.png","255","EC12E3C20BF3ABB807BBD9CC9FEDEB595E5954925527385732A8A340E622A75B"
"assets/equipment_visuals/icons/final/Fire/fire_dragon_scale_armor_final_20x20.png.import","881","1BEE5F9D03F4CA7FE0A50B91FE2547D65AF776B6C7620C06E1791F515B7FAB86"
"assets/equipment_visuals/icons/final/Fire/fire_dragon_scale_legs_final_20x20.png","305","057505BF86D6932EF596370597791344D74FEE53C29F69696275AD8AFE01F0E9"
"assets/equipment_visuals/icons/final/Fire/fire_dragon_scale_legs_final_20x20.png.import","878","1884FDBF4EEC7416999D5DBA162580F59AB2CD5A25B1052DA29EACFCF7F49061"
"assets/equipment_visuals/icons/final/Fire/fire_dragon_walk_boots_final_20x20.png","223","C1DBADCB41412684EABDBC76F2DACA7E98115A2C613820E021C15012F966BEE5"
"assets/equipment_visuals/icons/final/Fire/fire_dragon_walk_boots_final_20x20.png.import","878","932B6460AA0C4B2675780D14019E49E1CA14135BA259DBA6B8BB618D492FBEA8"
"assets/equipment_visuals/icons/final/Fire/fire_engraved_copper_ring_final_20x20.png","217","E588D560A9AEFA4C69A70AE526422408E668B0FCF346E0A6695A810039D4FEE5"
"assets/equipment_visuals/icons/final/Fire/fire_engraved_copper_ring_final_20x20.png.import","887","331B775E4251E449C42860FD55F3761FED6706E87D9EEC8236AE8C3163C920F9"
"assets/equipment_visuals/icons/final/Fire/fire_great_axe_final_20x20.png","243","E0A5D204866809CAAE5E1EA68D356FC508F46E766A2996DB2D91A6055B888818"
"assets/equipment_visuals/icons/final/Fire/fire_great_axe_final_20x20.png.import","854","BE6154A0BC4692E4F2FA867A4A5779999BF4CEDB258074AF790A58F3CC397D3E"
"assets/equipment_visuals/icons/final/Fire/fire_great_sword_final_20x20.png","195","49053100DEBBA88699DE179311B06C6523E58E88C069E3159D1A379D486F9A3D"
"assets/equipment_visuals/icons/final/Fire/fire_great_sword_final_20x20.png.import","860","AD7BF7123785B44313758C506002D7A31A2DF1A620613C8DF1CEA8F04C165C3F"
"assets/equipment_visuals/icons/final/Fire/fire_hand_axe_final_20x20.png","238","D4FC2E27F860E20DBBABBFE5196B78433767C49B673FA34DF83C463DCC5E2D41"
"assets/equipment_visuals/icons/final/Fire/fire_hand_axe_final_20x20.png.import","850","134B1F231786A2F019795859401170A76286F2DED1EDFD5B30F28FB31E03AD41"
"assets/equipment_visuals/icons/final/Fire/fire_heavy_crossbow_final_20x20.png","263","A0BEA1B01F75DF3129277394D98D34C653596376D14DB8723FA8CA365C217757"
"assets/equipment_visuals/icons/final/Fire/fire_heavy_crossbow_final_20x20.png.import","868","B288AE4DC0BD754E443250E8148594C317833B0A0D7AC99C588D72B94625A2D4"
"assets/equipment_visuals/icons/final/Fire/fire_hunting_bow_final_20x20.png","196","11A3F293AA21BA5982C3830E85B231322724371CF345F7E48851D34CB19F7B9B"
"assets/equipment_visuals/icons/final/Fire/fire_hunting_bow_final_20x20.png.import","860","AD3B8DC555C45708DFAA153C578C070541D737B6447C3FC4B27FDE003523ADE5"
"assets/equipment_visuals/icons/final/Fire/fire_iron_helmet_final_20x20.png","231","36F1C303ACB12AA2F4A397F383BFEFED07502C0649D9CF118897E9B75A37ECCA"
"assets/equipment_visuals/icons/final/Fire/fire_iron_helmet_final_20x20.png.import","860","2F95D2955BF104247585E26EB8FBAA7D84C3D7179C568DD1D92E91D1B9A284CF"
"assets/equipment_visuals/icons/final/Fire/fire_iron_toe_boots_final_20x20.png","243","5CB33C16C8B888983D8E85408F797AFB6DB9AA44188710DD8CD82C68B21A556D"
"assets/equipment_visuals/icons/final/Fire/fire_iron_toe_boots_final_20x20.png.import","869","ECE973671263B6F7B5F8108F5A21C1C21B7910D0421416475C9B6324F83F9814"
"assets/equipment_visuals/icons/final/Fire/fire_knight_helmet_final_20x20.png","310","0C97FC19661D9B2028B8F355EB7274C1EBD4AC7299DCD829A60E1BC47DACC90B"
"assets/equipment_visuals/icons/final/Fire/fire_knight_helmet_final_20x20.png.import","865","179530C64484C09A719D63A1976571F648240AD7B6848073BA26ACB463A10AF8"
"assets/equipment_visuals/icons/final/Fire/fire_leather_armor_final_20x20.png","265","4EDCE51DD764DB3F6F4DAEFA0103B183208C7C92F8C9D97290B92216C0F73EAA"
"assets/equipment_visuals/icons/final/Fire/fire_leather_armor_final_20x20.png.import","866","D61DC4C30E5BC6B17F9F908B7B5790460270906430419499BD267D1BE1FF370B"
"assets/equipment_visuals/icons/final/Fire/fire_leather_boots_final_20x20.png","223","2B3FC3232D1D315BFFB64ED43B93DFF3BB7082B0E842A215176FE20868CBB2C5"
"assets/equipment_visuals/icons/final/Fire/fire_leather_boots_final_20x20.png.import","866","8E003197B630F1D6805C31A03B2A175FE8137052F0FEF3C5CBAA42694C320110"
"assets/equipment_visuals/icons/final/Fire/fire_leather_cap_final_20x20.png","236","E1C8E2FB39255AFA47DDFA244B290809EF779C07966D53F988C377F56659FF03"
"assets/equipment_visuals/icons/final/Fire/fire_leather_cap_final_20x20.png.import","860","0CAEEC98D46A4B447B96F239AD50BDF43A7A328C87B428AE767A2BBBB6391139"
"assets/equipment_visuals/icons/final/Fire/fire_leather_pants_final_20x20.png","268","B04F1311BAE6A2C6A6CB8EF9494259530F8033A2895B3BF34B633EBC2EE72DCA"
"assets/equipment_visuals/icons/final/Fire/fire_leather_pants_final_20x20.png.import","866","36B3522EE574059ECB279EB0DCC8DAE0F8AA0AC3142C92FA61A0772D066ED594"
"assets/equipment_visuals/icons/final/Fire/fire_long_sword_final_20x20.png","184","92C5E422B43926DA97755851CF8720012D2EAED29AF8159D1770514992B2D925"
"assets/equipment_visuals/icons/final/Fire/fire_long_sword_final_20x20.png.import","857","67106C297A5FB401C40F3E1812F304B9807B90C3E16463167FAF0FDD935D6D14"
"assets/equipment_visuals/icons/final/Fire/fire_longbow_final_20x20.png","239","21FF1E26AC7A40E4A08C772922847AD5D10EBEAC10790DA85830296B60F629BB"
"assets/equipment_visuals/icons/final/Fire/fire_longbow_final_20x20.png.import","848","F22D4B7D198498C32BD6F803AF19FC5467912D69A1816C07F1A6C9FFD61D4E73"
"assets/equipment_visuals/icons/final/Fire/fire_plate_armor_final_20x20.png","236","C83EFD478ECC3617EC23DE833A3A242D9E377888D37F48FF2333A6D5E00B9925"
"assets/equipment_visuals/icons/final/Fire/fire_plate_armor_final_20x20.png.import","860","4D0684F0548F5EA44259D957797CDED9781205B3D676F20B6BE75F4027AFE6C4"
"assets/equipment_visuals/icons/final/Fire/fire_plate_greaves_final_20x20.png","283","D731899115ACDC3FE0F1385CC33B39CCFDE531F3EC24C3AE31D9373F93604177"
"assets/equipment_visuals/icons/final/Fire/fire_plate_greaves_final_20x20.png.import","866","880D3BF70884130EEF15268888ECED87F98D3A178A407131B318306962D67AC3"
"assets/equipment_visuals/icons/final/Fire/fire_rapier_final_20x20.png","225","8C38C0BA4139F29C0BEC29EF41B225F8B15D6AA3659B93507FE1BBEB75805A66"
"assets/equipment_visuals/icons/final/Fire/fire_rapier_final_20x20.png.import","845","FDE325098232B65FADA9ADE5AF1F9337DD1130F87D8ABF0F9B563B38522F987C"
"assets/equipment_visuals/icons/final/Fire/fire_sacred_relic_final_20x20.png","209","21A945776F94EEEDEE3169DD60E0BC936536804CAC0543A681902DC6A5C1599A"
"assets/equipment_visuals/icons/final/Fire/fire_sacred_relic_final_20x20.png.import","863","E72D975746BF3684624E27878E080519912A72B946DB72A5B4B66001A352F397"
"assets/equipment_visuals/icons/final/Fire/fire_short_sword_final_20x20.png","183","49CC78701B7AB0006A1241BB01E96E5529CE72FF6F02B8075970D6A0EC55A781"
"assets/equipment_visuals/icons/final/Fire/fire_short_sword_final_20x20.png.import","860","55F5E42795687B29A978A989BFCB7B2DB4F12A140200400DC98DB0EB9A042B77"
"assets/equipment_visuals/icons/final/Fire/fire_silver_badge_final_20x20.png","226","04ECC7EAE1B2F874EE23CA1031BC73F7DD02316DD2D27083E36AA503C8560852"
"assets/equipment_visuals/icons/final/Fire/fire_silver_badge_final_20x20.png.import","863","14EB425325344F977736803C6C4EC7D807A75F3B6FB049E4A463A73D7B616BC1"
"assets/equipment_visuals/icons/final/Fire/fire_straw_sandals_final_20x20.png","267","5B849F8DD3FF86A151E39DAB081B703E84DEA79DBE5C9FA97AB6C12AE539D584"
"assets/equipment_visuals/icons/final/Fire/fire_straw_sandals_final_20x20.png.import","866","1A1D597EB257FBF2124B4C65C727F72F665ADA37ED5D20A6A2569B7441A3B829"
"assets/equipment_visuals/icons/final/Fire/fire_whisper_orb_final_20x20.png","227","6AE20EE8A8880AEA4F52248C5A5FD9FCBBDC01E0B976064B5938BE5052A33582"
"assets/equipment_visuals/icons/final/Fire/fire_whisper_orb_final_20x20.png.import","860","5A92886F5459B4C439DBDBA0FB8B9DA6BABF9E4D4549B1B46B81E4BC0048AE1B"
"assets/equipment_visuals/icons/final/Fire/fire_wind_boots_final_20x20.png","252","D27407743FE3C72AB0A489592AE15644CEC8A3DC90B5EF1F1C60559B59C053E0"
"assets/equipment_visuals/icons/final/Fire/fire_wind_boots_final_20x20.png.import","857","16B5560251394DA3C4F244409D127932DA661A38FC350CC1D5E35565856B5837"
"assets/equipment_visuals/icons/final/Metal/metal_battle_axe_final_20x20.png","235","AF64627629C5B2B973BA98D1DC77E42C4B42BCBF8437BB526E1CEBB832D34E69"
"assets/equipment_visuals/icons/final/Metal/metal_battle_axe_final_20x20.png.import","861","777881A9A7D43FBF056BB0A608DE9F3632B6BA648B1BC63B43E95A2DB0DBF463"
"assets/equipment_visuals/icons/final/Metal/metal_battle_helmet_final_20x20.png","289","DF3EDC4B5E22B070D61C1D605B7FC907B6707567B970C7AB617F74B70AF3C786"
"assets/equipment_visuals/icons/final/Metal/metal_battle_helmet_final_20x20.png.import","870","AEED082FFDD1BF9D801E8BF8BDF64B0983FB29EB0B9EFADF12AF01492CB1A122"
"assets/equipment_visuals/icons/final/Metal/metal_carved_wood_amulet_final_20x20.png","203","89A5F17C224E2EFD69644CC98938440A37D4C8C6DC95403A2F9156CF7846B3C7"
"assets/equipment_visuals/icons/final/Metal/metal_carved_wood_amulet_final_20x20.png.import","885","D227E458F8103255F8B5AE36BF77D8BC12E9DA18D44E7C9E3D3EB55AD0A0E15A"
"assets/equipment_visuals/icons/final/Metal/metal_chainmail_armor_final_20x20.png","266","B410CB5CE45BBD92A7A137C798A35A19713C2F04AADA9C76CB64EBCC8B7B73EB"
"assets/equipment_visuals/icons/final/Metal/metal_chainmail_armor_final_20x20.png.import","876","BD20BB0BB9778C46A4638853C357263E892A38B31EC47E1475AC214A2BFD05F2"
"assets/equipment_visuals/icons/final/Metal/metal_chainmail_pants_final_20x20.png","284","D5BBAC81D07F4DB99EEC5FEBF2AC229FA5A1BCFEB729E84DCBAD2745ED8B3ECE"
"assets/equipment_visuals/icons/final/Metal/metal_chainmail_pants_final_20x20.png.import","876","4477186A27F294547325DA66EAC19ED7AC468B35E5D5F355DB5FF4C93C1CBF39"
"assets/equipment_visuals/icons/final/Metal/metal_cloth_armor_final_20x20.png","237","2C418798A0ACCF7CF4522788921425C5BB83584337853926FC4E41F4ECDC46C1"
"assets/equipment_visuals/icons/final/Metal/metal_cloth_armor_final_20x20.png.import","863","CE713AC1A36A3F3767A6120E1BD70276DAFB08C6B53563290D2B0EA6A3C894C3"
"assets/equipment_visuals/icons/final/Metal/metal_cloth_pants_final_20x20.png","270","934CF81C523F222939B2CECB4355032431D1F894C4A3627EB5922E6955461292"
"assets/equipment_visuals/icons/final/Metal/metal_cloth_pants_final_20x20.png.import","864","04850EEF891A7C58BA6A2A0126D5DA802DFBC26EC0059AE8DA0BAAFCA2356AB1"
"assets/equipment_visuals/icons/final/Metal/metal_dragon_head_helmet_final_20x20.png","342","CAEA0EC985374E2DA8924BE0F117D36788BB2C9C4310A8BF08FDD7B2826F0E35"
"assets/equipment_visuals/icons/final/Metal/metal_dragon_head_helmet_final_20x20.png.import","885","BD7D01BAA480C4A753E4899B9B8AAB9AF505043F0ED02449A4C414276C2BDF9A"
"assets/equipment_visuals/icons/final/Metal/metal_dragon_scale_armor_final_20x20.png","236","B7273D020E7EAD2968BDA6D89E43CC4699FC78A13AD7A0FA3B6B0BB2E35A043C"
"assets/equipment_visuals/icons/final/Metal/metal_dragon_scale_armor_final_20x20.png.import","885","39D90AEC1403E210D68DCCC4EA5A85D801992F63B8AE50BF76B81A5FA4D172FD"
"assets/equipment_visuals/icons/final/Metal/metal_dragon_scale_legs_final_20x20.png","297","0586821BA63CFC41777FDF6425E365C9A830043D7DBAAD948616D0185AEA0EC1"
"assets/equipment_visuals/icons/final/Metal/metal_dragon_scale_legs_final_20x20.png.import","882","7455A04C798A123211CC4D1F2BD27305E3F695348FC83EF54C2F2CA32347E791"
"assets/equipment_visuals/icons/final/Metal/metal_dragon_walk_boots_final_20x20.png","203","CE12949B31D33FAFA76B4D29811837719C10780DB3C61DDAC66DF696ABEA62BA"
"assets/equipment_visuals/icons/final/Metal/metal_dragon_walk_boots_final_20x20.png.import","882","4075743488A6A3E18711362E114DE1AAB9D01A50ABE572B2040B62146860AF4F"
"assets/equipment_visuals/icons/final/Metal/metal_engraved_copper_ring_final_20x20.png","220","860ED8BB8BAE2FCE94C5C957BD382BFF96B727EF73A881412B7D18A7237E246F"
"assets/equipment_visuals/icons/final/Metal/metal_engraved_copper_ring_final_20x20.png.import","891","2DECD68B9844A5CD707A13BDA9CE7F069FBE41AD3BF05B8499A3BC67588C7F88"
"assets/equipment_visuals/icons/final/Metal/metal_great_axe_final_20x20.png","246","79CB714003D9EB442CADF2D063C0D55CFBCA30EBE52AE850774CD6A024ABB0C7"
"assets/equipment_visuals/icons/final/Metal/metal_great_axe_final_20x20.png.import","858","D5BD3F8C1F867C519B610ABDA2103C0FA5E5C1D6599FC0F1771BF27569906C03"
"assets/equipment_visuals/icons/final/Metal/metal_great_sword_final_20x20.png","190","6FE272B7CCEB7005D2A92B22E4D036ECA8BE3ECECDF1146BF2149062898491C0"
"assets/equipment_visuals/icons/final/Metal/metal_great_sword_final_20x20.png.import","864","E48A40F42D61EA24782667B1F7280997C42ED587EB09AC62083F105FC297124D"
"assets/equipment_visuals/icons/final/Metal/metal_hand_axe_final_20x20.png","224","4E021663A987D3CE4A3A6778148D8447E1380C2A2C7CF1DF7D444BAEE4AC6724"
"assets/equipment_visuals/icons/final/Metal/metal_hand_axe_final_20x20.png.import","854","D83F25D631DE7AAC2C7800AFBCD978BED1B65EB763E48F0456C7B876A9BEB350"
"assets/equipment_visuals/icons/final/Metal/metal_heavy_crossbow_final_20x20.png","268","06D785BAFBDDF7B737F9F4C7808A1F11D9C78DA486C19A3CA579EA74699DCDAB"
"assets/equipment_visuals/icons/final/Metal/metal_heavy_crossbow_final_20x20.png.import","873","6FDC23F7E3575BD04C0B5A5535B55C6E7C13DB4340F04FDE5BF0EC232A534AE4"
"assets/equipment_visuals/icons/final/Metal/metal_hunting_bow_final_20x20.png","195","DCB02E33B5039FE0188D78BAF087E2F6E94ED2430ACD06C513D5032A816EA29A"
"assets/equipment_visuals/icons/final/Metal/metal_hunting_bow_final_20x20.png.import","864","4A18024560C87F84AE4BBC26BDC98B43E27B9300161150BD073E76839F33A6A0"
"assets/equipment_visuals/icons/final/Metal/metal_iron_helmet_final_20x20.png","225","8E810351837173DB12F4D78D4FF7BDA6B8C36218F7EB99E8E405120B01D45A70"
"assets/equipment_visuals/icons/final/Metal/metal_iron_helmet_final_20x20.png.import","864","2F43C94335BBDECD83B09DC60CB0730844085E4F3F630E3BA0E53BE59C90455E"
"assets/equipment_visuals/icons/final/Metal/metal_iron_toe_boots_final_20x20.png","223","8429167D2044FC9F638D123761D00CEB1C5193A967933F9A4AE0F242263E0743"
"assets/equipment_visuals/icons/final/Metal/metal_iron_toe_boots_final_20x20.png.import","873","2AEB52542D3BAACF59987D17E628ABCFACDAE8F7F2728DCC28C7DFD9D29FAE23"
"assets/equipment_visuals/icons/final/Metal/metal_knight_helmet_final_20x20.png","315","EFA363F4D13949C231A30583369887FDC2B869818E2B6F6FB617E27594F42950"
"assets/equipment_visuals/icons/final/Metal/metal_knight_helmet_final_20x20.png.import","870","5D1A6165FDA6E16D959599D2B1AB6E48B13EF20BED021F5AE7ACA98BADD9D33C"
"assets/equipment_visuals/icons/final/Metal/metal_leather_armor_final_20x20.png","243","2087FBF7500DE66D74485F48B5AB494B6A46CC76206ADA27179F2862E81B092E"
"assets/equipment_visuals/icons/final/Metal/metal_leather_armor_final_20x20.png.import","870","2DD4E828D7F0DEFC3D1232599615BC26A8971F3FD8F94DCAF9095472ADC7DA2F"
"assets/equipment_visuals/icons/final/Metal/metal_leather_boots_final_20x20.png","204","B5389336C771146568E702CA2A8E932266BEA9EFBBAD8B4791D45702A268AAD5"
"assets/equipment_visuals/icons/final/Metal/metal_leather_boots_final_20x20.png.import","869","BECE82029144D2156AC50AD8EAC5A105D740F6CF9EFACE62470159B336A22A15"
"assets/equipment_visuals/icons/final/Metal/metal_leather_cap_final_20x20.png","231","F84C0891347802A8CCA0BA07A5306EDC921531B05DD7955A17775EA27E77A8C6"
"assets/equipment_visuals/icons/final/Metal/metal_leather_cap_final_20x20.png.import","864","884E54C860205C9B7632ABBF1077844BC359C23F1BF1C6E636D085707320A023"
"assets/equipment_visuals/icons/final/Metal/metal_leather_pants_final_20x20.png","259","FCAAC340FA5AAD7C35196627E6FDB4F9EA09E9C69B60562374CF4473847CDD15"
"assets/equipment_visuals/icons/final/Metal/metal_leather_pants_final_20x20.png.import","870","F0175524EE9B8E30B6F0F403A6F20F30948FCA76A299A3907177C8317B75BC3E"
"assets/equipment_visuals/icons/final/Metal/metal_long_sword_final_20x20.png","184","76E74BCCDC9761260741CE90A1706CD3E6CA310CD5D82D9040014161D35F2C72"
"assets/equipment_visuals/icons/final/Metal/metal_long_sword_final_20x20.png.import","861","D5FDF24E8FA529C784769CB4519EF7B114026F85A63D15CCEF42410367354E3C"
"assets/equipment_visuals/icons/final/Metal/metal_longbow_final_20x20.png","244","8D3DA137A8935D6EE7A9ED95562940DA83DBFAC440A07D00A4AAC310497C201A"
"assets/equipment_visuals/icons/final/Metal/metal_longbow_final_20x20.png.import","851","824E03CF9D1183D0A3A0B73267EB1D3718C13669982197CE9D60B6D9A0740448"
"assets/equipment_visuals/icons/final/Metal/metal_plate_armor_final_20x20.png","222","0D7D8FC6BB25CFF2EF721399CA474ED5B160387A33EFD3D5F8A1F98A80E1F4C2"
"assets/equipment_visuals/icons/final/Metal/metal_plate_armor_final_20x20.png.import","863","D5A398560157FFAFEB6FE647B7BAE7A2308935EB6A4DBE01FC185E2EE2F3CD51"
"assets/equipment_visuals/icons/final/Metal/metal_plate_greaves_final_20x20.png","280","1AA4985C883B61D2EC1D9ADE7C945CD69AFA0A4C05225C592BF782AD896A0347"
"assets/equipment_visuals/icons/final/Metal/metal_plate_greaves_final_20x20.png.import","869","83C6236CEC6C9F2176C2C3EC4E72EB337380808310C0B85C36DBA8700553B199"
"assets/equipment_visuals/icons/final/Metal/metal_rapier_final_20x20.png","232","AEF92910E210A30BAA0069880F6B61BD6BD95F9E8FF93F4E97C16B23F86ED436"
"assets/equipment_visuals/icons/final/Metal/metal_rapier_final_20x20.png.import","849","EEA8691122C7F00C55C25DD0D4539C0607E32230B2E79A03B8D8E4EB2ECB5216"
"assets/equipment_visuals/icons/final/Metal/metal_sacred_relic_final_20x20.png","214","D5317372F89E4CA4FD6EC2A853C359DB6AA8358CC9DD0F4E733821DD7CEF080E"
"assets/equipment_visuals/icons/final/Metal/metal_sacred_relic_final_20x20.png.import","866","1428016DCBBBB8F1CEB59D9B4B3BD4D2032B5639CF5DC5CCD5522FBC8303657B"
"assets/equipment_visuals/icons/final/Metal/metal_short_sword_final_20x20.png","183","9744774A925C4A9AB528AF45A414EB22E254B823702B5FEB53F1F1EE17DC9D8E"
"assets/equipment_visuals/icons/final/Metal/metal_short_sword_final_20x20.png.import","864","8A1595429FC33E1B15F27E75AEEFFBEC506185B7065A026CC033C9A1074A7CD9"
"assets/equipment_visuals/icons/final/Metal/metal_silver_badge_final_20x20.png","235","EA04B3C077395500081250C2F98EAE4F4243C30BFB4888A478DF59B24F494108"
"assets/equipment_visuals/icons/final/Metal/metal_silver_badge_final_20x20.png.import","866","5B5F305221D665BA1E1F25F5F16387E99D0A4A3EAED9D7766B9517D5780650D1"
"assets/equipment_visuals/icons/final/Metal/metal_straw_sandals_final_20x20.png","248","44FAAEB7B28EB9F9D0ED5D19CBB64740FC06BC26853D13D4551CC10AC53A44C8"
"assets/equipment_visuals/icons/final/Metal/metal_straw_sandals_final_20x20.png.import","869","A91F54682450B8EDDB238B26E9D96D80714A37A37B4D3FB187A504F2E5177180"
"assets/equipment_visuals/icons/final/Metal/metal_whisper_orb_final_20x20.png","224","43787FCC6AC85E7076DFD9734B66DB587B0223EF973D382636EE86789DA122D3"
"assets/equipment_visuals/icons/final/Metal/metal_whisper_orb_final_20x20.png.import","864","BCEBA3DB3A17A82C4955AF56DF4009E32772F159F7EA3BDD5AD4A7FBAC143080"
"assets/equipment_visuals/icons/final/Metal/metal_wind_boots_final_20x20.png","236","BEFB8DBD1728D0962BC32AEF90E6B34DA625D2803E1CC838C6B926B038450254"
"assets/equipment_visuals/icons/final/Metal/metal_wind_boots_final_20x20.png.import","860","DE5B4088D29C5A2AA82433467F22B502D25E86C930993C917FA353C28F5203FE"
"assets/equipment_visuals/icons/final/Per_Base_Contact_Sheets/battle_axe_five_elements_8x.png","3133","85DC8BB52FF43A7AF8A0E42359C45C0AA02AE596CFEE09BE3010C01C755B44B4"
"assets/equipment_visuals/icons/final/Per_Base_Contact_Sheets/battle_axe_five_elements_8x.png.import","876","BE03C23F27E73D1C2332D1232D9B44266120874F7A0FD695B266B9EA910DD275"
"assets/equipment_visuals/icons/final/Per_Base_Contact_Sheets/battle_helmet_five_elements_8x.png","3149","0F5CE5C1F8603012EBA4E5E3EB192E444CBBCF58932425BC328F3A142DDFAE28"
"assets/equipment_visuals/icons/final/Per_Base_Contact_Sheets/battle_helmet_five_elements_8x.png.import","884","9D5444A11DD754B15EAABCE7447456475CD208F7EF986895F7CDD0F65A962F95"
"assets/equipment_visuals/icons/final/Per_Base_Contact_Sheets/carved_wood_amulet_five_elements_8x.png","2992","47C7C70502387E7772E4EE12CB7BFDDF81D495DE5C0C628A6D1F9FE20C821E51"
"assets/equipment_visuals/icons/final/Per_Base_Contact_Sheets/carved_wood_amulet_five_elements_8x.png.import","899","6FB031985BA36F2DA2466D4F9095FA704BF9663C5BF3BE150E7BFA2D98E9B7C0"
"assets/equipment_visuals/icons/final/Per_Base_Contact_Sheets/chainmail_armor_five_elements_8x.png","3134","F58BF112B545B48AD7C9D6444BCE8221CA6E279614C9DF8A651CE813E538C6AF"
"assets/equipment_visuals/icons/final/Per_Base_Contact_Sheets/chainmail_armor_five_elements_8x.png.import","891","45D761E05F34441E097000C5CE32F24B238771CC58067B46F8D50BB84FDD0829"
"assets/equipment_visuals/icons/final/Per_Base_Contact_Sheets/chainmail_pants_five_elements_8x.png","3177","ADC7D44CD5E76F7AB6C10C3CA2C189F3E3B41388C9D62A94557178EADFC0FA02"
"assets/equipment_visuals/icons/final/Per_Base_Contact_Sheets/chainmail_pants_five_elements_8x.png.import","891","6114F24DEB82BD00CF5E7E738D6919C3244EF93D356F30BC7ABA2FA3F1CD75DF"
"assets/equipment_visuals/icons/final/Per_Base_Contact_Sheets/cloth_armor_five_elements_8x.png","3050","9075D52EE0E9EF20EC3B91840B95005570535EBA795DD226DD76C07DFA2B392E"
"assets/equipment_visuals/icons/final/Per_Base_Contact_Sheets/cloth_armor_five_elements_8x.png.import","879","A163AE10C6F667114564D7E6DD60FFF5CA9C5F15ACF12E2148032E73700832B9"
"assets/equipment_visuals/icons/final/Per_Base_Contact_Sheets/cloth_pants_five_elements_8x.png","3119","60A9BF21605E0BEA94AA90433DA353412CACD5B757BAFC17784C6A41C8B881BA"
"assets/equipment_visuals/icons/final/Per_Base_Contact_Sheets/cloth_pants_five_elements_8x.png.import","879","3842B69074871C9CE35BF3BD73B133AE687B2929A67EA66F3196F65341AE69AE"
"assets/equipment_visuals/icons/final/Per_Base_Contact_Sheets/dragon_head_helmet_five_elements_8x.png","3072","8DA212197A6A46205F42A32ED03B9033305DF9A917F9969BADEA237FCF7AB84E"
"assets/equipment_visuals/icons/final/Per_Base_Contact_Sheets/dragon_head_helmet_five_elements_8x.png.import","900","6354840C8997E87F18DDBBADC320ED98571D113C185DDFD1BDAB32F0E70101CB"
"assets/equipment_visuals/icons/final/Per_Base_Contact_Sheets/dragon_scale_armor_five_elements_8x.png","3027","8513033B3989FEC7789B2F149D91F0CA43EA9DF06E81D800A52E14E6CFA3C94F"
"assets/equipment_visuals/icons/final/Per_Base_Contact_Sheets/dragon_scale_armor_five_elements_8x.png.import","899","9641C78D1FA4F22CD75FE16EE7A4216669214D1B1DBF6C3EFA5A841E5C34B97F"
"assets/equipment_visuals/icons/final/Per_Base_Contact_Sheets/dragon_scale_legs_five_elements_8x.png","3175","67BAC693EA253B17B7B561D8FF7B8979EE8800EA1BBE3D5DC8C0FEDA58537672"
"assets/equipment_visuals/icons/final/Per_Base_Contact_Sheets/dragon_scale_legs_five_elements_8x.png.import","897","978ABBD6B8080D1109379D58D211126DB6B70058BBE45A9861307869EFBAEB26"
"assets/equipment_visuals/icons/final/Per_Base_Contact_Sheets/dragon_walk_boots_five_elements_8x.png","2987","79D485ECCD8DA90907E7F66BEC157382ED5C5CE04083D8DE03AEF75FCEDCE1E6"
"assets/equipment_visuals/icons/final/Per_Base_Contact_Sheets/dragon_walk_boots_five_elements_8x.png.import","897","091EF42E3CD30C0B9250050756C2437B681E849A10B84DA0835508E99BD60999"
"assets/equipment_visuals/icons/final/Per_Base_Contact_Sheets/engraved_copper_ring_five_elements_8x.png","3019","01B14649714280A92B0C4891F4F461DB70E2FF8407C05ECE8DEBCBB6D5FF4BD7"
"assets/equipment_visuals/icons/final/Per_Base_Contact_Sheets/engraved_copper_ring_five_elements_8x.png.import","906","27C43EAD3D066F4473A5D304735E102CE8C5A11FD33F73862A8C8A2E0834B464"
"assets/equipment_visuals/icons/final/Per_Base_Contact_Sheets/great_axe_five_elements_8x.png","3222","9E79285101E85CCC41D55562EFC4D3A64ABBAF8E638DCD8B236E6E1132712AC7"
"assets/equipment_visuals/icons/final/Per_Base_Contact_Sheets/great_axe_five_elements_8x.png.import","873","D1136776A73B48E323EE8B1B23AC4DB07889036A2FA5D104D7C15247EFA22572"
"assets/equipment_visuals/icons/final/Per_Base_Contact_Sheets/great_sword_five_elements_8x.png","2889","3C8EB4FD80AB899E463A486B826EC51C838FD22542630158E92DF1B7559866E9"
"assets/equipment_visuals/icons/final/Per_Base_Contact_Sheets/great_sword_five_elements_8x.png.import","879","4D4869DC686D6F46B30991974ACE5C08F419775845FE1DC6FCDAEB1DE8759BBB"
"assets/equipment_visuals/icons/final/Per_Base_Contact_Sheets/hand_axe_five_elements_8x.png","3092","0E324D282885746219FE646BE0CA99FAC939C3D797C2584014DBC7948F538121"
"assets/equipment_visuals/icons/final/Per_Base_Contact_Sheets/hand_axe_five_elements_8x.png.import","870","BE53ADCF78C7BA532236CBB51B1951C148C1776A034F8FE41A3A0740F9DB6D64"
"assets/equipment_visuals/icons/final/Per_Base_Contact_Sheets/heavy_crossbow_five_elements_8x.png","3131","620AE3CCD6BF084C3670CCA7BB885F3BA58B71F8880C26EA5B9987EE86721845"
"assets/equipment_visuals/icons/final/Per_Base_Contact_Sheets/heavy_crossbow_five_elements_8x.png.import","887","A241531D385EB17A4855D83F3601EF820BD03407EBBC76A4AF52E4D62A887CD9"
"assets/equipment_visuals/icons/final/Per_Base_Contact_Sheets/hunting_bow_five_elements_8x.png","3053","3703FA1E4CC097998439A7805690B4217EFC2B7E461F65620D6F382491862234"
"assets/equipment_visuals/icons/final/Per_Base_Contact_Sheets/hunting_bow_five_elements_8x.png.import","879","A2E50A25A0E77DEF08339BD163846C122C4B6F9063890FE8AACE3CC4C088A371"
"assets/equipment_visuals/icons/final/Per_Base_Contact_Sheets/iron_helmet_five_elements_8x.png","3013","16761F862A65D0B1DED181F2D5AB3E9CF72E41B05FCA547CC6A841E4B21BFE38"
"assets/equipment_visuals/icons/final/Per_Base_Contact_Sheets/iron_helmet_five_elements_8x.png.import","879","E3B0C1B66A48526CA16E11CB6D2E9F55BE48B1382589807D8EBEE3C21EA1913C"
"assets/equipment_visuals/icons/final/Per_Base_Contact_Sheets/iron_toe_boots_five_elements_8x.png","3029","5386C6DB9F800057246083E9BD45970824BF052E5205D485CE2624FE2B68B0F8"
"assets/equipment_visuals/icons/final/Per_Base_Contact_Sheets/iron_toe_boots_five_elements_8x.png.import","887","0039B2E60FCCEEC1ED9A45C372021A6BE4E108C868A0511D150F13FFAC6DCE7A"
"assets/equipment_visuals/icons/final/Per_Base_Contact_Sheets/knight_helmet_five_elements_8x.png","3047","913464347BCE1D1FDDD17DEA9D7E9AF07CE75862C8A74128BD7C2372D99EE70D"
"assets/equipment_visuals/icons/final/Per_Base_Contact_Sheets/knight_helmet_five_elements_8x.png.import","885","88B14D896F201DE90F45EB974789643F05619D91CDA646627E02A83886B515B1"
"assets/equipment_visuals/icons/final/Per_Base_Contact_Sheets/leather_armor_five_elements_8x.png","3072","76C0B85D77C3C79972C540C3F2D87B8A94FFB3A48609784DA617F5816A93FE22"
"assets/equipment_visuals/icons/final/Per_Base_Contact_Sheets/leather_armor_five_elements_8x.png.import","885","A0CD80B01AFBE41F7962AA714FFBB966B07D4C7D095785FEC1D0D0252D0E4B9D"
"assets/equipment_visuals/icons/final/Per_Base_Contact_Sheets/leather_boots_five_elements_8x.png","2993","32081E8B257AD41A1FAB41B7D6998F3AE932D1FF53FFFFA675091EB49EB08F15"
"assets/equipment_visuals/icons/final/Per_Base_Contact_Sheets/leather_boots_five_elements_8x.png.import","885","DB447D44CBDB18E1CECD31B492777D7FF65AE6AB4B0CC85C0F58992F246CB1A2"
"assets/equipment_visuals/icons/final/Per_Base_Contact_Sheets/leather_cap_five_elements_8x.png","2971","DE73699365DDBD0B836D379F1A51C6B7D6E9A13D5347900CE5C0E9FD9DCD08D4"
"assets/equipment_visuals/icons/final/Per_Base_Contact_Sheets/leather_cap_five_elements_8x.png.import","879","8F12F35BA3D6BB0D71EE95472C25C2BC4A4F85B530305F27D99DAC3B7D7FB9D7"
"assets/equipment_visuals/icons/final/Per_Base_Contact_Sheets/leather_pants_five_elements_8x.png","3128","DE7AE835B7DA2C1F4F6A028C31C5A99CEEC66DD3454BCA2DF4DF1EA3AEFDB881"
"assets/equipment_visuals/icons/final/Per_Base_Contact_Sheets/leather_pants_five_elements_8x.png.import","885","15B6134FB470208DFACFAC5461CF863230674689572E63E92CB3449932C723E9"
"assets/equipment_visuals/icons/final/Per_Base_Contact_Sheets/long_sword_five_elements_8x.png","2904","821B7AEC4185FCC421E2214704CB641C087E132447B963060391529B8B53B6F8"
"assets/equipment_visuals/icons/final/Per_Base_Contact_Sheets/long_sword_five_elements_8x.png.import","875","C78C323D62A4746090C0BC917686E1CF3D461DE299C1698C874279C06495F2AD"
"assets/equipment_visuals/icons/final/Per_Base_Contact_Sheets/longbow_five_elements_8x.png","3148","47E50619751703FAA7458CB8B29277632D4983F12D1638C2DE1DC17EB0E34C00"
"assets/equipment_visuals/icons/final/Per_Base_Contact_Sheets/longbow_five_elements_8x.png.import","865","F95CDFC67FE8FE96729C18718F5C9A0F2B4D18B87AB38A2CF0291DF4029941E0"
"assets/equipment_visuals/icons/final/Per_Base_Contact_Sheets/plate_armor_five_elements_8x.png","3018","477147C860A40749DC93B98FA8C1DC89EE13B00E9867D4632FAE6B90F7EA3FC2"
"assets/equipment_visuals/icons/final/Per_Base_Contact_Sheets/plate_armor_five_elements_8x.png.import","879","A990DA2633DAE8F7695F70B0C3C3D4A0A6A8D30DFCE8C6D0FD8A41F1ED05C501"
"assets/equipment_visuals/icons/final/Per_Base_Contact_Sheets/plate_greaves_five_elements_8x.png","3175","24351F9F6F856D6C841B6C698110861EF334A743F261605265E93DECA56333C4"
"assets/equipment_visuals/icons/final/Per_Base_Contact_Sheets/plate_greaves_five_elements_8x.png.import","885","50AD68F802A28C4498F66AB01928431D363BDA2F6889DF7D3BBEB35AFB174787"
"assets/equipment_visuals/icons/final/Per_Base_Contact_Sheets/rapier_five_elements_8x.png","2957","4BD1BC482EA0B00F59D0714D8E33253A78F2E795357FF63A891A0A82C94771A3"
"assets/equipment_visuals/icons/final/Per_Base_Contact_Sheets/rapier_five_elements_8x.png.import","864","41A889C3365A1E8A9774CDA2E582D90594530BC40246C4EFDB1958FE1BA17AF8"
"assets/equipment_visuals/icons/final/Per_Base_Contact_Sheets/sacred_relic_five_elements_8x.png","2940","09A15E23DD13901371639F33F46812400D91F6B482B0972FCEDC3675C4E9C81C"
"assets/equipment_visuals/icons/final/Per_Base_Contact_Sheets/sacred_relic_five_elements_8x.png.import","881","255ED4BACD32FD236FC9F26B3F41123A08050694A013FA774DA08D03026683D2"
"assets/equipment_visuals/icons/final/Per_Base_Contact_Sheets/short_sword_five_elements_8x.png","2905","3E95BF87A2A54FA5D8B90BADD6D73EE4BE5D9DE74A47AE870F3AFCE2D62C41C3"
"assets/equipment_visuals/icons/final/Per_Base_Contact_Sheets/short_sword_five_elements_8x.png.import","878","5BD349FF8D95BA9C0BB18D8986C42FF2DA2DDA2D249B3953F7E48F93F029F62B"
"assets/equipment_visuals/icons/final/Per_Base_Contact_Sheets/silver_badge_five_elements_8x.png","3056","390ED5CEC3CB6EC4F6285FD32A133C4503FA5C1271355F60676D2D187CEA5347"
"assets/equipment_visuals/icons/final/Per_Base_Contact_Sheets/silver_badge_five_elements_8x.png.import","882","309A580A3373E7EADCE260A6996B82A07DFD143CD710504A5E595CC0C92569FA"
"assets/equipment_visuals/icons/final/Per_Base_Contact_Sheets/straw_sandals_five_elements_8x.png","3058","5EC404C46253BE4936F55C26819492F0A89BCEB427DC60D78A88959A1DE09F21"
"assets/equipment_visuals/icons/final/Per_Base_Contact_Sheets/straw_sandals_five_elements_8x.png.import","885","0A0BAD2DAD90D9477F43491FE33529720D7993647A594FB650C5DA95266AC00A"
"assets/equipment_visuals/icons/final/Per_Base_Contact_Sheets/whisper_orb_five_elements_8x.png","3007","4CC0E52C122D5F9CCD13DEC627221114FFE01A612828C4252F7AFB31ADE1969A"
"assets/equipment_visuals/icons/final/Per_Base_Contact_Sheets/whisper_orb_five_elements_8x.png.import","879","67B66C38D4B1AD789DA3FC6A69FF11E3749EC44753F0506BEB8E8002E68507BA"
"assets/equipment_visuals/icons/final/Per_Base_Contact_Sheets/wind_boots_five_elements_8x.png","3071","1FA7EBF13127973C140F8DEEFA3B262D3395C6DFAE4F0F44DFF4A39B031756AB"
"assets/equipment_visuals/icons/final/Per_Base_Contact_Sheets/wind_boots_five_elements_8x.png.import","876","3C9E610B9C7436F55527B25153A795203E43C371D176222EDD7DA450A9E3686F"
"assets/equipment_visuals/icons/final/Water/water_battle_axe_final_20x20.png","228","ED29B1D474242762BC87BC09B386900B79B9867BAB01C67FD834CE36D9394EBB"
"assets/equipment_visuals/icons/final/Water/water_battle_axe_final_20x20.png.import","860","DE4CA72D172662316A6E66D7FAD88BF07A15F876194A8D2737580FAD3A061C1C"
"assets/equipment_visuals/icons/final/Water/water_battle_helmet_final_20x20.png","261","8D8BFA198CD85559D52D9B2B74C06368A41C933522C5328E246DF13ADF91068D"
"assets/equipment_visuals/icons/final/Water/water_battle_helmet_final_20x20.png.import","870","9FFBA35009932642C1D7EBB081A2D31A9B8263B263C286D9DA2E7E11E2EFE0AE"
"assets/equipment_visuals/icons/final/Water/water_carved_wood_amulet_final_20x20.png","209","5EC14641C7BBEB230BEA86C6AAED0A52F9BE6BE5B405BD9DA93F420B71169C9D"
"assets/equipment_visuals/icons/final/Water/water_carved_wood_amulet_final_20x20.png.import","885","020A76A49640F6B118BC92EAFBBA806350C411FBC988A9F31C51376044A96AE8"
"assets/equipment_visuals/icons/final/Water/water_chainmail_armor_final_20x20.png","256","3C36BBDA216DE9E721A954E89B068E7F34F2D04081A3838DA0FE5E6BE2978BCD"
"assets/equipment_visuals/icons/final/Water/water_chainmail_armor_final_20x20.png.import","875","D01E828B1FD31424EDE267371E6DE8D96A5E8E7A1EE46B90BA63EFCBFCF9E6EF"
"assets/equipment_visuals/icons/final/Water/water_chainmail_pants_final_20x20.png","276","B2E9DFB0030B295EE776CF9DBFCC98225DBACC821C3565D6279AB2D7B28F1842"
"assets/equipment_visuals/icons/final/Water/water_chainmail_pants_final_20x20.png.import","876","BD032A1415A5A2DD49B97EE383C6271BF433197958A3D18E99041510D3A488F6"
"assets/equipment_visuals/icons/final/Water/water_cloth_armor_final_20x20.png","230","E711F96D9BE14C5C37F150792F07C84C758848A9A77BFCA93194BC32CC991A4E"
"assets/equipment_visuals/icons/final/Water/water_cloth_armor_final_20x20.png.import","864","80FB396D907D297C27D793571F45D2C9D754CF1C3DFF19875B6E359ED950EBFE"
"assets/equipment_visuals/icons/final/Water/water_cloth_pants_final_20x20.png","264","DBD5FC797F407AB56726DFA95066C38296036643AD8B26F9D862006D9ECB039B"
"assets/equipment_visuals/icons/final/Water/water_cloth_pants_final_20x20.png.import","863","D93342CC914D3865A056595E7DF6119814F34BB5F2797A262B58E1102DFCA3F4"
"assets/equipment_visuals/icons/final/Water/water_dragon_head_helmet_final_20x20.png","334","09D2703CEE13A6748754744F24047B6E562B3F71AFBE4ADF4012F506C8E45563"
"assets/equipment_visuals/icons/final/Water/water_dragon_head_helmet_final_20x20.png.import","885","9AC7199C074CE11A7E713C994C49E999F69712C1BBACF0D29EAB1EB917121FA9"
"assets/equipment_visuals/icons/final/Water/water_dragon_scale_armor_final_20x20.png","230","C48188E91F7046ED13C92C14710E2D4559EEB5CE8E20ABDC31BCB00A9944FDE9"
"assets/equipment_visuals/icons/final/Water/water_dragon_scale_armor_final_20x20.png.import","884","C2BD5A42886A2DCB236628BE502EA5B01D4F954DD8C82AD6105AB792B98B9DE1"
"assets/equipment_visuals/icons/final/Water/water_dragon_scale_legs_final_20x20.png","301","C16E395C44A3D3312C07D451C2DAD8751B5B067A199694151FCEB07304976E2B"
"assets/equipment_visuals/icons/final/Water/water_dragon_scale_legs_final_20x20.png.import","882","1B6C63DAA09DDC72E048E714CFCDD09127103BAA50E06949F028CAD488326CF9"
"assets/equipment_visuals/icons/final/Water/water_dragon_walk_boots_final_20x20.png","209","3D5C23F5D901830A667B4E87D707086DD781D5370CE26F7742DE4CD41C528E7E"
"assets/equipment_visuals/icons/final/Water/water_dragon_walk_boots_final_20x20.png.import","882","D60B0832F3F09EBB069F6D2A6136F2CE897FE3EB8B84CE5BCC625B25ABF4752F"
"assets/equipment_visuals/icons/final/Water/water_engraved_copper_ring_final_20x20.png","219","BB23AEFB846B42D1931D1C0074000E921A9B5A0C9A6272BB82F7206064D17EA2"
"assets/equipment_visuals/icons/final/Water/water_engraved_copper_ring_final_20x20.png.import","891","E56162B9A07F298A95B76A90D83A742BB9FC9D2D574D06D69D1C5D0522BFB97F"
"assets/equipment_visuals/icons/final/Water/water_great_axe_final_20x20.png","244","1348ADDE096E1691A28837946412FAE5DB00083353037893929C19AABFD3D030"
"assets/equipment_visuals/icons/final/Water/water_great_axe_final_20x20.png.import","857","CD7CBC3D9421E2D87879B77F77B9CA4A9248458C6AB46071529CCC2BE2A79F86"
"assets/equipment_visuals/icons/final/Water/water_great_sword_final_20x20.png","190","FE937B462590CF5C394BC3FEF1306F66E2E461E09CA6B9FA2550F4DB495761D9"
"assets/equipment_visuals/icons/final/Water/water_great_sword_final_20x20.png.import","863","B2F80330D0692F3F81AB97083CEB7670747E104DC6904523A1E9367CBDE5B169"
"assets/equipment_visuals/icons/final/Water/water_hand_axe_final_20x20.png","222","E05FBBD7208442D3EEE0337B7E205418BFB655E5593CA8C9B3D21F34053FD621"
"assets/equipment_visuals/icons/final/Water/water_hand_axe_final_20x20.png.import","855","47CDF1A529F329B82436DE3D81199AFA06A7CC44ABFC8F76ED264E702B3B0FBD"
"assets/equipment_visuals/icons/final/Water/water_heavy_crossbow_final_20x20.png","263","851EC92F58D2039EE80A0E9E18A54264A7259896128CAFB85AF66B728361DB34"
"assets/equipment_visuals/icons/final/Water/water_heavy_crossbow_final_20x20.png.import","873","993758FC172375C24B5DEA9A82E89136E297CD57CD1B8655A698700926261634"
"assets/equipment_visuals/icons/final/Water/water_hunting_bow_final_20x20.png","193","7F75C3B862A7032AACC9C920F509F1130740CC8BF2F23EFDF33EF5F8A3819454"
"assets/equipment_visuals/icons/final/Water/water_hunting_bow_final_20x20.png.import","864","053B74983533A720AC020BEF8F303EEE90958BA3F46AEF89D3A6BE3E4FCE17A6"
"assets/equipment_visuals/icons/final/Water/water_iron_helmet_final_20x20.png","227","AC63BCF632DB7EC97C99D470A761E9DCFE7B7DB8F5E0EAF9B4823E846AACF56F"
"assets/equipment_visuals/icons/final/Water/water_iron_helmet_final_20x20.png.import","863","15849CA1D9595EE32E96C8955D57CC86808E4014A58CF7A7E8CBD1C84B65ED7D"
"assets/equipment_visuals/icons/final/Water/water_iron_toe_boots_final_20x20.png","229","2E27D879EF406E9B113F98F3FABD4E45F11250174FD170BCC1AD65E318A36D7D"
"assets/equipment_visuals/icons/final/Water/water_iron_toe_boots_final_20x20.png.import","872","3BD49D7A7E4C81656B265CDBEE65C073AB40386F661ED3F6E464B96A72A960D4"
"assets/equipment_visuals/icons/final/Water/water_knight_helmet_final_20x20.png","311","42DA9362A808CD4A58347DC100C323B9D9FB21459B1A2FC2A95F5057220C9CFB"
"assets/equipment_visuals/icons/final/Water/water_knight_helmet_final_20x20.png.import","870","991869B18B233EE70A23F72F3567F9C42EA1E3D287D6B661BEC6475860E33855"
"assets/equipment_visuals/icons/final/Water/water_leather_armor_final_20x20.png","241","1CEFDAA11C1E76ABDA2BC70C2B87128C3519082D2BF3A163B207396F5AF1C920"
"assets/equipment_visuals/icons/final/Water/water_leather_armor_final_20x20.png.import","870","626A410E2FAED25DD3A5F647AA29D56A92F55B1C84950A15F78621A4BA142E30"
"assets/equipment_visuals/icons/final/Water/water_leather_boots_final_20x20.png","209","226F4C6C33848E996CA152D01BAD7C0BED517F75EC10B565978365426D8861E8"
"assets/equipment_visuals/icons/final/Water/water_leather_boots_final_20x20.png.import","870","1F524DFC9C5530C13A45C3FE6280DDEABB7AFA34F60EB7C69EB1110B504B2D35"
"assets/equipment_visuals/icons/final/Water/water_leather_cap_final_20x20.png","238","7E91EEC4346A0AD344147F0F8C0A3FAC4922232E6AF0C9E0A665711AA016BE33"
"assets/equipment_visuals/icons/final/Water/water_leather_cap_final_20x20.png.import","862","02FF52E88A2D273CD7AE154F453AD7F4A52028F4ED4AAE2A4E9D1344B199E41C"
"assets/equipment_visuals/icons/final/Water/water_leather_pants_final_20x20.png","253","D670728686D19036CFA38E0AABE08A78537F3632621ACF58C10BCB9150F87257"
"assets/equipment_visuals/icons/final/Water/water_leather_pants_final_20x20.png.import","870","F97E6E120E7736E3DE3FE93A5591BC5BCBA980D2DFD142FB8CB4CAA7A0AE2212"
"assets/equipment_visuals/icons/final/Water/water_long_sword_final_20x20.png","188","7E1F13F26D845C631E060F3DB857E42A6C5FA0CFE4487819B744C555273B0F63"
"assets/equipment_visuals/icons/final/Water/water_long_sword_final_20x20.png.import","861","C7FC1DD3EC7CC82B9F8ACE1DF18479673C6695C45386602B5990D8874FFFD864"
"assets/equipment_visuals/icons/final/Water/water_longbow_final_20x20.png","220","C3D70A300379F12696144365845FE1E4AF8F40850E6BF974C22A6606AC1C9548"
"assets/equipment_visuals/icons/final/Water/water_longbow_final_20x20.png.import","852","E6496810A767124A963EA6D373BE59EA12A181C33CE1BD714735C7F4164D9C33"
"assets/equipment_visuals/icons/final/Water/water_plate_armor_final_20x20.png","223","8A9D1132693EC5DE3A7200E08FAE8C61124F6513250B5ECB54597093D19D99DD"
"assets/equipment_visuals/icons/final/Water/water_plate_armor_final_20x20.png.import","863","F73385CD5041A731D044448861B7FB95DCCD6DC57645AE89E0BF6D3D909C6318"
"assets/equipment_visuals/icons/final/Water/water_plate_greaves_final_20x20.png","292","B966BF727176294D9E71DC93CCC2D8807E3AAB3ADDB87DB0509964D3BD9BB70E"
"assets/equipment_visuals/icons/final/Water/water_plate_greaves_final_20x20.png.import","870","F9B82FA4211EB5BDF16FBBBFBB3D90F60E2BF5AF3DB274FD540094568B5FA37F"
"assets/equipment_visuals/icons/final/Water/water_rapier_final_20x20.png","211","B79867780D8BCC56C0CFD39CE5E9732FE1A0091FF829EF78E898FCBE28ADE82D"
"assets/equipment_visuals/icons/final/Water/water_rapier_final_20x20.png.import","849","FF8723C5CECC46FFF13AC2F39EAD7DCB268A05B1657B0F170BC39A9CBE99D771"
"assets/equipment_visuals/icons/final/Water/water_sacred_relic_final_20x20.png","214","620BF0EFB3987F1CC566B221AB3913435791FBD6B367812A6E884F354B187F6B"
"assets/equipment_visuals/icons/final/Water/water_sacred_relic_final_20x20.png.import","867","10E08CB8659935591D5E6E7709FE264BB0AE1DF1A32BB32A92B6B91649DFBC74"
"assets/equipment_visuals/icons/final/Water/water_short_sword_final_20x20.png","190","A24E4D8546DCAE6082C181FDA93223661E078E301D579B701A6BEBDD8EF773FB"
"assets/equipment_visuals/icons/final/Water/water_short_sword_final_20x20.png.import","864","E8753885C6B546A7353A394735BC4F3139808397ECCCD93DBA703515AE5F1F7D"
"assets/equipment_visuals/icons/final/Water/water_silver_badge_final_20x20.png","233","A0977AC29C27838FFFA192348EC4CEE1077CC169FB32C55CF32F18A3F472405C"
"assets/equipment_visuals/icons/final/Water/water_silver_badge_final_20x20.png.import","866","3950378A498C50AE670B5607EABB5231E60A1FF9C34C86F9F99F3B0700648EFF"
"assets/equipment_visuals/icons/final/Water/water_straw_sandals_final_20x20.png","248","4E5CCF34864CB010C5AC67B0027BFC494BA2DB464BAD8CAF33A12B8D29721205"
"assets/equipment_visuals/icons/final/Water/water_straw_sandals_final_20x20.png.import","870","B3C75C74BCD10A13371E097211FA9C4CFC43E7846B5EED0657E2C5CB403C3D86"
"assets/equipment_visuals/icons/final/Water/water_whisper_orb_final_20x20.png","218","D3C602BAB775CE62675DBC05046BAFFA0D24C80D3667C353D0AED571DBB42751"
"assets/equipment_visuals/icons/final/Water/water_whisper_orb_final_20x20.png.import","863","F41B307F501DA828DC9ECF299391A010932B9CD6179DBB04BD6E0E8D59D1A241"
"assets/equipment_visuals/icons/final/Water/water_wind_boots_final_20x20.png","242","0444656BB943E86DFC2B1E9445BFB7200EBA6E7E5212D0E57051B51E4A334FF9"
"assets/equipment_visuals/icons/final/Water/water_wind_boots_final_20x20.png.import","861","E81B7A2B968A3DE1B7C2DDC407F7973144AFB5707347E6CC0887CC1E54F9DA38"
"assets/equipment_visuals/icons/final/Wood/wood_battle_axe_final_20x20.png","225","68644F7795E947ABF815E44EF1979143B5BB8DE8CCA4A5DD70A8C53092098067"
"assets/equipment_visuals/icons/final/Wood/wood_battle_axe_final_20x20.png.import","857","3CED65339760831A4321C8161AFB0A053C29D51943D0B61F2A8B5D03CA0C8B4B"
"assets/equipment_visuals/icons/final/Wood/wood_battle_helmet_final_20x20.png","260","DC077659254C3C9AFDB6216CA0332240E778ACCC047EBF6AADBC6511405F4CBC"
"assets/equipment_visuals/icons/final/Wood/wood_battle_helmet_final_20x20.png.import","866","85D64B2C0B694AD991E48FAD82624155698AC141CF0882097C86E28C110AA0A0"
"assets/equipment_visuals/icons/final/Wood/wood_carved_wood_amulet_final_20x20.png","199","AFBC64525C696D44F5190C5B188DB0CFF50C4BB7EDA9F4DB2E60AF40808BFA80"
"assets/equipment_visuals/icons/final/Wood/wood_carved_wood_amulet_final_20x20.png.import","881","2681A616C3BE3078AFF040980D6633E756E2AB73902B4E1D47DBDB5775298469"
"assets/equipment_visuals/icons/final/Wood/wood_chainmail_armor_final_20x20.png","249","12CD2EA7FB17824A9916A3E0D7EE0E7E3B985F4644230DE42ACAE6E710537458"
"assets/equipment_visuals/icons/final/Wood/wood_chainmail_armor_final_20x20.png.import","872","AC73B9C3E056E8070E13F5379C9992152CFEF4A6F4CA2560FCBCA99E97CBCD98"
"assets/equipment_visuals/icons/final/Wood/wood_chainmail_pants_final_20x20.png","277","60CA5C72688955558DB815D58E71B25B82830C550AF33F679941774359222A03"
"assets/equipment_visuals/icons/final/Wood/wood_chainmail_pants_final_20x20.png.import","872","38E0E9BF960982F41A20A8505E7DB87505023DECE3879E6D89C96E053D68126E"
"assets/equipment_visuals/icons/final/Wood/wood_cloth_armor_final_20x20.png","228","6D94CB500ECB49BF2709B4F25DBB716D5E6C3C12238A8A4BE8BD91BAB7C1DAE8"
"assets/equipment_visuals/icons/final/Wood/wood_cloth_armor_final_20x20.png.import","860","BA0D651246BE88A8DE15888563882D6666D8932FDA56E314B14C235909488D61"
"assets/equipment_visuals/icons/final/Wood/wood_cloth_pants_final_20x20.png","264","797537834D03A2C43CB47A6F980962D898F75006C387297E5B3C4FD7CA425DC1"
"assets/equipment_visuals/icons/final/Wood/wood_cloth_pants_final_20x20.png.import","860","53D91EFEE6465B1FD51871D5C3963E123033CC714988B792495BD72854BD5B0D"
"assets/equipment_visuals/icons/final/Wood/wood_dragon_head_helmet_final_20x20.png","335","1F7A1A98D30ECC342BE76DAB86AAE1F6B1BB909B6F023AB347D920BD5237B2DB"
"assets/equipment_visuals/icons/final/Wood/wood_dragon_head_helmet_final_20x20.png.import","881","4DC95CDDEC386967AA89F95AEDAE90F32AB58A1E222B54DD9EE58F86D20B0EE4"
"assets/equipment_visuals/icons/final/Wood/wood_dragon_scale_armor_final_20x20.png","229","35D0CA6147EB5F0EBA5CC376CC0F6778709AD09FA36ECD368676BBCA8FCC2277"
"assets/equipment_visuals/icons/final/Wood/wood_dragon_scale_armor_final_20x20.png.import","881","4F5F182569067B66900EF3DBEE783C8C4A4114A0A5E87EA12E74A397A49B0A67"
"assets/equipment_visuals/icons/final/Wood/wood_dragon_scale_legs_final_20x20.png","291","8256D7F4C6B75F98899986ABC2594632979397315614A6D8DC79A27680B09CC4"
"assets/equipment_visuals/icons/final/Wood/wood_dragon_scale_legs_final_20x20.png.import","878","A3BDCA34A8D87B947B3D1FAC032E7D8D134CDFAEB7C075692A0ECB4B25D70412"
"assets/equipment_visuals/icons/final/Wood/wood_dragon_walk_boots_final_20x20.png","205","96C11A8F2A5EA50499B2AD95FE651EF39583AC7B5EAFF67A6147851E5B365FE8"
"assets/equipment_visuals/icons/final/Wood/wood_dragon_walk_boots_final_20x20.png.import","878","D0EB43728B77A59C58D9A6CD91E32D1D6F0E2341065E8BE20AD4005F6C2169D9"
"assets/equipment_visuals/icons/final/Wood/wood_engraved_copper_ring_final_20x20.png","208","90B4A443BF3570DCD9BB5C96BC6268C8F261D8CBDE537F65A2F37B913AEA301E"
"assets/equipment_visuals/icons/final/Wood/wood_engraved_copper_ring_final_20x20.png.import","887","23C5ED8A2B4D84E0417881FBED16B8A79F13152A2DB6C5BDF73941AC916B65A0"
"assets/equipment_visuals/icons/final/Wood/wood_great_axe_final_20x20.png","246","BE9DE395CA48C2A9DDD1C2B99AC14B3877146F5976330575D350F9F9A9A9CA91"
"assets/equipment_visuals/icons/final/Wood/wood_great_axe_final_20x20.png.import","853","59C80EF35F83AC8AD0C566BAEA6752E50A10770F5F8051CA48733C5BD4E79997"
"assets/equipment_visuals/icons/final/Wood/wood_great_sword_final_20x20.png","178","974EBF2ADD53570DDB32B8B85C76AAD7C06A88BEEB0348BB406EEB37A6B073D4"
"assets/equipment_visuals/icons/final/Wood/wood_great_sword_final_20x20.png.import","859","27A72D4138A2C48C4F92284F11219FEFDE3E85A44FA2CC3922647A5C09D06847"
"assets/equipment_visuals/icons/final/Wood/wood_hand_axe_final_20x20.png","220","97CC491419C01CD2F1E83AA7D32C766C181435D9B0609688C7FC543D033F4D72"
"assets/equipment_visuals/icons/final/Wood/wood_hand_axe_final_20x20.png.import","850","CEFD08B4A80A94DF332A575C3586AA8DC30F870A794ECF31C966FD7A843F76AC"
"assets/equipment_visuals/icons/final/Wood/wood_heavy_crossbow_final_20x20.png","260","A357DAC89B21B284DE8382C26AE94A3D83709F6FBBB7F1F52B01DAC54E4809C8"
"assets/equipment_visuals/icons/final/Wood/wood_heavy_crossbow_final_20x20.png.import","868","0319989922B84A000150BD19FC8079FBD7C1CCD2AF8195A2C96B64E67F421396"
"assets/equipment_visuals/icons/final/Wood/wood_hunting_bow_final_20x20.png","183","928B9060467C9A02B5C255C44EE3996E4CA68DDE35C8EAFE398BF0DDE3928AAB"
"assets/equipment_visuals/icons/final/Wood/wood_hunting_bow_final_20x20.png.import","860","CAB88EF41B1F4D7650F588DD525B49CFB8B01B6D4BEF83983B1CE51E2EBC2D6D"
"assets/equipment_visuals/icons/final/Wood/wood_iron_helmet_final_20x20.png","222","9E7CE41A49EA37F8D1141B66A93CE5CE5230CFF1772433F6B4393E4D888AB30B"
"assets/equipment_visuals/icons/final/Wood/wood_iron_helmet_final_20x20.png.import","860","F73C35C709143BE720877BF0A0F228F1DED72327E11F1434F60AA07FF14DACB9"
"assets/equipment_visuals/icons/final/Wood/wood_iron_toe_boots_final_20x20.png","225","126D9EBAA1456629A97279FE57670F17E7A3B98B381DF4D7CA9348DCA82BBBC6"
"assets/equipment_visuals/icons/final/Wood/wood_iron_toe_boots_final_20x20.png.import","869","097ACD135E080653B46E3477CB2809CBAE18782B730CD7F989A41A9CC31C8E40"
"assets/equipment_visuals/icons/final/Wood/wood_knight_helmet_final_20x20.png","304","D16E40ED757E9B96592604840E36A688E6970E900D52A3D8BFD2D855E56FD26C"
"assets/equipment_visuals/icons/final/Wood/wood_knight_helmet_final_20x20.png.import","866","4D02905856A76FC4A7D237DC6794F6769B49B0117447DD494BBE4C38E16F1F50"
"assets/equipment_visuals/icons/final/Wood/wood_leather_armor_final_20x20.png","240","6572250EE7AC7C86BC93E149E052ACD1E1BB32E22BA9B0821FDFAA44FFFC8227"
"assets/equipment_visuals/icons/final/Wood/wood_leather_armor_final_20x20.png.import","866","679D7FDD6DE75B2AB154EE9AA6E10920295D5D61D81AC7211AAA00B708C1324C"
"assets/equipment_visuals/icons/final/Wood/wood_leather_boots_final_20x20.png","206","E9B19A12AAF27DAB8A459380D4AEAFD2E3366BDD2677ADA42707570FB6F3CCCF"
"assets/equipment_visuals/icons/final/Wood/wood_leather_boots_final_20x20.png.import","866","B3079332C6FD8A1CE1F3CF743E536FF1BE446EE80CCCEB5FA048D2E6642DA6BF"
"assets/equipment_visuals/icons/final/Wood/wood_leather_cap_final_20x20.png","233","2D379DBECE30A43BCDFC49394D879643ECA8CC197A1260C9E33400ECA4D077AB"
"assets/equipment_visuals/icons/final/Wood/wood_leather_cap_final_20x20.png.import","860","8A90FBA7C2840FF841011F9591CF02B4F1CFE4E8AD2112AE3A09775198F44F04"
"assets/equipment_visuals/icons/final/Wood/wood_leather_pants_final_20x20.png","253","141D5D1EDC06067B8E8FE8CACDA8B8C5F2D2E7DE2867EF868A7358D394F38EFF"
"assets/equipment_visuals/icons/final/Wood/wood_leather_pants_final_20x20.png.import","866","6C2D22D333E7467D305EBEDF858FB29F0CC5C210ED13A8EB777871B0AC8DF416"
"assets/equipment_visuals/icons/final/Wood/wood_long_sword_final_20x20.png","180","69CC124F7ED29268EE0B301AA9AFD075A40C177CE5A8335F5EEDA1701613B42E"
"assets/equipment_visuals/icons/final/Wood/wood_long_sword_final_20x20.png.import","857","EF730B5C2663A8EEFA90B50A8692EDA83373466739D6E9854F354FAC68A693EF"
"assets/equipment_visuals/icons/final/Wood/wood_longbow_final_20x20.png","225","06272D7D810EB38884376A10788459EEE12E936DB6CF828BF42C0DE48F524834"
"assets/equipment_visuals/icons/final/Wood/wood_longbow_final_20x20.png.import","847","D261C9CF14CD7D01F297893376B5C00A0DAE81607DE657CD9B6584840AFB1C83"
"assets/equipment_visuals/icons/final/Wood/wood_plate_armor_final_20x20.png","222","BC83F7597526BDA8145EF04DC1576381AE229C56E795290AAB15243B633D811A"
"assets/equipment_visuals/icons/final/Wood/wood_plate_armor_final_20x20.png.import","860","4D7E3436B82AD183A8DAB88ADF04D5049195E3236064A60A0C497B617518937F"
"assets/equipment_visuals/icons/final/Wood/wood_plate_greaves_final_20x20.png","275","F1E638C65BA4C5BAF2C83E4213EA0EEE1692E496DAF3873E78CEF8F7DF48B232"
"assets/equipment_visuals/icons/final/Wood/wood_plate_greaves_final_20x20.png.import","866","9F1D0C6B03C7A878427FA7D9325256DC9897783A57C188D694E5197B2BCE39A6"
"assets/equipment_visuals/icons/final/Wood/wood_rapier_final_20x20.png","216","C98321CFC7E082D06C7307646AADF03DA16780435A1EF816B6253B72CFF74D54"
"assets/equipment_visuals/icons/final/Wood/wood_rapier_final_20x20.png.import","845","4CCF956F0987CB38CF404143FB6273F03735C8C6538C194A0FA0EFBE7A2D11FF"
"assets/equipment_visuals/icons/final/Wood/wood_sacred_relic_final_20x20.png","203","8703BD60D201E3C6F1C7E8D7FF533435992E05025FCD094EFE4639DFD7515746"
"assets/equipment_visuals/icons/final/Wood/wood_sacred_relic_final_20x20.png.import","863","E6684024D6A1FB419B461019D081CE58A3CD49F7D04F4A0030A391A449B3A472"
"assets/equipment_visuals/icons/final/Wood/wood_short_sword_final_20x20.png","178","C920B8944FC186F8F79D442DF47F9189A33D2A2DEFAA1E4EA5A2F0C03F5C192C"
"assets/equipment_visuals/icons/final/Wood/wood_short_sword_final_20x20.png.import","860","31DD9CB4DCAF962B615E2CCF241D0CE57567850D6B55E8848E9CD4CFD9BFDE65"
"assets/equipment_visuals/icons/final/Wood/wood_silver_badge_final_20x20.png","219","BDC31761A6D42329F9592F3980B9E43D8A58A58D2C3851DA4708728CE1528F80"
"assets/equipment_visuals/icons/final/Wood/wood_silver_badge_final_20x20.png.import","863","31D9A556F4CBA789C0B819C2EC1B0866FEB5F9DDAFCDB6EC37A5C0DB5664A75B"
"assets/equipment_visuals/icons/final/Wood/wood_straw_sandals_final_20x20.png","250","34F0AE469A0862E28E47211A731DA684AD730CD62F9375A7F7E92CC2940617A2"
"assets/equipment_visuals/icons/final/Wood/wood_straw_sandals_final_20x20.png.import","865","ECB81EFC60B3C88A859D0905B8149BD2261032209092AB1A44169B03C8C46202"
"assets/equipment_visuals/icons/final/Wood/wood_whisper_orb_final_20x20.png","218","64F640A2BF5EB019E8D0E9A41C064ABC7B93A1B712A014C975804DFA8973BCDE"
"assets/equipment_visuals/icons/final/Wood/wood_whisper_orb_final_20x20.png.import","859","5A20B1089A9C92F40E8736D8A20556A00B4458A5D048D88AB92201733D760091"
"assets/equipment_visuals/icons/final/Wood/wood_wind_boots_final_20x20.png","237","E6F730C878312B951F4E02DD5BDD6D828322403F7020873E070A6794EB995CA5"
"assets/equipment_visuals/icons/final/Wood/wood_wind_boots_final_20x20.png.import","857","0E3C59C0470D5CE42F7F4595913CBF7A5D419BFB6AEBF12A962FDDADEFC130B1"
"assets/equipment_visuals/icons/particles/Earth/earth_battle_axe_particles_20x20.png","89","3043CEF1EE492F0ABDBAC00BC7ECDC4B11D406C3F6D6F3FEA2B5AB9FEAACF95C"
"assets/equipment_visuals/icons/particles/Earth/earth_battle_axe_particles_20x20.png.import","877","47ADAD740F7C433EE2E918DD8CD0E2AF97DDEB93CC519FC0B47467DECA5E27EC"
"assets/equipment_visuals/icons/particles/Earth/earth_battle_helmet_particles_20x20.png","89","3043CEF1EE492F0ABDBAC00BC7ECDC4B11D406C3F6D6F3FEA2B5AB9FEAACF95C"
"assets/equipment_visuals/icons/particles/Earth/earth_battle_helmet_particles_20x20.png.import","885","60145479E76955CE6F9573887E74842E0F3C921B9005B5C7DF4502328F3FAD17"
"assets/equipment_visuals/icons/particles/Earth/earth_carved_wood_amulet_particles_20x20.png","89","3043CEF1EE492F0ABDBAC00BC7ECDC4B11D406C3F6D6F3FEA2B5AB9FEAACF95C"
"assets/equipment_visuals/icons/particles/Earth/earth_carved_wood_amulet_particles_20x20.png.import","901","F47AF5907273F6794F2CA30AAC13483CAE833A9BE3500BB40468094BDE100145"
"assets/equipment_visuals/icons/particles/Earth/earth_chainmail_armor_particles_20x20.png","89","B2109C01C8D9565A39389F6503C6D6A7150066105B433F90D048BCA82233886E"
"assets/equipment_visuals/icons/particles/Earth/earth_chainmail_armor_particles_20x20.png.import","892","357D3A00DE9F4C931A07F1D769B4ECBEB651A6E017C6B480037F8D38F6CC4CE1"
"assets/equipment_visuals/icons/particles/Earth/earth_chainmail_pants_particles_20x20.png","102","D64AE8CA2F618AC981F63D6038F0FB5C0F2FD40BEDDB10BCE2AD8D4EC6088132"
"assets/equipment_visuals/icons/particles/Earth/earth_chainmail_pants_particles_20x20.png.import","892","16196D6671EDD28D2C9E4231F89DA42EA702B3822FCA7F8F399A9E6B7BBC3734"
"assets/equipment_visuals/icons/particles/Earth/earth_cloth_armor_particles_20x20.png","90","54F8E41E24B51096E4727D26C76E2B2B1817D0767DC32EAED30A24FCF2CC7215"
"assets/equipment_visuals/icons/particles/Earth/earth_cloth_armor_particles_20x20.png.import","880","87F99E35C0F3C5476945E69EB10C1F34B528AC040435C01A8C8D798669044283"
"assets/equipment_visuals/icons/particles/Earth/earth_cloth_pants_particles_20x20.png","102","D64AE8CA2F618AC981F63D6038F0FB5C0F2FD40BEDDB10BCE2AD8D4EC6088132"
"assets/equipment_visuals/icons/particles/Earth/earth_cloth_pants_particles_20x20.png.import","879","EA7747C85B81320B90C37A6F40D16B4D5C9F1ADD86CFDDECB1915DD7DB6AF88D"
"assets/equipment_visuals/icons/particles/Earth/earth_dragon_head_helmet_particles_20x20.png","90","AB47BFE4A957FE8B272F09D94574F3112FF96A71014ADE516A88D8CC1E7455D3"
"assets/equipment_visuals/icons/particles/Earth/earth_dragon_head_helmet_particles_20x20.png.import","900","E1E1DA42B8FE7BB0D7361A82D19FA705A394D57076C92045BC6A828AF16006C3"
"assets/equipment_visuals/icons/particles/Earth/earth_dragon_scale_armor_particles_20x20.png","90","BEA976841ABC65F267F7BA668D1D1631DDEF17457F19091B74F50988E20780F2"
"assets/equipment_visuals/icons/particles/Earth/earth_dragon_scale_armor_particles_20x20.png.import","901","A8EBC3273BD72CEDC08FCB361FD5153EADA0143C1DA6E2EFA108C21A20F2C365"
"assets/equipment_visuals/icons/particles/Earth/earth_dragon_scale_legs_particles_20x20.png","102","D64AE8CA2F618AC981F63D6038F0FB5C0F2FD40BEDDB10BCE2AD8D4EC6088132"
"assets/equipment_visuals/icons/particles/Earth/earth_dragon_scale_legs_particles_20x20.png.import","898","6C24ECC6DADFFCA2BE7DBC3C5C32D10AF26D1250B9AA07BCA9D0B14692CBE8A1"
"assets/equipment_visuals/icons/particles/Earth/earth_dragon_walk_boots_particles_20x20.png","89","B2109C01C8D9565A39389F6503C6D6A7150066105B433F90D048BCA82233886E"
"assets/equipment_visuals/icons/particles/Earth/earth_dragon_walk_boots_particles_20x20.png.import","898","00F676B1A45F246555676FFF817A1E0BA3ADE18FAFA44F2F2DB57E74E066ABB7"
"assets/equipment_visuals/icons/particles/Earth/earth_engraved_copper_ring_particles_20x20.png","89","D248995BB4506398C34AD6517D68993FFA77746C55455FFE3967BD6DF20E0A2F"
"assets/equipment_visuals/icons/particles/Earth/earth_engraved_copper_ring_particles_20x20.png.import","906","197FC3BB7FB421A167E55FB745ADCD279E7A9865C2C2BA95BDD6DCB7C6F0A414"
"assets/equipment_visuals/icons/particles/Earth/earth_great_axe_particles_20x20.png","89","3043CEF1EE492F0ABDBAC00BC7ECDC4B11D406C3F6D6F3FEA2B5AB9FEAACF95C"
"assets/equipment_visuals/icons/particles/Earth/earth_great_axe_particles_20x20.png.import","874","200DDC370D7616398694B8828FDBC725DD3C604D1B3A7BEB476393844F13314E"
"assets/equipment_visuals/icons/particles/Earth/earth_great_sword_particles_20x20.png","89","3043CEF1EE492F0ABDBAC00BC7ECDC4B11D406C3F6D6F3FEA2B5AB9FEAACF95C"
"assets/equipment_visuals/icons/particles/Earth/earth_great_sword_particles_20x20.png.import","879","4180D3BF7D85654EF2A913480646F508634FEA31C0F394F1B77BF02776C161FD"
"assets/equipment_visuals/icons/particles/Earth/earth_hand_axe_particles_20x20.png","89","3043CEF1EE492F0ABDBAC00BC7ECDC4B11D406C3F6D6F3FEA2B5AB9FEAACF95C"
"assets/equipment_visuals/icons/particles/Earth/earth_hand_axe_particles_20x20.png.import","871","571E683F2CCB4623386E14767A3F0D6A16B9C1B7D1F7B3AE4E197DB6482785DF"
"assets/equipment_visuals/icons/particles/Earth/earth_heavy_crossbow_particles_20x20.png","90","AB47BFE4A957FE8B272F09D94574F3112FF96A71014ADE516A88D8CC1E7455D3"
"assets/equipment_visuals/icons/particles/Earth/earth_heavy_crossbow_particles_20x20.png.import","889","A406274F65B4B3F93339AA0D80477AA0EA626DC6637F7FACEBC6B3E24BA88D08"
"assets/equipment_visuals/icons/particles/Earth/earth_hunting_bow_particles_20x20.png","90","CA4E70D07F1C61FE5285F790B5BA950B063A78667E2ADA0126DF4215A14AEEB0"
"assets/equipment_visuals/icons/particles/Earth/earth_hunting_bow_particles_20x20.png.import","879","253DB1F5BA0BCC00A80567963CA836B02F8E81AB212B1B752D7BD952FABCC7CE"
"assets/equipment_visuals/icons/particles/Earth/earth_iron_helmet_particles_20x20.png","90","AB47BFE4A957FE8B272F09D94574F3112FF96A71014ADE516A88D8CC1E7455D3"
"assets/equipment_visuals/icons/particles/Earth/earth_iron_helmet_particles_20x20.png.import","880","DCF3D9EED5B5C36B7336C4C18C84D5BE8CC37B050EC8E06DF01AFC051A6933DF"
"assets/equipment_visuals/icons/particles/Earth/earth_iron_toe_boots_particles_20x20.png","89","B2109C01C8D9565A39389F6503C6D6A7150066105B433F90D048BCA82233886E"
"assets/equipment_visuals/icons/particles/Earth/earth_iron_toe_boots_particles_20x20.png.import","889","1B7DC8896945EB643D23E8D7C7B87624BE89FE5B42E2CC2605A36BF5434CBED6"
"assets/equipment_visuals/icons/particles/Earth/earth_knight_helmet_particles_20x20.png","90","AB47BFE4A957FE8B272F09D94574F3112FF96A71014ADE516A88D8CC1E7455D3"
"assets/equipment_visuals/icons/particles/Earth/earth_knight_helmet_particles_20x20.png.import","886","DD12648AA392C53E756AB380505DDB0A54E32049CF04B13855E58389630DA12F"
"assets/equipment_visuals/icons/particles/Earth/earth_leather_armor_particles_20x20.png","90","BEA976841ABC65F267F7BA668D1D1631DDEF17457F19091B74F50988E20780F2"
"assets/equipment_visuals/icons/particles/Earth/earth_leather_armor_particles_20x20.png.import","886","D456183A69FFD08FAE8E124043D0C95A507D7029E045005C6065A9ADA12F3417"
"assets/equipment_visuals/icons/particles/Earth/earth_leather_boots_particles_20x20.png","89","B2109C01C8D9565A39389F6503C6D6A7150066105B433F90D048BCA82233886E"
"assets/equipment_visuals/icons/particles/Earth/earth_leather_boots_particles_20x20.png.import","886","A07D8B7AA74A3FA600483E76D87EAAF4CDE5D19176CD68FC13DEF193CF404DFB"
"assets/equipment_visuals/icons/particles/Earth/earth_leather_cap_particles_20x20.png","90","A4CF9806AB2331566886AEF98B301606B6D4797CFFD1000018213107506F8758"
"assets/equipment_visuals/icons/particles/Earth/earth_leather_cap_particles_20x20.png.import","880","415E2ED469446737E523E499E7335394F46AC325F37613A6F36FC3E4FF5F0160"
"assets/equipment_visuals/icons/particles/Earth/earth_leather_pants_particles_20x20.png","102","D64AE8CA2F618AC981F63D6038F0FB5C0F2FD40BEDDB10BCE2AD8D4EC6088132"
"assets/equipment_visuals/icons/particles/Earth/earth_leather_pants_particles_20x20.png.import","886","C30A0D4F74D68769901A6A27EA262615B1D9B9FE47C4AE6149613BD265BA9048"
"assets/equipment_visuals/icons/particles/Earth/earth_long_sword_particles_20x20.png","89","3043CEF1EE492F0ABDBAC00BC7ECDC4B11D406C3F6D6F3FEA2B5AB9FEAACF95C"
"assets/equipment_visuals/icons/particles/Earth/earth_long_sword_particles_20x20.png.import","877","4EC3C79FAE33621E5BF6E8718DF920DC571123C31D8990788680477AE3352067"
"assets/equipment_visuals/icons/particles/Earth/earth_longbow_particles_20x20.png","90","5D4E72EF4B74E195798FB798ACAB12B63C133CB04050311E299878ED1FEFB53B"
"assets/equipment_visuals/icons/particles/Earth/earth_longbow_particles_20x20.png.import","867","48D46783B1E756C82A028D6A959F4749E95ACE8F46FA90899FF217F1277E79C9"
"assets/equipment_visuals/icons/particles/Earth/earth_plate_armor_particles_20x20.png","90","BEA976841ABC65F267F7BA668D1D1631DDEF17457F19091B74F50988E20780F2"
"assets/equipment_visuals/icons/particles/Earth/earth_plate_armor_particles_20x20.png.import","880","27285BC06531C3713ABB57C62D15F8D2E5C29D6217BEC3DBE81BBC294F3D40CF"
"assets/equipment_visuals/icons/particles/Earth/earth_plate_greaves_particles_20x20.png","102","D64AE8CA2F618AC981F63D6038F0FB5C0F2FD40BEDDB10BCE2AD8D4EC6088132"
"assets/equipment_visuals/icons/particles/Earth/earth_plate_greaves_particles_20x20.png.import","886","749DA249E6440AB5ED210C5AD06E45E40F20F0BD7B780D3C3DFC5BBC2063663E"
"assets/equipment_visuals/icons/particles/Earth/earth_rapier_particles_20x20.png","89","3043CEF1EE492F0ABDBAC00BC7ECDC4B11D406C3F6D6F3FEA2B5AB9FEAACF95C"
"assets/equipment_visuals/icons/particles/Earth/earth_rapier_particles_20x20.png.import","864","D96DB1942EC6CBF69BF121D4F2238FB8F78F1AF607F9F3723F944A2D88AB3A99"
"assets/equipment_visuals/icons/particles/Earth/earth_sacred_relic_particles_20x20.png","90","DD19C0585B49D8DC10417ACD6BC663BD9F58E71DCA5764569A7EA5322DB74B1F"
"assets/equipment_visuals/icons/particles/Earth/earth_sacred_relic_particles_20x20.png.import","883","A99B41E862BC109EAE79BD622267898028A11ACA6560E786BB9FD987985AB98B"
"assets/equipment_visuals/icons/particles/Earth/earth_short_sword_particles_20x20.png","89","3043CEF1EE492F0ABDBAC00BC7ECDC4B11D406C3F6D6F3FEA2B5AB9FEAACF95C"
"assets/equipment_visuals/icons/particles/Earth/earth_short_sword_particles_20x20.png.import","880","99AD127F4957C6FD1CBA4E6CFC37160B1980C3889B16A0659665CB8A10D98B5D"
"assets/equipment_visuals/icons/particles/Earth/earth_silver_badge_particles_20x20.png","89","D248995BB4506398C34AD6517D68993FFA77746C55455FFE3967BD6DF20E0A2F"
"assets/equipment_visuals/icons/particles/Earth/earth_silver_badge_particles_20x20.png.import","882","A47C6E051415A9355E75301A3F7778BCA4F7C55B144E7EC125F0C50115F92E22"
"assets/equipment_visuals/icons/particles/Earth/earth_straw_sandals_particles_20x20.png","89","B2109C01C8D9565A39389F6503C6D6A7150066105B433F90D048BCA82233886E"
"assets/equipment_visuals/icons/particles/Earth/earth_straw_sandals_particles_20x20.png.import","886","564E4CEE5822C7F3F9A87CC42DCD71A501B5DD605C7E9B04CC299E76E9401D90"
"assets/equipment_visuals/icons/particles/Earth/earth_whisper_orb_particles_20x20.png","90","CA4E70D07F1C61FE5285F790B5BA950B063A78667E2ADA0126DF4215A14AEEB0"
"assets/equipment_visuals/icons/particles/Earth/earth_whisper_orb_particles_20x20.png.import","880","D7BC8DC4EA6457F8D887A80E7E4817215E82763E2725659C090454BC26778FA1"
"assets/equipment_visuals/icons/particles/Earth/earth_wind_boots_particles_20x20.png","89","B2109C01C8D9565A39389F6503C6D6A7150066105B433F90D048BCA82233886E"
"assets/equipment_visuals/icons/particles/Earth/earth_wind_boots_particles_20x20.png.import","876","BC859EA1F2A0833722D77F33696A1AA146D9EBF97C78C6E4DB00E76265B657ED"
"assets/equipment_visuals/icons/particles/Element_Particle_Register_175.base.translation","5499","C90796C5FD17AFDDA22F5B28CE58BD8E09A39577B6615A2F6471EA22C3D4ED05"
"assets/equipment_visuals/icons/particles/Element_Particle_Register_175.connected.translation","5216","272F2E82B0CA2A20000D90062319D6AD9C66BC688C163FFF3BB36BE27A638691"
"assets/equipment_visuals/icons/particles/Element_Particle_Register_175.csv","54262","7F939196A061C3ABE4C2F459EAC115E449985B8486DCD8D7B26D96883C3F6278"
"assets/equipment_visuals/icons/particles/Element_Particle_Register_175.csv.import","2620","F21C41721D8847FD0527B36065E01845FAD1F649458293A731A1A1B3E389F98B"
"assets/equipment_visuals/icons/particles/Element_Particle_Register_175.element.translation","5702","028964609839E3B01EA7D6AA8DD4872AF669C688940B434D24E284364B1ED18E"
"assets/equipment_visuals/icons/particles/Element_Particle_Register_175.notes.translation","12736","16747AD538BDF53C8368B662B689B0F882003233BE3BACC9594E74B508E5269C"
"assets/equipment_visuals/icons/particles/Element_Particle_Register_175.overlap.translation","5214","5F5F8358F2B3E444577534368B9AE8CCD1F4960919E8CF0813E819CBD5F9AC83"
"assets/equipment_visuals/icons/particles/Element_Particle_Register_175.particle.translation","6439","6F8762F25DF0445DBC13CA93112ED502EDA21649B635D70118B3CA4868559DBE"
"assets/equipment_visuals/icons/particles/Element_Particle_Register_175.pixel.translation","5212","BCB0652CDC8D8246FB57996ED0B2D4156A313843FD9901EF6D310C4A7A4A854A"
"assets/equipment_visuals/icons/particles/Element_Particle_Register_175.slot.translation","5911","D2B2A4AB5C1615D98A67125BF493B025D956B0F461E878A702156425A089E5A7"
"assets/equipment_visuals/icons/particles/Element_Particle_Register_175.status.translation","8537","7005BD09297389C962ECDF70790E7A8FD64038E69A04C2F65B162F044C13697C"
"assets/equipment_visuals/icons/particles/Fire/fire_battle_axe_particles_20x20.png","97","1B058CAEB2B6DD68DE7EDFB01D5151F63196AC041ACB27FD80FEF01E3C50C0D5"
"assets/equipment_visuals/icons/particles/Fire/fire_battle_axe_particles_20x20.png.import","873","A97F421A1131D38EFAA9421568F4F1647A4519030204D74942C99EA92FEF57D6"
"assets/equipment_visuals/icons/particles/Fire/fire_battle_helmet_particles_20x20.png","97","1B058CAEB2B6DD68DE7EDFB01D5151F63196AC041ACB27FD80FEF01E3C50C0D5"
"assets/equipment_visuals/icons/particles/Fire/fire_battle_helmet_particles_20x20.png.import","882","DEED3EE443DDCD02713CD156BBC40E3DAE83F85F8BF8B903C5E5E88E2F6C86B1"
"assets/equipment_visuals/icons/particles/Fire/fire_carved_wood_amulet_particles_20x20.png","97","45BA97F6BCA20F6024ADE26B4BC3D587357E55B241154CA498C725CA7A8C9B56"
"assets/equipment_visuals/icons/particles/Fire/fire_carved_wood_amulet_particles_20x20.png.import","897","749845365AE6D284AA2B3EE8114B0B5EC0EA06948CAFC8CC5983D76973656F9B"
"assets/equipment_visuals/icons/particles/Fire/fire_chainmail_armor_particles_20x20.png","97","1B058CAEB2B6DD68DE7EDFB01D5151F63196AC041ACB27FD80FEF01E3C50C0D5"
"assets/equipment_visuals/icons/particles/Fire/fire_chainmail_armor_particles_20x20.png.import","888","60D99776A41F496FFF1761D426531287A4136DDA1231E0FB1CEEEF1484BE1FCB"
"assets/equipment_visuals/icons/particles/Fire/fire_chainmail_pants_particles_20x20.png","97","45BA97F6BCA20F6024ADE26B4BC3D587357E55B241154CA498C725CA7A8C9B56"
"assets/equipment_visuals/icons/particles/Fire/fire_chainmail_pants_particles_20x20.png.import","887","389EBBDCEE688FDDC1EB41CE787DFC3BB6BD64E0A31A91713995BE4A15A9A25C"
"assets/equipment_visuals/icons/particles/Fire/fire_cloth_armor_particles_20x20.png","97","F56CA4F287A7C782AE6BFFB2A7F3C4596354094A9926588AE0C9479F2F34E5C6"
"assets/equipment_visuals/icons/particles/Fire/fire_cloth_armor_particles_20x20.png.import","876","86CC4F80CBD0C0FB7CFC590C9ED1D836EDCD418DA72D5A280D952FAE06A6170D"
"assets/equipment_visuals/icons/particles/Fire/fire_cloth_pants_particles_20x20.png","97","45BA97F6BCA20F6024ADE26B4BC3D587357E55B241154CA498C725CA7A8C9B56"
"assets/equipment_visuals/icons/particles/Fire/fire_cloth_pants_particles_20x20.png.import","876","9427009830727F52A23891A117E1C061EA12A8D30A6EEEBC05B66DD25CF95B87"
"assets/equipment_visuals/icons/particles/Fire/fire_dragon_head_helmet_particles_20x20.png","97","1B058CAEB2B6DD68DE7EDFB01D5151F63196AC041ACB27FD80FEF01E3C50C0D5"
"assets/equipment_visuals/icons/particles/Fire/fire_dragon_head_helmet_particles_20x20.png.import","897","AE30B31D85480F2EB21F1A8567067445106867AAD24260A17E30A16FF8995F37"
"assets/equipment_visuals/icons/particles/Fire/fire_dragon_scale_armor_particles_20x20.png","97","1B058CAEB2B6DD68DE7EDFB01D5151F63196AC041ACB27FD80FEF01E3C50C0D5"
"assets/equipment_visuals/icons/particles/Fire/fire_dragon_scale_armor_particles_20x20.png.import","896","BC6F50938148D65354F476198282A959B747F8639558C41D77458BC2987E91DF"
"assets/equipment_visuals/icons/particles/Fire/fire_dragon_scale_legs_particles_20x20.png","97","45BA97F6BCA20F6024ADE26B4BC3D587357E55B241154CA498C725CA7A8C9B56"
"assets/equipment_visuals/icons/particles/Fire/fire_dragon_scale_legs_particles_20x20.png.import","893","EC197520DFA01DC37ACC67CCCF37D189AA8DB7748F423889B0D33781D174481C"
"assets/equipment_visuals/icons/particles/Fire/fire_dragon_walk_boots_particles_20x20.png","97","D191C8AA90EC4098D61BA6C54408F1F0327753A7A519212C8C1A6B21D77C2B00"
"assets/equipment_visuals/icons/particles/Fire/fire_dragon_walk_boots_particles_20x20.png.import","893","2C3E120D841448E234313BCA5539F3C597DA903E59910F5A52933B42D001A734"
"assets/equipment_visuals/icons/particles/Fire/fire_engraved_copper_ring_particles_20x20.png","97","45BA97F6BCA20F6024ADE26B4BC3D587357E55B241154CA498C725CA7A8C9B56"
"assets/equipment_visuals/icons/particles/Fire/fire_engraved_copper_ring_particles_20x20.png.import","902","1A297382ED3CE8F1B671BBF802BC59290C1EBBBF33823F2FDF0CB3F6383ECAA4"
"assets/equipment_visuals/icons/particles/Fire/fire_great_axe_particles_20x20.png","97","0FE299BCB7536D7698688F07385AA6F3E95F08F9830717DAD7E6D9B6BB401F1A"
"assets/equipment_visuals/icons/particles/Fire/fire_great_axe_particles_20x20.png.import","870","DC486BDDB98B95329A9E9EB2B2FC493EDEC2F2C7EB3FC382CE964DDA6EA70D19"
"assets/equipment_visuals/icons/particles/Fire/fire_great_sword_particles_20x20.png","97","45BA97F6BCA20F6024ADE26B4BC3D587357E55B241154CA498C725CA7A8C9B56"
"assets/equipment_visuals/icons/particles/Fire/fire_great_sword_particles_20x20.png.import","876","40BFE88B64BE7ECB29F6A69FB692EA2A4D72834204A288367231BF4CDAD27BA8"
"assets/equipment_visuals/icons/particles/Fire/fire_hand_axe_particles_20x20.png","97","45BA97F6BCA20F6024ADE26B4BC3D587357E55B241154CA498C725CA7A8C9B56"
"assets/equipment_visuals/icons/particles/Fire/fire_hand_axe_particles_20x20.png.import","867","C63BA33FDE07315701048A37261613C101262EB7201A9D46EB805972DA8A5CB1"
"assets/equipment_visuals/icons/particles/Fire/fire_heavy_crossbow_particles_20x20.png","97","0FE299BCB7536D7698688F07385AA6F3E95F08F9830717DAD7E6D9B6BB401F1A"
"assets/equipment_visuals/icons/particles/Fire/fire_heavy_crossbow_particles_20x20.png.import","885","09D41619691C24FB7DAD6B5D9ED83BE23094ECA3E95EFE463CDAE99416BB77A8"
"assets/equipment_visuals/icons/particles/Fire/fire_hunting_bow_particles_20x20.png","97","08FE08DF87F4BDBA8EAD0D6C773A06C41748FAA76CBA7FDF7A655BE4E708B900"
"assets/equipment_visuals/icons/particles/Fire/fire_hunting_bow_particles_20x20.png.import","875","D1E0647239A8465203E6C7C3E9CBBD4D1EF64D5E942FE14BE7BE19ADEB06A8DF"
"assets/equipment_visuals/icons/particles/Fire/fire_iron_helmet_particles_20x20.png","97","1B058CAEB2B6DD68DE7EDFB01D5151F63196AC041ACB27FD80FEF01E3C50C0D5"
"assets/equipment_visuals/icons/particles/Fire/fire_iron_helmet_particles_20x20.png.import","876","110687C472570D6FC63F6630A7A86CA1067FD75333215360DB4115456C33A00A"
"assets/equipment_visuals/icons/particles/Fire/fire_iron_toe_boots_particles_20x20.png","97","D191C8AA90EC4098D61BA6C54408F1F0327753A7A519212C8C1A6B21D77C2B00"
"assets/equipment_visuals/icons/particles/Fire/fire_iron_toe_boots_particles_20x20.png.import","884","F4CE6C2ADCC18271ABB1C1EF98E5E95CB7A9D1EB383679546679A076B381FD25"
"assets/equipment_visuals/icons/particles/Fire/fire_knight_helmet_particles_20x20.png","97","1B058CAEB2B6DD68DE7EDFB01D5151F63196AC041ACB27FD80FEF01E3C50C0D5"
"assets/equipment_visuals/icons/particles/Fire/fire_knight_helmet_particles_20x20.png.import","881","6BB9E71E01A7F9046F6EF1CB3181A44ED4F1ED8C431B9DFD8213036283569320"
"assets/equipment_visuals/icons/particles/Fire/fire_leather_armor_particles_20x20.png","97","1B058CAEB2B6DD68DE7EDFB01D5151F63196AC041ACB27FD80FEF01E3C50C0D5"
"assets/equipment_visuals/icons/particles/Fire/fire_leather_armor_particles_20x20.png.import","882","026E8F26BBFF52AE20D1FF7965191B9ECBBF61282EFD1F116FF6D7DAC3AFFE2D"
"assets/equipment_visuals/icons/particles/Fire/fire_leather_boots_particles_20x20.png","97","D191C8AA90EC4098D61BA6C54408F1F0327753A7A519212C8C1A6B21D77C2B00"
"assets/equipment_visuals/icons/particles/Fire/fire_leather_boots_particles_20x20.png.import","881","222468E0EA28774A98994E4A4B4172971EECF00DA235D8C0F345A129A307528B"
"assets/equipment_visuals/icons/particles/Fire/fire_leather_cap_particles_20x20.png","97","45BA97F6BCA20F6024ADE26B4BC3D587357E55B241154CA498C725CA7A8C9B56"
"assets/equipment_visuals/icons/particles/Fire/fire_leather_cap_particles_20x20.png.import","875","0B49A7FE724C82F4B2E66DB6B29FDFDC709F7E08458399D48335B551640F7650"
"assets/equipment_visuals/icons/particles/Fire/fire_leather_pants_particles_20x20.png","97","45BA97F6BCA20F6024ADE26B4BC3D587357E55B241154CA498C725CA7A8C9B56"
"assets/equipment_visuals/icons/particles/Fire/fire_leather_pants_particles_20x20.png.import","882","B2465898025D15435914A0CF9A4226A30D2C8C4FD442D810486F909073BB656D"
"assets/equipment_visuals/icons/particles/Fire/fire_long_sword_particles_20x20.png","97","15ED8D3834B8E2BFDE9F9C80CBB3A2B0360AE468F731377B8DE2F5E6C20FFA6F"
"assets/equipment_visuals/icons/particles/Fire/fire_long_sword_particles_20x20.png.import","872","57586D04C039132AF54D19DE0FDBD53B123F5273234491B8D99CED282DC1C6DB"
"assets/equipment_visuals/icons/particles/Fire/fire_longbow_particles_20x20.png","97","D65180865033246BCB26D9BCE663DC1E40CBDFDA84CB9CCBB22BEC9C8440ADB8"
"assets/equipment_visuals/icons/particles/Fire/fire_longbow_particles_20x20.png.import","864","CFB138C5AFD683294B2FF35C6C498BE60DE76CBFC6CD514500F1DD6001275DB2"
"assets/equipment_visuals/icons/particles/Fire/fire_plate_armor_particles_20x20.png","97","80EAD6E948D4FFD4A9FAA7596084BC1776D9D5E83638FB914E4BEC925E756D23"
"assets/equipment_visuals/icons/particles/Fire/fire_plate_armor_particles_20x20.png.import","876","7A94F66A803C978A7B1EB56F7BF237EE020B0D1A2BCE9260D82C0A4A8ABF1DE3"
"assets/equipment_visuals/icons/particles/Fire/fire_plate_greaves_particles_20x20.png","97","45BA97F6BCA20F6024ADE26B4BC3D587357E55B241154CA498C725CA7A8C9B56"
"assets/equipment_visuals/icons/particles/Fire/fire_plate_greaves_particles_20x20.png.import","882","7BA5915C72D46A26088C8CE89171A0B151C0934FB5E6DC0AAB059D1FF45B93F2"
"assets/equipment_visuals/icons/particles/Fire/fire_rapier_particles_20x20.png","97","15ED8D3834B8E2BFDE9F9C80CBB3A2B0360AE468F731377B8DE2F5E6C20FFA6F"
"assets/equipment_visuals/icons/particles/Fire/fire_rapier_particles_20x20.png.import","861","DCEBF1ED2DA949A1D9CC947A5DCEA8E3E7D73DAFDABB3ABF3A5CAFCDBEDD9C89"
"assets/equipment_visuals/icons/particles/Fire/fire_sacred_relic_particles_20x20.png","97","45BA97F6BCA20F6024ADE26B4BC3D587357E55B241154CA498C725CA7A8C9B56"
"assets/equipment_visuals/icons/particles/Fire/fire_sacred_relic_particles_20x20.png.import","879","98F93F0B77F59C1B3E9B6BBC04E0D5929AF182B47B5C4F6CCC080328761615B8"
"assets/equipment_visuals/icons/particles/Fire/fire_short_sword_particles_20x20.png","97","15ED8D3834B8E2BFDE9F9C80CBB3A2B0360AE468F731377B8DE2F5E6C20FFA6F"
"assets/equipment_visuals/icons/particles/Fire/fire_short_sword_particles_20x20.png.import","876","79000E29B95FBB8BC58A30513F4866C5AB032C71AA5DEA91BEBADFE03BFC43FF"
"assets/equipment_visuals/icons/particles/Fire/fire_silver_badge_particles_20x20.png","97","45BA97F6BCA20F6024ADE26B4BC3D587357E55B241154CA498C725CA7A8C9B56"
"assets/equipment_visuals/icons/particles/Fire/fire_silver_badge_particles_20x20.png.import","879","EFBB41638576B083E1B756A7609FC2133B65496488070558D667560C7F80E00F"
"assets/equipment_visuals/icons/particles/Fire/fire_straw_sandals_particles_20x20.png","97","D191C8AA90EC4098D61BA6C54408F1F0327753A7A519212C8C1A6B21D77C2B00"
"assets/equipment_visuals/icons/particles/Fire/fire_straw_sandals_particles_20x20.png.import","882","B7EAE2AB11BE1D402952751DA125B7DB61D5224438D1591B2127A0D223901A71"
"assets/equipment_visuals/icons/particles/Fire/fire_whisper_orb_particles_20x20.png","97","45BA97F6BCA20F6024ADE26B4BC3D587357E55B241154CA498C725CA7A8C9B56"
"assets/equipment_visuals/icons/particles/Fire/fire_whisper_orb_particles_20x20.png.import","876","663EBFDFA066FAC337FE0C125662DD3D47CEF67FB60A90E8484722EC9756A8B0"
"assets/equipment_visuals/icons/particles/Fire/fire_wind_boots_particles_20x20.png","97","D191C8AA90EC4098D61BA6C54408F1F0327753A7A519212C8C1A6B21D77C2B00"
"assets/equipment_visuals/icons/particles/Fire/fire_wind_boots_particles_20x20.png.import","873","24BC686F121FD881861F3FC674510E2277F11FD19EB6E9A9F8353E3A8E83164D"
"assets/equipment_visuals/icons/particles/Metal/metal_battle_axe_particles_20x20.png","100","15988B2735C6511572AC601303BBCB087562E180788536C93AAC16C74EA77F14"
"assets/equipment_visuals/icons/particles/Metal/metal_battle_axe_particles_20x20.png.import","876","D1CAD58450F5DFD9686CBEFBEBB2DE9AF6D0D2487EBAE349241DF5808DA15A0E"
"assets/equipment_visuals/icons/particles/Metal/metal_battle_helmet_particles_20x20.png","100","15988B2735C6511572AC601303BBCB087562E180788536C93AAC16C74EA77F14"
"assets/equipment_visuals/icons/particles/Metal/metal_battle_helmet_particles_20x20.png.import","886","4AE6407B7BE35EDF44CB357C8962723AFC195E9A0A9A406EF9ED79661B6368C5"
"assets/equipment_visuals/icons/particles/Metal/metal_carved_wood_amulet_particles_20x20.png","100","FBDF97EB79366AEF22EE5604C0D7B7F4FC00CFAF6FEBE5F6C86508E69F82D986"
"assets/equipment_visuals/icons/particles/Metal/metal_carved_wood_amulet_particles_20x20.png.import","901","C75184AEF4B63D01B0BA1DA3F0ED125DBE7C64C649D045E3C57EC69136027E68"
"assets/equipment_visuals/icons/particles/Metal/metal_chainmail_armor_particles_20x20.png","100","05ADBB4CA0128A59E30608A3F7D74552BEF5A567976601033BCA66FB77405A13"
"assets/equipment_visuals/icons/particles/Metal/metal_chainmail_armor_particles_20x20.png.import","892","7DAA137E996A2E5B99195508C118BDEE10F237484EFE94BFECAB8AAFB3867ABE"
"assets/equipment_visuals/icons/particles/Metal/metal_chainmail_pants_particles_20x20.png","100","FBDF97EB79366AEF22EE5604C0D7B7F4FC00CFAF6FEBE5F6C86508E69F82D986"
"assets/equipment_visuals/icons/particles/Metal/metal_chainmail_pants_particles_20x20.png.import","892","FE92335CCA193F07C04069BFE470CAE936552F90D12324A344B88D8C14E08BC2"
"assets/equipment_visuals/icons/particles/Metal/metal_cloth_armor_particles_20x20.png","100","FBDF97EB79366AEF22EE5604C0D7B7F4FC00CFAF6FEBE5F6C86508E69F82D986"
"assets/equipment_visuals/icons/particles/Metal/metal_cloth_armor_particles_20x20.png.import","880","BCBF085A12B71F41D0A2FBF422F3FBE096828C621F4B20B7B8A89D522C0974A6"
"assets/equipment_visuals/icons/particles/Metal/metal_cloth_pants_particles_20x20.png","100","FBDF97EB79366AEF22EE5604C0D7B7F4FC00CFAF6FEBE5F6C86508E69F82D986"
"assets/equipment_visuals/icons/particles/Metal/metal_cloth_pants_particles_20x20.png.import","880","D0C269B49BED54B0F65686ACAE5416C5330E6885E3DEB5188F5AAADF02DC6150"
"assets/equipment_visuals/icons/particles/Metal/metal_dragon_head_helmet_particles_20x20.png","100","05ADBB4CA0128A59E30608A3F7D74552BEF5A567976601033BCA66FB77405A13"
"assets/equipment_visuals/icons/particles/Metal/metal_dragon_head_helmet_particles_20x20.png.import","901","92258AE6BC7932FF6C4A90AA8364357AC42C09456D8BDDE85A85FC3655A5BB8E"
"assets/equipment_visuals/icons/particles/Metal/metal_dragon_scale_armor_particles_20x20.png","100","05ADBB4CA0128A59E30608A3F7D74552BEF5A567976601033BCA66FB77405A13"
"assets/equipment_visuals/icons/particles/Metal/metal_dragon_scale_armor_particles_20x20.png.import","901","59B05DAD3D4C638E78595D1E9E1793EB951A58C7BA5E96EF42C0131ED5F2FD3E"
"assets/equipment_visuals/icons/particles/Metal/metal_dragon_scale_legs_particles_20x20.png","100","FBDF97EB79366AEF22EE5604C0D7B7F4FC00CFAF6FEBE5F6C86508E69F82D986"
"assets/equipment_visuals/icons/particles/Metal/metal_dragon_scale_legs_particles_20x20.png.import","897","86A92F887F47FD1136B15CED0690E78B9211BB9C7AC1FB7A0BE4AB0DE82FB718"
"assets/equipment_visuals/icons/particles/Metal/metal_dragon_walk_boots_particles_20x20.png","100","4E73F836A316DC62B00B88EF93272DFC2239FC2A2BFE08E51632C7B331F3D832"
"assets/equipment_visuals/icons/particles/Metal/metal_dragon_walk_boots_particles_20x20.png.import","898","39F7F0E73F1D6667A3B82D798036DEE4C7B54A5215815CC5B0B7F77537180DD4"
"assets/equipment_visuals/icons/particles/Metal/metal_engraved_copper_ring_particles_20x20.png","100","FBDF97EB79366AEF22EE5604C0D7B7F4FC00CFAF6FEBE5F6C86508E69F82D986"
"assets/equipment_visuals/icons/particles/Metal/metal_engraved_copper_ring_particles_20x20.png.import","907","10C495715BCDD6F60DAF0D401DD80DB3EBDA039C00BA3438D5072DDC291F2483"
"assets/equipment_visuals/icons/particles/Metal/metal_great_axe_particles_20x20.png","100","4E73F836A316DC62B00B88EF93272DFC2239FC2A2BFE08E51632C7B331F3D832"
"assets/equipment_visuals/icons/particles/Metal/metal_great_axe_particles_20x20.png.import","873","3EFE26458E5363426F17DA5AF8871D21B5CB48F73D264B67BE5550B532CE7678"
"assets/equipment_visuals/icons/particles/Metal/metal_great_sword_particles_20x20.png","100","FBDF97EB79366AEF22EE5604C0D7B7F4FC00CFAF6FEBE5F6C86508E69F82D986"
"assets/equipment_visuals/icons/particles/Metal/metal_great_sword_particles_20x20.png.import","880","19AE4A60BB9D7E7E0A169F105FAF40E15B819164393F52D43244999EB3BA9D63"
"assets/equipment_visuals/icons/particles/Metal/metal_hand_axe_particles_20x20.png","100","FBDF97EB79366AEF22EE5604C0D7B7F4FC00CFAF6FEBE5F6C86508E69F82D986"
"assets/equipment_visuals/icons/particles/Metal/metal_hand_axe_particles_20x20.png.import","870","F6AC0242D29849CFF6A20516DA427B780003A22CBD546B92FC4EA45BB57585F3"
"assets/equipment_visuals/icons/particles/Metal/metal_heavy_crossbow_particles_20x20.png","100","15988B2735C6511572AC601303BBCB087562E180788536C93AAC16C74EA77F14"
"assets/equipment_visuals/icons/particles/Metal/metal_heavy_crossbow_particles_20x20.png.import","889","896BA48DEC7043B135A37386EEA4AD2EB36017D6ACE98B2F3FAD8D544D1F3545"
"assets/equipment_visuals/icons/particles/Metal/metal_hunting_bow_particles_20x20.png","100","5085FC7C2C76C3626B8757C9077839A6ADFAF73C2581C238B452062862F971E0"
"assets/equipment_visuals/icons/particles/Metal/metal_hunting_bow_particles_20x20.png.import","880","7C308727ECFA291B32DD79134A8B3B3E162235ED1B037AA44CC9A8BF2C13A42C"
"assets/equipment_visuals/icons/particles/Metal/metal_iron_helmet_particles_20x20.png","100","15988B2735C6511572AC601303BBCB087562E180788536C93AAC16C74EA77F14"
"assets/equipment_visuals/icons/particles/Metal/metal_iron_helmet_particles_20x20.png.import","879","ECE6FD3C338BDD14E01A06D1B49A52D0615DF371B2B1335D7C2DB8A4D2990E91"
"assets/equipment_visuals/icons/particles/Metal/metal_iron_toe_boots_particles_20x20.png","100","4E73F836A316DC62B00B88EF93272DFC2239FC2A2BFE08E51632C7B331F3D832"
"assets/equipment_visuals/icons/particles/Metal/metal_iron_toe_boots_particles_20x20.png.import","889","CE1DA7BCF581D0814DDA255C312718100F7D50C5942EDB958BC0A861BC53C38C"
"assets/equipment_visuals/icons/particles/Metal/metal_knight_helmet_particles_20x20.png","100","15988B2735C6511572AC601303BBCB087562E180788536C93AAC16C74EA77F14"
"assets/equipment_visuals/icons/particles/Metal/metal_knight_helmet_particles_20x20.png.import","886","155AE431E40E83B8CF9527D1B696B67F17CAE1267EA390309C7311733384C114"
"assets/equipment_visuals/icons/particles/Metal/metal_leather_armor_particles_20x20.png","100","15988B2735C6511572AC601303BBCB087562E180788536C93AAC16C74EA77F14"
"assets/equipment_visuals/icons/particles/Metal/metal_leather_armor_particles_20x20.png.import","886","6F0212BF587853C0536CDB2AFB2D776F4E225CB500FF061D28E170F592F487D5"
"assets/equipment_visuals/icons/particles/Metal/metal_leather_boots_particles_20x20.png","100","4E73F836A316DC62B00B88EF93272DFC2239FC2A2BFE08E51632C7B331F3D832"
"assets/equipment_visuals/icons/particles/Metal/metal_leather_boots_particles_20x20.png.import","886","6C353A6BF6499845FEC1642A4FE9D14DCF4F1EAE3E385F7F5BC2088B37E6C84C"
"assets/equipment_visuals/icons/particles/Metal/metal_leather_cap_particles_20x20.png","100","FBDF97EB79366AEF22EE5604C0D7B7F4FC00CFAF6FEBE5F6C86508E69F82D986"
"assets/equipment_visuals/icons/particles/Metal/metal_leather_cap_particles_20x20.png.import","879","B95DFE27237D03CDC9D4AC7F8E92BA33171C27B763DFBFFA80A8714D4B0A7490"
"assets/equipment_visuals/icons/particles/Metal/metal_leather_pants_particles_20x20.png","100","FBDF97EB79366AEF22EE5604C0D7B7F4FC00CFAF6FEBE5F6C86508E69F82D986"
"assets/equipment_visuals/icons/particles/Metal/metal_leather_pants_particles_20x20.png.import","885","73E09CCF3774E8D1C181CE38509B61AF99855CE95ED3DDCAEBDC4A3FCD93F776"
"assets/equipment_visuals/icons/particles/Metal/metal_long_sword_particles_20x20.png","100","1D2DAC23CC920D771569369C3889C15FD4D593D79E61994AD4A20C8920A113FE"
"assets/equipment_visuals/icons/particles/Metal/metal_long_sword_particles_20x20.png.import","877","E09334C6C0129D551C414E36C7C71CD93239698266F8D65D768E7895762EE9D3"
"assets/equipment_visuals/icons/particles/Metal/metal_longbow_particles_20x20.png","100","8D469BD8BC992329939CAD5A242849BBE9863D09A227EAF5337A10691B2F9ECC"
"assets/equipment_visuals/icons/particles/Metal/metal_longbow_particles_20x20.png.import","868","7BCBD0C2D2DA198F847DC1F439808347CF1253A45B53C1B67633F2485AB1AE1B"
"assets/equipment_visuals/icons/particles/Metal/metal_plate_armor_particles_20x20.png","100","15988B2735C6511572AC601303BBCB087562E180788536C93AAC16C74EA77F14"
"assets/equipment_visuals/icons/particles/Metal/metal_plate_armor_particles_20x20.png.import","880","F26847E8E96D6D76ECAADB2656605E4C9951A9A8F2CA9A5F493CE5C1C58C3761"
"assets/equipment_visuals/icons/particles/Metal/metal_plate_greaves_particles_20x20.png","100","FBDF97EB79366AEF22EE5604C0D7B7F4FC00CFAF6FEBE5F6C86508E69F82D986"
"assets/equipment_visuals/icons/particles/Metal/metal_plate_greaves_particles_20x20.png.import","886","CD8687A1B57B89DB8E38C197E5E0C061E3D33E3867F63446E58F646D71AF038C"
"assets/equipment_visuals/icons/particles/Metal/metal_rapier_particles_20x20.png","100","1D2DAC23CC920D771569369C3889C15FD4D593D79E61994AD4A20C8920A113FE"
"assets/equipment_visuals/icons/particles/Metal/metal_rapier_particles_20x20.png.import","864","F4E3E981A0052E505FE4EDEB88FB51BF048B4C3C76A529AF8AF2DA37A44A1CAE"
"assets/equipment_visuals/icons/particles/Metal/metal_sacred_relic_particles_20x20.png","100","FBDF97EB79366AEF22EE5604C0D7B7F4FC00CFAF6FEBE5F6C86508E69F82D986"
"assets/equipment_visuals/icons/particles/Metal/metal_sacred_relic_particles_20x20.png.import","883","CD60BDABBDA8024B6271F3A56BFC488BDA007D219AA4CAD64F59B02499FC5399"
"assets/equipment_visuals/icons/particles/Metal/metal_short_sword_particles_20x20.png","100","1D2DAC23CC920D771569369C3889C15FD4D593D79E61994AD4A20C8920A113FE"
"assets/equipment_visuals/icons/particles/Metal/metal_short_sword_particles_20x20.png.import","880","83EF3BAF08659ED7AEE88887B4FD94380E32B0DDAD5549759FFE4FA149BA0EE4"
"assets/equipment_visuals/icons/particles/Metal/metal_silver_badge_particles_20x20.png","100","FBDF97EB79366AEF22EE5604C0D7B7F4FC00CFAF6FEBE5F6C86508E69F82D986"
"assets/equipment_visuals/icons/particles/Metal/metal_silver_badge_particles_20x20.png.import","883","0485C0581418BDF11E3F5341076FC630F3E0F0A9423A584F2467B85E76AEFA4C"
"assets/equipment_visuals/icons/particles/Metal/metal_straw_sandals_particles_20x20.png","100","4E73F836A316DC62B00B88EF93272DFC2239FC2A2BFE08E51632C7B331F3D832"
"assets/equipment_visuals/icons/particles/Metal/metal_straw_sandals_particles_20x20.png.import","885","35B39EF5F9BA2B0EFA351DB56B1375F9387FE9ABBC73D161088D67988A3C016F"
"assets/equipment_visuals/icons/particles/Metal/metal_whisper_orb_particles_20x20.png","100","FBDF97EB79366AEF22EE5604C0D7B7F4FC00CFAF6FEBE5F6C86508E69F82D986"
"assets/equipment_visuals/icons/particles/Metal/metal_whisper_orb_particles_20x20.png.import","880","3C33FFD17C92A73E3BCE3337E735CA0BE70E5107DB96A2BB2445BE730ABCBF5B"
"assets/equipment_visuals/icons/particles/Metal/metal_wind_boots_particles_20x20.png","100","4E73F836A316DC62B00B88EF93272DFC2239FC2A2BFE08E51632C7B331F3D832"
"assets/equipment_visuals/icons/particles/Metal/metal_wind_boots_particles_20x20.png.import","877","BD42A1FF9F86E1723753531081C6277AFAA829528DF634331C42B0F5FBF5382D"
"assets/equipment_visuals/icons/particles/Particle_Contact_Sheets/accessory_earth_final_color_4x.png","4273","E24E7428444A265D4C6F185AD3A6640F51384D30594BFB645C3AAD923B853D25"
"assets/equipment_visuals/icons/particles/Particle_Contact_Sheets/accessory_earth_final_color_4x.png.import","889","FBEB4C0D7BA738637A9A75F13A5B58F54AC41EB3D7439827AF13E70384EBE518"
"assets/equipment_visuals/icons/particles/Particle_Contact_Sheets/accessory_earth_final_grayscale_4x.png","4153","1BFBF666156B156E9D6DCBF29143F3484ACD70B6A85B51E7166A008922AAC7A9"
"assets/equipment_visuals/icons/particles/Particle_Contact_Sheets/accessory_earth_final_grayscale_4x.png.import","900","0FB8AB90FE8C3A1A8F603C3A86641E158AE2CD748D15DAE39F1E355759DC2B6B"
"assets/equipment_visuals/icons/particles/Particle_Contact_Sheets/accessory_earth_particles_8x.png","4017","942B9A4D7547A524F39B2F285EF7619296D6351DC5130A4E64BEAF8FF0C6E433"
"assets/equipment_visuals/icons/particles/Particle_Contact_Sheets/accessory_earth_particles_8x.png.import","883","8BE9237A6DCA4DF4FB40A566D36525BE8D493816CD5828AD1E69B7C26740793E"
"assets/equipment_visuals/icons/particles/Particle_Contact_Sheets/accessory_fire_final_color_4x.png","4311","7FFDCEFF4CDD13D479F71051AD1EA4FDD9BC28FD90B304CC885F3F1AF97A3216"
"assets/equipment_visuals/icons/particles/Particle_Contact_Sheets/accessory_fire_final_color_4x.png.import","885","DD99022C0A061A2E23FE98E2AC55F123A4DB2DD275FD6EC035F9E038181F92D0"
"assets/equipment_visuals/icons/particles/Particle_Contact_Sheets/accessory_fire_final_grayscale_4x.png","4176","B5CE3726DAECAEDE400FECCB4A81C4ECCC6A945622C11978C93FB8E4352D4178"
"assets/equipment_visuals/icons/particles/Particle_Contact_Sheets/accessory_fire_final_grayscale_4x.png.import","897","5078C8B67E14BB70C7199FCA349173A04216FD5B97B1865C6698BEF4985CD167"
"assets/equipment_visuals/icons/particles/Particle_Contact_Sheets/accessory_fire_particles_8x.png","4052","C0AA57D3B2CFC764280440EF851F4C24A9E253FD2AD144613FE3346DADA99490"
"assets/equipment_visuals/icons/particles/Particle_Contact_Sheets/accessory_fire_particles_8x.png.import","880","2A9528A1782303B5379627308BCCC25F143F01496691393CFA7D010A857ECC1D"
"assets/equipment_visuals/icons/particles/Particle_Contact_Sheets/accessory_metal_final_color_4x.png","4298","83217CCBDC9AE4418A54038CE09670B4FD61995B0050640833CD825B40DC863E"
"assets/equipment_visuals/icons/particles/Particle_Contact_Sheets/accessory_metal_final_color_4x.png.import","889","2C7C8057BB9F79761279C55BD5E2FE1A299C7D3E9BF020A3CF6535F1A66D4EE4"
"assets/equipment_visuals/icons/particles/Particle_Contact_Sheets/accessory_metal_final_grayscale_4x.png","4172","63878A3F41A7773DBB41CFB05B92F0526C17D4C7028E979A54EB52D013ED2710"
"assets/equipment_visuals/icons/particles/Particle_Contact_Sheets/accessory_metal_final_grayscale_4x.png.import","900","6C5B0DEFB6CD9359A7AE6679B95A936D7131BE721C11CED9D12FB797B4D90F77"
"assets/equipment_visuals/icons/particles/Particle_Contact_Sheets/accessory_metal_particles_8x.png","4023","B4547E4CB7C1ADD488D9E9AA61522BB0B175515316C06932E7E243FC46076E7B"
"assets/equipment_visuals/icons/particles/Particle_Contact_Sheets/accessory_metal_particles_8x.png.import","882","ADAEEBD99DA67B4B8F6722462F894B79534FABCE284E68640A9EB924D3C61396"
"assets/equipment_visuals/icons/particles/Particle_Contact_Sheets/accessory_water_final_color_4x.png","4321","EAFB20B6DB97AC3344E4FFE44FF16A25E3D76DC4DF3F85686F0154EC83BC1D10"
"assets/equipment_visuals/icons/particles/Particle_Contact_Sheets/accessory_water_final_color_4x.png.import","889","377CA23808EED50F647650BA692B2AB8C735180F9A0A3146B2FF6A0619F21B4C"
"assets/equipment_visuals/icons/particles/Particle_Contact_Sheets/accessory_water_final_grayscale_4x.png","4189","31E15E67C87D9DE6B2CB5370BC61DF37DE0E61B802C0463B2F8C29B7C35F4092"
"assets/equipment_visuals/icons/particles/Particle_Contact_Sheets/accessory_water_final_grayscale_4x.png.import","900","55B92EF039E910FB93BA771F37F7B7D3EB4787562864B1DADCBECA3FEA9CE8C5"
"assets/equipment_visuals/icons/particles/Particle_Contact_Sheets/accessory_water_particles_8x.png","4069","E1D1E85D717A0C1D4D71516D4F741A086566CD76A5FD8BBD712C15594D8DD057"
"assets/equipment_visuals/icons/particles/Particle_Contact_Sheets/accessory_water_particles_8x.png.import","883","42E158EC0803B1EF8794A0383A0545D76FDA886612ACF8DDE2668AAB107845F5"
"assets/equipment_visuals/icons/particles/Particle_Contact_Sheets/accessory_wood_final_color_4x.png","4289","63D7F46CBBED20A54260352B6E6030C4B298381B2A3E65105E4AEEBD484BE07E"
"assets/equipment_visuals/icons/particles/Particle_Contact_Sheets/accessory_wood_final_color_4x.png.import","886","883B0CB8C1A11EA07B757ABDB91778EB5AA3201F1DD07B0D2BCA2B0DEC93F53F"
"assets/equipment_visuals/icons/particles/Particle_Contact_Sheets/accessory_wood_final_grayscale_4x.png","4169","7B1CD3A8D591DE7DE8E7842D6C28B09941F8E24CF4376CA2813426DDE67E313E"
"assets/equipment_visuals/icons/particles/Particle_Contact_Sheets/accessory_wood_final_grayscale_4x.png.import","898","2A6AE83FA668FCB70D4AABF7DB23484CF68E837B77AEF5A80899FC6BCB2EBD85"
"assets/equipment_visuals/icons/particles/Particle_Contact_Sheets/accessory_wood_particles_8x.png","4025","623258F06840461F2B7ABDF0DDB37D17B6CDD4EE82D432850F16F5A4286EAEE4"
"assets/equipment_visuals/icons/particles/Particle_Contact_Sheets/accessory_wood_particles_8x.png.import","880","945D6C7791A2160CBA5DF5694758B71DF2D39F71A2221761FA0E23C147180A5F"
"assets/equipment_visuals/icons/particles/Particle_Contact_Sheets/armor_earth_final_color_4x.png","3611","5E416CF1B3DC76ED349E74FD474B0AB274889445A595DABE016A888E8499F340"
"assets/equipment_visuals/icons/particles/Particle_Contact_Sheets/armor_earth_final_color_4x.png.import","877","36E555341C2A5E575EA4462138551A5ED8EAFB3AEA39B951E62B81FAFD79268F"
"assets/equipment_visuals/icons/particles/Particle_Contact_Sheets/armor_earth_final_grayscale_4x.png","3484","5C23B1CCF3E2B50260209E32C9ABBDAEDBD0B560EE799C7D382F5B8BFFE37145"
"assets/equipment_visuals/icons/particles/Particle_Contact_Sheets/armor_earth_final_grayscale_4x.png.import","889","C6B8FC71A4120B779BE269B87CF8FE3260409EA3A115FF762D3B1A3CC47B2774"
"assets/equipment_visuals/icons/particles/Particle_Contact_Sheets/armor_earth_particles_8x.png","3267","865D64F2BF2E910D041A069C13030F2062BFFB87DACAD27E77389BE27C148522"
"assets/equipment_visuals/icons/particles/Particle_Contact_Sheets/armor_earth_particles_8x.png.import","871","1DE75D54B0C79B24E0DAAF606FCA74DDDB29DE1D71D5C14013CA374895EECE10"
"assets/equipment_visuals/icons/particles/Particle_Contact_Sheets/armor_fire_final_color_4x.png","3642","1F2CD74AAED8E9F200669E4AB74DA755E5BB27E62D69BF4962A5AF9BFB557C16"
"assets/equipment_visuals/icons/particles/Particle_Contact_Sheets/armor_fire_final_color_4x.png.import","874","AFEDF6B2910DEF82983EE6ECB4F002D63C8F125A0D18B305F63BBE8CC9CFFF36"
"assets/equipment_visuals/icons/particles/Particle_Contact_Sheets/armor_fire_final_grayscale_4x.png","3518","07FA42C3B619093D6255ED3339CDC4721C654D55C1A9A049D5D3389EB3A2CABB"
"assets/equipment_visuals/icons/particles/Particle_Contact_Sheets/armor_fire_final_grayscale_4x.png.import","886","8E030329926C13BC8D043D4080EC6B63F07F34DDF78055F380FC7D819A35C204"
"assets/equipment_visuals/icons/particles/Particle_Contact_Sheets/armor_fire_particles_8x.png","3318","8CD296F2C97A6945B3627129783EEAC9E8366B3E2E189B2AA724C576DCE08E7E"
"assets/equipment_visuals/icons/particles/Particle_Contact_Sheets/armor_fire_particles_8x.png.import","868","883CF243E1D5BB245F89453DACC206BD619E85CB376C700992409B94FE5A406F"
"assets/equipment_visuals/icons/particles/Particle_Contact_Sheets/armor_metal_final_color_4x.png","3609","558239241D024F7A1426411507BBB483B8F88625E3B0F9BDB2274DD9808560F3"
"assets/equipment_visuals/icons/particles/Particle_Contact_Sheets/armor_metal_final_color_4x.png.import","876","1F4DDA15CDD1D4988B4FFD2585C41DAC6A30864FEEC5FA06DAE06FDD56C7F432"
"assets/equipment_visuals/icons/particles/Particle_Contact_Sheets/armor_metal_final_grayscale_4x.png","3493","187307DDE35D37411CDB8F49134571943F1FAAEC27804BFA048EFB2444AE6BFE"
"assets/equipment_visuals/icons/particles/Particle_Contact_Sheets/armor_metal_final_grayscale_4x.png.import","888","E8E3970AA959C3C569580F213B8C35215FC5ADD54AC0D2B141EBC1BEB09209F3"
"assets/equipment_visuals/icons/particles/Particle_Contact_Sheets/armor_metal_particles_8x.png","3244","4464A15101524FA5D8BB85B714C6B5F34FE2702BEDB156AB55B5A0B61825D2BF"
"assets/equipment_visuals/icons/particles/Particle_Contact_Sheets/armor_metal_particles_8x.png.import","871","FD9689879F8940F8908C8A8434B588B3F57B7AD2C69DA9C4661D4D16F6E65BD5"
"assets/equipment_visuals/icons/particles/Particle_Contact_Sheets/armor_water_final_color_4x.png","3608","ABB633B068E9B8B4EF820501F1F5FF7EFA09DABC083AB3F127017C22BECA315C"
"assets/equipment_visuals/icons/particles/Particle_Contact_Sheets/armor_water_final_color_4x.png.import","876","1B693F67EA604A05877AEDEB68F61958C464967B4D7D6C2323CD590E625209C2"
"assets/equipment_visuals/icons/particles/Particle_Contact_Sheets/armor_water_final_grayscale_4x.png","3482","5C41F0AB6CC1586A6FAD7F61D29C742B91F68A460C7D6040971A7AD83FF71DD1"
"assets/equipment_visuals/icons/particles/Particle_Contact_Sheets/armor_water_final_grayscale_4x.png.import","889","E0FD14F061D6AECBDDB31045EA485669BC3BE6217EEE11D5443F798B6B323608"
"assets/equipment_visuals/icons/particles/Particle_Contact_Sheets/armor_water_particles_8x.png","3281","AA43CB39747E8E48E50E97A9790805587FA4AB2BEE48BB11E73870CB21FDAC32"
"assets/equipment_visuals/icons/particles/Particle_Contact_Sheets/armor_water_particles_8x.png.import","871","8A9865C3317FBADDB4C28FB76D47410DB41065A5D1349E5AFA84D0E43DBD66A3"
"assets/equipment_visuals/icons/particles/Particle_Contact_Sheets/armor_wood_final_color_4x.png","3584","3872DBCEE200597BD06AF240243979B1DA8649B5395FD0F7C6418BF14490F288"
"assets/equipment_visuals/icons/particles/Particle_Contact_Sheets/armor_wood_final_color_4x.png.import","873","01CED02AFFA8C8E10EBA9A4884BE26E633EF641C2A601E0EE20572844D68583D"
"assets/equipment_visuals/icons/particles/Particle_Contact_Sheets/armor_wood_final_grayscale_4x.png","3456","1861171CFA8F667EBD9EFD11972298FA19C7CC6713EB3C46B333A6B1AFACB975"
"assets/equipment_visuals/icons/particles/Particle_Contact_Sheets/armor_wood_final_grayscale_4x.png.import","885","54506E2B4B75E5F51409969C2143795396842F283E76EBDAC29DDD3D920A6388"
"assets/equipment_visuals/icons/particles/Particle_Contact_Sheets/armor_wood_particles_8x.png","3236","3F60AA09A3247C1445B41823A79D15EEC0DC92EB78E348692D456226EC7AFD4A"
"assets/equipment_visuals/icons/particles/Particle_Contact_Sheets/armor_wood_particles_8x.png.import","868","B14EFA788E2C270571A3B8912EA3DFBAC74972B702BF18E22DA4CCD5E6E502B0"
"assets/equipment_visuals/icons/particles/Particle_Contact_Sheets/boots_earth_final_color_4x.png","3508","BDD72ABED0E460E081467C0B88F783D2F80DAC476C9733D0FF3955E517D55CDB"
"assets/equipment_visuals/icons/particles/Particle_Contact_Sheets/boots_earth_final_color_4x.png.import","876","72FD0DE4F3405D1F09020974BD4AA1F0CBC262EECA75C5248E0BB94E8F9AF523"
"assets/equipment_visuals/icons/particles/Particle_Contact_Sheets/boots_earth_final_grayscale_4x.png","3413","4802611B99A71477C554CD0D406F7DEF8FD233E1A486CABDE73CD6EAD3E4CB0F"
"assets/equipment_visuals/icons/particles/Particle_Contact_Sheets/boots_earth_final_grayscale_4x.png.import","889","E495296B38A24C35A4DB5E207F04D41C1967AF857FBA960D0F2009C02F592179"
"assets/equipment_visuals/icons/particles/Particle_Contact_Sheets/boots_earth_particles_8x.png","3349","704FCDECFBCADC80FCB4F5E7DD3A54428A112131C6EEE3BF68FEABF4C466E9AA"
"assets/equipment_visuals/icons/particles/Particle_Contact_Sheets/boots_earth_particles_8x.png.import","870","C66BEAB4B60F45BA122354ADDF4347A9C280E09B61301B8A33E8FBFEA159D9B1"
"assets/equipment_visuals/icons/particles/Particle_Contact_Sheets/boots_fire_final_color_4x.png","3518","C2549BC08DD852833E30966892B12D262C74172C759106ACF5A98FDA2BDF8507"
"assets/equipment_visuals/icons/particles/Particle_Contact_Sheets/boots_fire_final_color_4x.png.import","873","17DCBA94545CE0CF409D09B420A80F93482AC1A0FCD612970DCEC091E65C0F30"
"assets/equipment_visuals/icons/particles/Particle_Contact_Sheets/boots_fire_final_grayscale_4x.png","3418","5B81C8F2DF11313EA9D8BCFC9CD40BD65DB60845387A3C4FE13930C076E1FA43"
"assets/equipment_visuals/icons/particles/Particle_Contact_Sheets/boots_fire_final_grayscale_4x.png.import","886","5B03341DD2505251C785D87429CD6BB5F1C0A83CCAC5D99B1085FBD8DB63D29A"
"assets/equipment_visuals/icons/particles/Particle_Contact_Sheets/boots_fire_particles_8x.png","3377","E51209A51937182D224463D10BC284C61CB233E4ACD8130E8D37CFAB75548949"
"assets/equipment_visuals/icons/particles/Particle_Contact_Sheets/boots_fire_particles_8x.png.import","867","BC4FF5442D53CDF4451CC3B61C3461D658B2AD1DCC4A7EDAC9574AA9566BDFA9"
"assets/equipment_visuals/icons/particles/Particle_Contact_Sheets/boots_metal_final_color_4x.png","3490","502C58416F055AFD51069A7F16B4A7659E75F28367DA3273FE3D5BF2AF5BA25B"
"assets/equipment_visuals/icons/particles/Particle_Contact_Sheets/boots_metal_final_color_4x.png.import","877","E8CF7ECE48285AABC6C23AA2F33CAFDB8D873B59C28A982E094CEEC49BC9537B"
"assets/equipment_visuals/icons/particles/Particle_Contact_Sheets/boots_metal_final_grayscale_4x.png","3394","59CF143E37C3970453BEC1B7F177217A840C3656796A9ED54E93ADDC7E568F93"
"assets/equipment_visuals/icons/particles/Particle_Contact_Sheets/boots_metal_final_grayscale_4x.png.import","889","044975E31CEDA75C0A27DB19AAF73F00020342AA38531CEB643ED869190B3EC5"
"assets/equipment_visuals/icons/particles/Particle_Contact_Sheets/boots_metal_particles_8x.png","3357","D41A329AA92E3CF5E9CC23376055B3817BED42FE72F1A8B732C575F9E5FADC06"
"assets/equipment_visuals/icons/particles/Particle_Contact_Sheets/boots_metal_particles_8x.png.import","871","57BD6601EF6A48734511438EAFC479DC3A15EA4982B8924A275235DE86C9BE7C"
"assets/equipment_visuals/icons/particles/Particle_Contact_Sheets/boots_water_final_color_4x.png","3546","A78F6D2DE243C7BD984AF08258D8166394996FE889C0F4364A4BB498DCD9BD48"
"assets/equipment_visuals/icons/particles/Particle_Contact_Sheets/boots_water_final_color_4x.png.import","877","BED178A2D98B54D1B988675D793DE48783263FD123D0B3270F4061CEFB6135A5"
"assets/equipment_visuals/icons/particles/Particle_Contact_Sheets/boots_water_final_grayscale_4x.png","3448","7A99CDD4C3F3BB01F52F99414C134F34C8D11A600EA6DE47A390479054345A06"
"assets/equipment_visuals/icons/particles/Particle_Contact_Sheets/boots_water_final_grayscale_4x.png.import","889","52731F55DB98441CDBA82C7D23B33B3A330400FE469148558BF7A59ACC0CE61E"
"assets/equipment_visuals/icons/particles/Particle_Contact_Sheets/boots_water_particles_8x.png","3404","5FE33BF1FBA89A8ECEF0BDBE76FFA09F0D90C72AFC57E1A72DD4E6B7FD1764F7"
"assets/equipment_visuals/icons/particles/Particle_Contact_Sheets/boots_water_particles_8x.png.import","871","E739ABE1AEB97AF5DAD85AF099190E8D87D6567402AD6EEC1A25553E15DB684A"
"assets/equipment_visuals/icons/particles/Particle_Contact_Sheets/boots_wood_final_color_4x.png","3488","464CC21BAE554A8C96E10A15A5C0FAD048093107FB4330023ADF07FC0579FD03"
"assets/equipment_visuals/icons/particles/Particle_Contact_Sheets/boots_wood_final_color_4x.png.import","873","6EBE7AA5BB0D318A875464E21CC2748FDC7EFB4770FBFD1DF72C3D4097180914"
"assets/equipment_visuals/icons/particles/Particle_Contact_Sheets/boots_wood_final_grayscale_4x.png","3385","C7799ABB33172CBA98A88660A2A83DCDAD7240767CF8399099975104EAC3C944"
"assets/equipment_visuals/icons/particles/Particle_Contact_Sheets/boots_wood_final_grayscale_4x.png.import","886","7B19E3D4C5971A5F3D75F298CEDFBA1143A37D8803371E1232434CB7F24DA0F9"
"assets/equipment_visuals/icons/particles/Particle_Contact_Sheets/boots_wood_particles_8x.png","3360","FCF642CEC16BA5F3AEB8F8410BE0AE3B0B6C297E661FF60A82D0A0E822D722A7"
"assets/equipment_visuals/icons/particles/Particle_Contact_Sheets/boots_wood_particles_8x.png.import","867","1483FA3DA48EEE4186398CC055D8F3183C8F4A0D8924386F9EADB705943C17FF"
"assets/equipment_visuals/icons/particles/Particle_Contact_Sheets/helmet_earth_final_color_4x.png","3466","0798F05FF04B4C7E63416323CB988884E52D5048628975B267C7C4502F5DD1CE"
"assets/equipment_visuals/icons/particles/Particle_Contact_Sheets/helmet_earth_final_color_4x.png.import","879","8C1D5FF86A3AFC2DCA55CAB4A0D070FC97690588C1072167B6208F6A6F74BE43"
"assets/equipment_visuals/icons/particles/Particle_Contact_Sheets/helmet_earth_final_grayscale_4x.png","3365","C37773D1651C8DDB863D5C8DEE24053398F61C3A34E493AD5B33ADEF864DA393"
"assets/equipment_visuals/icons/particles/Particle_Contact_Sheets/helmet_earth_final_grayscale_4x.png.import","892","C2097026EFDC4B1DA39E753E67936778EC9FA3A1D5A438DAFE50C6D68CDC0BFB"
"assets/equipment_visuals/icons/particles/Particle_Contact_Sheets/helmet_earth_particles_8x.png","3315","0CAFF2C301BB63AF1346E03157A3D87DDF06478EB7BCF0E205A44F4D9559897D"
"assets/equipment_visuals/icons/particles/Particle_Contact_Sheets/helmet_earth_particles_8x.png.import","874","643A5BD339A381ED30892BC81B3E3E11CC600BBCF1D6AD4BC9DC0E828DBE4B36"
"assets/equipment_visuals/icons/particles/Particle_Contact_Sheets/helmet_fire_final_color_4x.png","3482","E66403399C342A8CAD53F2B2D8414FA75C2054277D0DC3C26E579735D2961511"
"assets/equipment_visuals/icons/particles/Particle_Contact_Sheets/helmet_fire_final_color_4x.png.import","876","FF4946522D98C4CDDD53FDBD70D401B7ACEAFEA2C9A6B67E4CBF6BE367A7B945"
"assets/equipment_visuals/icons/particles/Particle_Contact_Sheets/helmet_fire_final_grayscale_4x.png","3375","335027E6EBDC3AB50573B450243919F237F01B59A0DA3A1470B632C88720058B"
"assets/equipment_visuals/icons/particles/Particle_Contact_Sheets/helmet_fire_final_grayscale_4x.png.import","889","E039798ECE0411442B26156E12A634162FEF10BCD5EC86504B6C50244D14E970"
"assets/equipment_visuals/icons/particles/Particle_Contact_Sheets/helmet_fire_particles_8x.png","3338","4E55F75D596CB66EFD9B422D2F070BBDE582190F18C7947DD74B4ECE0AA82167"
"assets/equipment_visuals/icons/particles/Particle_Contact_Sheets/helmet_fire_particles_8x.png.import","871","2953E17AA2EDB908593BDE31B1AA53631024B4112EF59886EFB69CA9355A1C59"
"assets/equipment_visuals/icons/particles/Particle_Contact_Sheets/helmet_metal_final_color_4x.png","3468","0578B58124DC1A52A63E14522217A61E13AA158A6FA24F38405D8B47CBDDDAF2"
"assets/equipment_visuals/icons/particles/Particle_Contact_Sheets/helmet_metal_final_color_4x.png.import","880","0C41D035D462AB5EBB5D085EADB98F425148004620F74319EA9E3209028E86CD"
"assets/equipment_visuals/icons/particles/Particle_Contact_Sheets/helmet_metal_final_grayscale_4x.png","3366","5B4C603095FE420F696E1D0C424E4B801B759970B81FA46A86C493824F5AF761"
"assets/equipment_visuals/icons/particles/Particle_Contact_Sheets/helmet_metal_final_grayscale_4x.png.import","892","3AE1832BC0DA42E8AD1A145C267A105B94E42CA6B6445B649037D9E965E443AE"
"assets/equipment_visuals/icons/particles/Particle_Contact_Sheets/helmet_metal_particles_8x.png","3316","4723004C49518048A3A300DEE9E119A2F4642BA415867832BC6C6C9A59A7DB83"
"assets/equipment_visuals/icons/particles/Particle_Contact_Sheets/helmet_metal_particles_8x.png.import","873","3B35D5AA58E52768032E8B04AE35A8F3E652A2118FFD8616EF36BA00B1A5E5CF"
"assets/equipment_visuals/icons/particles/Particle_Contact_Sheets/helmet_water_final_color_4x.png","3505","241A0F627D1AC547A30111C0D8C030303DEE0903149B57F02C6EF565B9B927E3"
"assets/equipment_visuals/icons/particles/Particle_Contact_Sheets/helmet_water_final_color_4x.png.import","880","68F4177EC808A0D87661621D2C1026ECF862D75D4868D4D817229150F0EC1B8B"
"assets/equipment_visuals/icons/particles/Particle_Contact_Sheets/helmet_water_final_grayscale_4x.png","3393","BCB5ACD99ADEAB813B88A35EBA790C9D876463A33FD9BB960A99A25BF00FF9F1"
"assets/equipment_visuals/icons/particles/Particle_Contact_Sheets/helmet_water_final_grayscale_4x.png.import","891","E8D255EAE6F3D8A2815001CEB51ADB6383A974D668EB60AFB77270CE20B5BBEA"
"assets/equipment_visuals/icons/particles/Particle_Contact_Sheets/helmet_water_particles_8x.png","3371","9A8540CB0E38BF14B7BC202B5696D741E07C46E076C918D0EF51B78C9D4F0213"
"assets/equipment_visuals/icons/particles/Particle_Contact_Sheets/helmet_water_particles_8x.png.import","874","72AFC1831D9E1B2F5A6C283B100A4E5A232FC6618CF842E50DFB2B694CF5508E"
"assets/equipment_visuals/icons/particles/Particle_Contact_Sheets/helmet_wood_final_color_4x.png","3478","D50B24E66FFFB32326D35DF9C218121E79870885489D23574A51C352E9AEF1CA"
"assets/equipment_visuals/icons/particles/Particle_Contact_Sheets/helmet_wood_final_color_4x.png.import","877","3EF506C965A3AE3BC05EF85A209523A1299B9F4C5C3885D38F4FDBB442A8AA54"
"assets/equipment_visuals/icons/particles/Particle_Contact_Sheets/helmet_wood_final_grayscale_4x.png","3367","E153A157099320D9FDCC492968EBB3D4A522B86965B02AF19BAD4922DBAE8214"
"assets/equipment_visuals/icons/particles/Particle_Contact_Sheets/helmet_wood_final_grayscale_4x.png.import","888","0ED959F2C5C718CFD6D8A66ACF857F9C1D2C52B58D020C2090FB6C8D40358384"
"assets/equipment_visuals/icons/particles/Particle_Contact_Sheets/helmet_wood_particles_8x.png","3324","B6B36F8E2A5D84F736686ADE460F58E4A68AEC43A33A0477B9D2C6C0C8CBD041"
"assets/equipment_visuals/icons/particles/Particle_Contact_Sheets/helmet_wood_particles_8x.png.import","871","5333769879A4C7D98A658EB492AF49758E0C820E0D5E154608CAB013E3F6FDAE"
"assets/equipment_visuals/icons/particles/Particle_Contact_Sheets/pants_earth_final_color_4x.png","4015","983F6B2E920042B73BB8AD32CB4BA523FF24E3CBEAC6B7BD2E692ABEFF1C0DE2"
"assets/equipment_visuals/icons/particles/Particle_Contact_Sheets/pants_earth_final_color_4x.png.import","876","92517C72207E4C2C56BB8CAAB2D3FA74F7DAFF02CAB6EB92353518BBE8F919D7"
"assets/equipment_visuals/icons/particles/Particle_Contact_Sheets/pants_earth_final_grayscale_4x.png","3791","39FCB8C0398A41B61D75579B7F325F01016A08AB484101B77B584C28EE81438C"
"assets/equipment_visuals/icons/particles/Particle_Contact_Sheets/pants_earth_final_grayscale_4x.png.import","889","9C2D5CF6BF7C477D0450F5D4C414005C67A79E51DEE45D03D77247E1CB01FA2E"
"assets/equipment_visuals/icons/particles/Particle_Contact_Sheets/pants_earth_particles_8x.png","3639","C6534359FB919A90B75757402F82BE3108EFC2F3389A9E39D6124B430C251105"
"assets/equipment_visuals/icons/particles/Particle_Contact_Sheets/pants_earth_particles_8x.png.import","871","22F05ADEF25E50A803E0CB38AF8342E8E8104850759C4F664B6901E3E5173778"
"assets/equipment_visuals/icons/particles/Particle_Contact_Sheets/pants_fire_final_color_4x.png","4034","4424318528EEE106B981409506E45942E632E229266B8F5A3ED5BE9D50BFC98B"
"assets/equipment_visuals/icons/particles/Particle_Contact_Sheets/pants_fire_final_color_4x.png.import","873","D11F0988DDBB33A7B050D3021C362381DE8F2EEBF3518F84DC56950B908ACBEE"
"assets/equipment_visuals/icons/particles/Particle_Contact_Sheets/pants_fire_final_grayscale_4x.png","3830","F5BC5E9F59CA92E1611CEB3059465E4FAC4E0D882482B1AE4A56C89151CF3A4F"
"assets/equipment_visuals/icons/particles/Particle_Contact_Sheets/pants_fire_final_grayscale_4x.png.import","886","FE7D73E0E789CD8D5EFDE76F65F5A51E681C9435295A43C0A5CFEB67F4D39408"
"assets/equipment_visuals/icons/particles/Particle_Contact_Sheets/pants_fire_particles_8x.png","3679","7699C5018D51AE7AF239E9B1CD879B75F0965015450085AA818351D783904A07"
"assets/equipment_visuals/icons/particles/Particle_Contact_Sheets/pants_fire_particles_8x.png.import","868","C1CC5CDD01F574D2DB7885FCD96F4A618A2C3DC0E1408109F4EE9A6F6CD2669D"
"assets/equipment_visuals/icons/particles/Particle_Contact_Sheets/pants_metal_final_color_4x.png","4010","92F667794DDC45085EEC2DBFC5E813B9F62EA437486C5213ECF911FD80835151"
"assets/equipment_visuals/icons/particles/Particle_Contact_Sheets/pants_metal_final_color_4x.png.import","877","6EFC37FFA718AD8B11A0BBD87DAC35132C4370C7726607BBFB5BC2800F8228A9"
"assets/equipment_visuals/icons/particles/Particle_Contact_Sheets/pants_metal_final_grayscale_4x.png","3789","194A8EABE44DC1A2F400C2409246359338DF12EB2208BEC1449C5846760AC641"
"assets/equipment_visuals/icons/particles/Particle_Contact_Sheets/pants_metal_final_grayscale_4x.png.import","889","7FEE70F24FA40BB9A7B147D83DB0FC37AE270607B3E7F42B52051865462C76D2"
"assets/equipment_visuals/icons/particles/Particle_Contact_Sheets/pants_metal_particles_8x.png","3647","04D9F662C94B648593336CE2B881690E09177278EC1706A3DFC7752377C83C04"
"assets/equipment_visuals/icons/particles/Particle_Contact_Sheets/pants_metal_particles_8x.png.import","870","720E3EB82BE01D2B25C01717460E72DBC623FC8D4AE586EEDFD6A93FAD4E70BF"
"assets/equipment_visuals/icons/particles/Particle_Contact_Sheets/pants_water_final_color_4x.png","4023","6D5FE250553612122C6DBCB34EB2BDA047C1D96C2062373ECAF1D002450D54E0"
"assets/equipment_visuals/icons/particles/Particle_Contact_Sheets/pants_water_final_color_4x.png.import","876","388CDA092933F335453DD81558520B029400B3E440D2C8AA0FC551AA434AFED1"
"assets/equipment_visuals/icons/particles/Particle_Contact_Sheets/pants_water_final_grayscale_4x.png","3799","DA7CB090052C36169D348779E34056521C06486532CAF3572A03A2C8FD5479B2"
"assets/equipment_visuals/icons/particles/Particle_Contact_Sheets/pants_water_final_grayscale_4x.png.import","889","399CDD5B54399A44B63E21DC4E16C33CC52A63953232F41804C47DFD91DDD1DD"
"assets/equipment_visuals/icons/particles/Particle_Contact_Sheets/pants_water_particles_8x.png","3697","F30946F0093A7FE670B29B3347A194C6A527046425B29FC5F34063F5BD9418AD"
"assets/equipment_visuals/icons/particles/Particle_Contact_Sheets/pants_water_particles_8x.png.import","870","D4616CE3899538640E55DDEA360DAD01E08474A6BBB1C1BC16538ED7225A7661"
"assets/equipment_visuals/icons/particles/Particle_Contact_Sheets/pants_wood_final_color_4x.png","4022","6427C92EECF72A506BDF5C76DCBA569970F298C40316D5D92C217AD98CBE6A72"
"assets/equipment_visuals/icons/particles/Particle_Contact_Sheets/pants_wood_final_color_4x.png.import","873","A42E16E6CF0C774200193D5B80A539E5AB3D884694F72D3349D002DC31283CAF"
"assets/equipment_visuals/icons/particles/Particle_Contact_Sheets/pants_wood_final_grayscale_4x.png","3780","CEE580EC02D79C7ABA2CF19E040B7B54D1A680878BA5BE98180F7CF9F83D69AB"
"assets/equipment_visuals/icons/particles/Particle_Contact_Sheets/pants_wood_final_grayscale_4x.png.import","886","54CC28FDD28073B5A89D9CA2C784714ACD36ED9EF93D99EA28EF839730EC0F28"
"assets/equipment_visuals/icons/particles/Particle_Contact_Sheets/pants_wood_particles_8x.png","3653","8E96FB067A11059F0951E8C39DAF1FBB85E634C568EAF14C03376D3CBB979A69"
"assets/equipment_visuals/icons/particles/Particle_Contact_Sheets/pants_wood_particles_8x.png.import","868","574E51A620F4CFDEB44DE4CAAEF773432AFFAA3CAF6DBAFC8C23A71D5E9EE48D"
"assets/equipment_visuals/icons/particles/Particle_Contact_Sheets/weapon_earth_final_color_4x.png","7009","C3788311095D9163E853B99A6FA8AA54C0F8ADB55672B49FA3A42075195AFA37"
"assets/equipment_visuals/icons/particles/Particle_Contact_Sheets/weapon_earth_final_color_4x.png.import","880","BB79C039E57920EF3AEA8529C522BD8D11613625C2CAF459B3E08A54F8691AB7"
"assets/equipment_visuals/icons/particles/Particle_Contact_Sheets/weapon_earth_final_grayscale_4x.png","6851","F96BFBB6A9450B319C19B9E325C2074B8E17E9DE386D6E8DFBB61053DCC2B991"
"assets/equipment_visuals/icons/particles/Particle_Contact_Sheets/weapon_earth_final_grayscale_4x.png.import","892","E56D4F486F67530E98F37179C52A81F8E74CA1E2BD58CFAE667A4ABAF4879EB4"
"assets/equipment_visuals/icons/particles/Particle_Contact_Sheets/weapon_earth_particles_8x.png","6581","3580CB5CD8FCCCAAD6E5BDA59F2125A01243C5B0D41CFAEA664C8B41C0A5BA53"
"assets/equipment_visuals/icons/particles/Particle_Contact_Sheets/weapon_earth_particles_8x.png.import","874","8F8C6D747982488EB3CFDE02EFE7CC23E3FBF0C978DFE4911C57DA0035524047"
"assets/equipment_visuals/icons/particles/Particle_Contact_Sheets/weapon_fire_final_color_4x.png","7039","E0B25528D2B54D4EB6C5A2D2A155336AD1DE8D30AFE40744CB2E4D969E034A6C"
"assets/equipment_visuals/icons/particles/Particle_Contact_Sheets/weapon_fire_final_color_4x.png.import","877","4CA5E1E79EA813267E456E67A6F03AA09F2F1A487C43F93CAC1EC9D91CDA2CB9"
"assets/equipment_visuals/icons/particles/Particle_Contact_Sheets/weapon_fire_final_grayscale_4x.png","6843","1B63B69D4B3B1E82BDFC19B6336581D6636C183C0FAB5A68544E7FB6C4DF23A3"
"assets/equipment_visuals/icons/particles/Particle_Contact_Sheets/weapon_fire_final_grayscale_4x.png.import","889","E269B55FF87D9AE420D9CA53AF61B4A106F9CC188F058DE0773A2CCF81D5AA0A"
"assets/equipment_visuals/icons/particles/Particle_Contact_Sheets/weapon_fire_particles_8x.png","6681","0C1B0889AE5483FF9D4DF4B5CE9EDBB64724904DF27EF9CA54B95C625F676F2A"
"assets/equipment_visuals/icons/particles/Particle_Contact_Sheets/weapon_fire_particles_8x.png.import","871","04C5A5D813BC8F7FF389E839D25E959DE4395AFBD96D5F35D7EC6D5044C8522D"
"assets/equipment_visuals/icons/particles/Particle_Contact_Sheets/weapon_metal_final_color_4x.png","7004","C922535835192F8CCA654C3C3CB40D6E00B6BE79582A2761E5A4073D54F1F024"
"assets/equipment_visuals/icons/particles/Particle_Contact_Sheets/weapon_metal_final_color_4x.png.import","880","E1C17E8084701BAC47654C6795A5A62B0146DC9887482C5A1462C2AC8BF13ACC"
"assets/equipment_visuals/icons/particles/Particle_Contact_Sheets/weapon_metal_final_grayscale_4x.png","6830","FE462E7FC97FC61C935CAE34C2B145F7C54D97BC40300AFB6154A3F6E3CC5A2E"
"assets/equipment_visuals/icons/particles/Particle_Contact_Sheets/weapon_metal_final_grayscale_4x.png.import","891","0AF1BEDAC7A31A5B072F877C43D876798E2520CD95B2FF4A778FBD0B09C1CA66"
"assets/equipment_visuals/icons/particles/Particle_Contact_Sheets/weapon_metal_particles_8x.png","6641","269D06F670600CDBDCAADAA10639F41A0582ED8A32807A1FA1459FC3C6BE45FE"
"assets/equipment_visuals/icons/particles/Particle_Contact_Sheets/weapon_metal_particles_8x.png.import","873","FF407C715DEEE76CBA355920E913004B03713ACCDB3C128F7DB20DA4AD04274F"
"assets/equipment_visuals/icons/particles/Particle_Contact_Sheets/weapon_water_final_color_4x.png","7037","D8A1B945311E095C30713BBFFAE19587C2EA18615F3FCC8A3BA27988278A7F37"
"assets/equipment_visuals/icons/particles/Particle_Contact_Sheets/weapon_water_final_color_4x.png.import","880","8CCFD52AE60CBB40118C7EAB247B9982CD203EE75E2BB6CC24F27EE853CB2030"
"assets/equipment_visuals/icons/particles/Particle_Contact_Sheets/weapon_water_final_grayscale_4x.png","6859","F77C90B92BADB2F4AB86EE20438F689D326B82CFB254AFF63FCAA7AE1ED3A50F"
"assets/equipment_visuals/icons/particles/Particle_Contact_Sheets/weapon_water_final_grayscale_4x.png.import","891","FB8F2A24B61683DEEFC15AA9ED90FEEC0DA5C92FC2C7F6A06411E7EC282DF5B2"
"assets/equipment_visuals/icons/particles/Particle_Contact_Sheets/weapon_water_particles_8x.png","6719","324A101458869F6F7333F821952C55602F295C8F99F79E5363527C557A340854"
"assets/equipment_visuals/icons/particles/Particle_Contact_Sheets/weapon_water_particles_8x.png.import","873","E9C68D9FAEDF382F8F36301FFD5CAF48E2884B49D296AFC27ABBED28E51AF243"
"assets/equipment_visuals/icons/particles/Particle_Contact_Sheets/weapon_wood_final_color_4x.png","6988","40F3870C02A12C0FFB449FDA0A4BB9A9B56E24806A182AEE1DBD719E8A036937"
"assets/equipment_visuals/icons/particles/Particle_Contact_Sheets/weapon_wood_final_color_4x.png.import","877","D022DA7590FAA108B65CB6A51036B1C6CDB0E6C52620339343ED46353C726A4D"
"assets/equipment_visuals/icons/particles/Particle_Contact_Sheets/weapon_wood_final_grayscale_4x.png","6813","3F476B8C5C30E28C7972E8D7383DE5EBD23987CEC601D1F16143C69416F6593D"
"assets/equipment_visuals/icons/particles/Particle_Contact_Sheets/weapon_wood_final_grayscale_4x.png.import","889","7958FFC0DF28B940D4AF9BDCF6174F540B2E990D5E1AF1117B1F3C2134A36A77"
"assets/equipment_visuals/icons/particles/Particle_Contact_Sheets/weapon_wood_particles_8x.png","6622","EFD380F936498FAE2CF3D2880659D2D711529FC38DB81869D34D01630DFFD816"
"assets/equipment_visuals/icons/particles/Particle_Contact_Sheets/weapon_wood_particles_8x.png.import","870","F4CF4E928450250557CC7759A312C8E2DFF113CE621449E982390564D10C2183"
"assets/equipment_visuals/icons/particles/Particle_Pixel_Budget_175.base.translation","5499","E1425B23B74300F5F531089CDCA29580847DD6796785B13240D5E5E701BEB265"
"assets/equipment_visuals/icons/particles/Particle_Pixel_Budget_175.connected.translation","5216","2748A2BA7337F08AF5DFDF23374F37DD855186F823EC8A4639C5ABA41B55BBAF"
"assets/equipment_visuals/icons/particles/Particle_Pixel_Budget_175.csv","54262","7F939196A061C3ABE4C2F459EAC115E449985B8486DCD8D7B26D96883C3F6278"
"assets/equipment_visuals/icons/particles/Particle_Pixel_Budget_175.csv.import","2521","7E46BA58166D9A259000CAA519BBBC067076067A7E6382180F93559BFB72A450"
"assets/equipment_visuals/icons/particles/Particle_Pixel_Budget_175.element.translation","5702","E5874EB8056133736AFE2918B61E8E2324A256B964315B72B7EAEC724D6AF96D"
"assets/equipment_visuals/icons/particles/Particle_Pixel_Budget_175.notes.translation","12736","3F05B5620FE0979BEA501874C3F16E440944C8AA137EF99E29A1C4133D6F6122"
"assets/equipment_visuals/icons/particles/Particle_Pixel_Budget_175.overlap.translation","5214","5EB5B7DE390B65291648DACCB17CCF77D55FDE06E0D58683A8550A00E21D06DC"
"assets/equipment_visuals/icons/particles/Particle_Pixel_Budget_175.particle.translation","6439","160C6F85856B8D49BAB0C404DA6E6F7D96033F87AAE700B3BCE2498DD2B3B7D5"
"assets/equipment_visuals/icons/particles/Particle_Pixel_Budget_175.pixel.translation","5212","84CCC30EF39171822ED165EA41A2F6CECB789AAF796210894168DE17D0C79BA6"
"assets/equipment_visuals/icons/particles/Particle_Pixel_Budget_175.slot.translation","5911","9FFE0BBF28DC5B53DEC6FD8B64E2D24C3738AC2BB3CE76D22FD157E861B9CC24"
"assets/equipment_visuals/icons/particles/Particle_Pixel_Budget_175.status.translation","8537","65AA60A86E1E6CDF6670747EAD60C6C4AF2106449516D20E811487E792D1ED1B"
"assets/equipment_visuals/icons/particles/Water/water_battle_axe_particles_20x20.png","92","654C568D755376B563429439C0C2010377160E743B546482D8F1B44EEEA9D2A0"
"assets/equipment_visuals/icons/particles/Water/water_battle_axe_particles_20x20.png.import","877","2F2B2214B68A4F61987C7C606CCC52CE79FF4D9F34E5659F69211DA3A75A8F02"
"assets/equipment_visuals/icons/particles/Water/water_battle_helmet_particles_20x20.png","92","654C568D755376B563429439C0C2010377160E743B546482D8F1B44EEEA9D2A0"
"assets/equipment_visuals/icons/particles/Water/water_battle_helmet_particles_20x20.png.import","885","A818818EBFF818B7D44B8A201A0E9E4C3FA8E7FA1BF4D590AD27400E5BBC4EED"
"assets/equipment_visuals/icons/particles/Water/water_carved_wood_amulet_particles_20x20.png","92","654C568D755376B563429439C0C2010377160E743B546482D8F1B44EEEA9D2A0"
"assets/equipment_visuals/icons/particles/Water/water_carved_wood_amulet_particles_20x20.png.import","901","B51CA17BF67400016D3D4F18E47FF9351A66A926C83F82075616F0D330376A28"
"assets/equipment_visuals/icons/particles/Water/water_chainmail_armor_particles_20x20.png","92","654C568D755376B563429439C0C2010377160E743B546482D8F1B44EEEA9D2A0"
"assets/equipment_visuals/icons/particles/Water/water_chainmail_armor_particles_20x20.png.import","892","11728C5CA5C699EF06EE507210A0422CE008AE0C5190FD1C33A0FBAFC92A2AD5"
"assets/equipment_visuals/icons/particles/Water/water_chainmail_pants_particles_20x20.png","92","10ED03E43ECEFBF94ED62C04A0262F901F9DA95CFC015D5F3D66E4CAD42D1FF2"
"assets/equipment_visuals/icons/particles/Water/water_chainmail_pants_particles_20x20.png.import","891","189CFA96CBDD0CA776AFD559FCB52ACB02E014E7FEF44322F957DD6820689FC7"
"assets/equipment_visuals/icons/particles/Water/water_cloth_armor_particles_20x20.png","92","654C568D755376B563429439C0C2010377160E743B546482D8F1B44EEEA9D2A0"
"assets/equipment_visuals/icons/particles/Water/water_cloth_armor_particles_20x20.png.import","880","A112D95D7A8B810E1374B11FD3A344358B0A68DEE49B591391891D6051E3547F"
"assets/equipment_visuals/icons/particles/Water/water_cloth_pants_particles_20x20.png","92","10ED03E43ECEFBF94ED62C04A0262F901F9DA95CFC015D5F3D66E4CAD42D1FF2"
"assets/equipment_visuals/icons/particles/Water/water_cloth_pants_particles_20x20.png.import","880","FA0C88B21A33D1EC3DFAC04061597364CA7DF711F2B0576603058B98BCE3F80D"
"assets/equipment_visuals/icons/particles/Water/water_dragon_head_helmet_particles_20x20.png","92","654C568D755376B563429439C0C2010377160E743B546482D8F1B44EEEA9D2A0"
"assets/equipment_visuals/icons/particles/Water/water_dragon_head_helmet_particles_20x20.png.import","901","91A46C0A30260892B84756B56AF9290DFB062AD1FF3B8382FF37ABFBC13BFB97"
"assets/equipment_visuals/icons/particles/Water/water_dragon_scale_armor_particles_20x20.png","92","A973AA8CC97D91A30E35FAEC60ECC8A165C2C40BBB7BFDA607EC3A5097D0A74E"
"assets/equipment_visuals/icons/particles/Water/water_dragon_scale_armor_particles_20x20.png.import","901","2D8214060834501023E36B83E5E4F96A2239D3C30C85DF6CB948EA9AEE7721AF"
"assets/equipment_visuals/icons/particles/Water/water_dragon_scale_legs_particles_20x20.png","92","10ED03E43ECEFBF94ED62C04A0262F901F9DA95CFC015D5F3D66E4CAD42D1FF2"
"assets/equipment_visuals/icons/particles/Water/water_dragon_scale_legs_particles_20x20.png.import","898","E5B879300B20D618B222806FBF22188BF8AA4E5783307326B8A8A2B98A4B2926"
"assets/equipment_visuals/icons/particles/Water/water_dragon_walk_boots_particles_20x20.png","92","8D20F337CA13D7370B2B4EF531A0D0912B37B2B8DF649311D4990E393489C1C4"
"assets/equipment_visuals/icons/particles/Water/water_dragon_walk_boots_particles_20x20.png.import","898","1AEF53F6031B5FF64877323A8322A406FD852031938C4AC1C13DAFE473C10F1E"
"assets/equipment_visuals/icons/particles/Water/water_engraved_copper_ring_particles_20x20.png","92","654C568D755376B563429439C0C2010377160E743B546482D8F1B44EEEA9D2A0"
"assets/equipment_visuals/icons/particles/Water/water_engraved_copper_ring_particles_20x20.png.import","907","35231B6A3E7663B0CE955EDA8EF3C3108A5473B99971863F4D9CD842B4F9D3E3"
"assets/equipment_visuals/icons/particles/Water/water_great_axe_particles_20x20.png","92","654C568D755376B563429439C0C2010377160E743B546482D8F1B44EEEA9D2A0"
"assets/equipment_visuals/icons/particles/Water/water_great_axe_particles_20x20.png.import","874","06F08543A54E1A6858A47862E048827D82573B3419ED6092BD40FC74A1DB54D4"
"assets/equipment_visuals/icons/particles/Water/water_great_sword_particles_20x20.png","92","654C568D755376B563429439C0C2010377160E743B546482D8F1B44EEEA9D2A0"
"assets/equipment_visuals/icons/particles/Water/water_great_sword_particles_20x20.png.import","880","7BA08AD6C35E1B1EF9A6EEB099CB257DB62942E3E5A9DF9A7A128D82876E88C1"
"assets/equipment_visuals/icons/particles/Water/water_hand_axe_particles_20x20.png","92","6970F4219BD722202E5521205582839631D56F30D598A07F18B5E296FFD55B88"
"assets/equipment_visuals/icons/particles/Water/water_hand_axe_particles_20x20.png.import","871","E2364F816C316E751B935D8AA3216EBD5BD369B4CD8EA93681BA0CE055CEC9B5"
"assets/equipment_visuals/icons/particles/Water/water_heavy_crossbow_particles_20x20.png","92","D918F8780276CE436D236B639FB0BF397BBF9D56F394DF91D5A29C392D15648C"
"assets/equipment_visuals/icons/particles/Water/water_heavy_crossbow_particles_20x20.png.import","889","C913ACC2856BC2A9B447176BB16A4F988A96D2F7FEC4CEB72C8D398DA765D3A7"
"assets/equipment_visuals/icons/particles/Water/water_hunting_bow_particles_20x20.png","91","8FFB61386F5F0B57D11B4B9B7842B5712D701F1A48445C9917A74E683107C501"
"assets/equipment_visuals/icons/particles/Water/water_hunting_bow_particles_20x20.png.import","879","930D9A3509D0D8AC9F409F2BDA769F87BBBFB02E5A0EB7060F0058C047A633F1"
"assets/equipment_visuals/icons/particles/Water/water_iron_helmet_particles_20x20.png","92","654C568D755376B563429439C0C2010377160E743B546482D8F1B44EEEA9D2A0"
"assets/equipment_visuals/icons/particles/Water/water_iron_helmet_particles_20x20.png.import","879","6ADC25A333BA22A940D94CB54A54A5A145CFC05BE5032967A9172C5936B94AE2"
"assets/equipment_visuals/icons/particles/Water/water_iron_toe_boots_particles_20x20.png","92","8D20F337CA13D7370B2B4EF531A0D0912B37B2B8DF649311D4990E393489C1C4"
"assets/equipment_visuals/icons/particles/Water/water_iron_toe_boots_particles_20x20.png.import","889","5F414F93229ECFDFF65C13A608A5E4B9EA039CCF25F596FE5DCB479971EE99BF"
"assets/equipment_visuals/icons/particles/Water/water_knight_helmet_particles_20x20.png","92","654C568D755376B563429439C0C2010377160E743B546482D8F1B44EEEA9D2A0"
"assets/equipment_visuals/icons/particles/Water/water_knight_helmet_particles_20x20.png.import","886","F65BD10A10075F4E48AB17B2220B21A027CFC9679A606F8A1552C1CD9A482729"
"assets/equipment_visuals/icons/particles/Water/water_leather_armor_particles_20x20.png","92","A973AA8CC97D91A30E35FAEC60ECC8A165C2C40BBB7BFDA607EC3A5097D0A74E"
"assets/equipment_visuals/icons/particles/Water/water_leather_armor_particles_20x20.png.import","886","CB1E3CD5C6B25792E717092919A431E6032A1D7910156B181E6FE31D57DE412D"
"assets/equipment_visuals/icons/particles/Water/water_leather_boots_particles_20x20.png","92","8D20F337CA13D7370B2B4EF531A0D0912B37B2B8DF649311D4990E393489C1C4"
"assets/equipment_visuals/icons/particles/Water/water_leather_boots_particles_20x20.png.import","886","84ED5F3C05E2809135AC90036E58DA7E3441BBABF2070EE13FA796875DF10D3B"
"assets/equipment_visuals/icons/particles/Water/water_leather_cap_particles_20x20.png","92","D918F8780276CE436D236B639FB0BF397BBF9D56F394DF91D5A29C392D15648C"
"assets/equipment_visuals/icons/particles/Water/water_leather_cap_particles_20x20.png.import","880","98E23EF73A39F8585E2EFF9530986DB3E4CF02FDBAE17CD94D48E54D3BDD5146"
"assets/equipment_visuals/icons/particles/Water/water_leather_pants_particles_20x20.png","92","10ED03E43ECEFBF94ED62C04A0262F901F9DA95CFC015D5F3D66E4CAD42D1FF2"
"assets/equipment_visuals/icons/particles/Water/water_leather_pants_particles_20x20.png.import","886","B3194814DDCC2F72BE75E121905823085346448987F4110569F1EC32FAC51F62"
"assets/equipment_visuals/icons/particles/Water/water_long_sword_particles_20x20.png","92","654C568D755376B563429439C0C2010377160E743B546482D8F1B44EEEA9D2A0"
"assets/equipment_visuals/icons/particles/Water/water_long_sword_particles_20x20.png.import","875","F13EC6E565A30D2876680B0D6BDE6ADA12CE989A93872B757B9E8FAAB175C0B8"
"assets/equipment_visuals/icons/particles/Water/water_longbow_particles_20x20.png","92","D918F8780276CE436D236B639FB0BF397BBF9D56F394DF91D5A29C392D15648C"
"assets/equipment_visuals/icons/particles/Water/water_longbow_particles_20x20.png.import","868","C149F8BC01617E378AFB022645092CB02CEFA88F40CC91D1B7B225FE5288595C"
"assets/equipment_visuals/icons/particles/Water/water_plate_armor_particles_20x20.png","92","A973AA8CC97D91A30E35FAEC60ECC8A165C2C40BBB7BFDA607EC3A5097D0A74E"
"assets/equipment_visuals/icons/particles/Water/water_plate_armor_particles_20x20.png.import","880","CD175723802CF3C32895EE709CFBEA96F4F1D9DB8B1DADAAF929A1641979B9A8"
"assets/equipment_visuals/icons/particles/Water/water_plate_greaves_particles_20x20.png","92","10ED03E43ECEFBF94ED62C04A0262F901F9DA95CFC015D5F3D66E4CAD42D1FF2"
"assets/equipment_visuals/icons/particles/Water/water_plate_greaves_particles_20x20.png.import","885","A2CEF13CC4BD2C92EFF97131710308229E69E0D7E2B9528BB2DB325768EA09B0"
"assets/equipment_visuals/icons/particles/Water/water_rapier_particles_20x20.png","92","654C568D755376B563429439C0C2010377160E743B546482D8F1B44EEEA9D2A0"
"assets/equipment_visuals/icons/particles/Water/water_rapier_particles_20x20.png.import","865","6B8BB69ECAC44BADBC4A0097F226361194A24712FBDC6A1369747ADC4370ECC9"
"assets/equipment_visuals/icons/particles/Water/water_sacred_relic_particles_20x20.png","92","654C568D755376B563429439C0C2010377160E743B546482D8F1B44EEEA9D2A0"
"assets/equipment_visuals/icons/particles/Water/water_sacred_relic_particles_20x20.png.import","883","E21B75F96A799F21E2DC2E54451C88D83F5B38E6931EEDFC3017DD1F142B7472"
"assets/equipment_visuals/icons/particles/Water/water_short_sword_particles_20x20.png","92","D918F8780276CE436D236B639FB0BF397BBF9D56F394DF91D5A29C392D15648C"
"assets/equipment_visuals/icons/particles/Water/water_short_sword_particles_20x20.png.import","880","B3212234CE54B7D3F235508BF689249FFCC930A8BA4BFA2D1C1856FB7451227C"
"assets/equipment_visuals/icons/particles/Water/water_silver_badge_particles_20x20.png","92","654C568D755376B563429439C0C2010377160E743B546482D8F1B44EEEA9D2A0"
"assets/equipment_visuals/icons/particles/Water/water_silver_badge_particles_20x20.png.import","883","FF62F13EF7001D732F7A0816C136895085E579318F9FE2E40BAB57A62FA60DA1"
"assets/equipment_visuals/icons/particles/Water/water_straw_sandals_particles_20x20.png","92","8D20F337CA13D7370B2B4EF531A0D0912B37B2B8DF649311D4990E393489C1C4"
"assets/equipment_visuals/icons/particles/Water/water_straw_sandals_particles_20x20.png.import","886","8E0E453E756692DC603D9D4CF90182B1ED9DA28031996B01EEA98D2FD3197E63"
"assets/equipment_visuals/icons/particles/Water/water_whisper_orb_particles_20x20.png","92","654C568D755376B563429439C0C2010377160E743B546482D8F1B44EEEA9D2A0"
"assets/equipment_visuals/icons/particles/Water/water_whisper_orb_particles_20x20.png.import","880","83FF2EA610B76B075C7A07E2CB15DCA3A5AEEF023F72E1E4206980E376BCDC23"
"assets/equipment_visuals/icons/particles/Water/water_wind_boots_particles_20x20.png","92","8D20F337CA13D7370B2B4EF531A0D0912B37B2B8DF649311D4990E393489C1C4"
"assets/equipment_visuals/icons/particles/Water/water_wind_boots_particles_20x20.png.import","877","C082B4B4C005F0DCA2075F87BD54C8062D3A70D7F4C676E1368C0FED1C2133A9"
"assets/equipment_visuals/icons/particles/Wood/wood_battle_axe_particles_20x20.png","91","32A7CACC4B5364A78DD86090EEB1110BEBE4C022B714D5DDD8D343DFC32685A1"
"assets/equipment_visuals/icons/particles/Wood/wood_battle_axe_particles_20x20.png.import","873","600776E0CE78E0B7E7469CA3817BC432A4FDD14620EEF2329F20144AD537DAE1"
"assets/equipment_visuals/icons/particles/Wood/wood_battle_helmet_particles_20x20.png","91","D0EFA54083F81CD3621FB2665E725DCC482A18747DF9744C89B2D28347CDB0F0"
"assets/equipment_visuals/icons/particles/Wood/wood_battle_helmet_particles_20x20.png.import","882","EC29A8F1F397B16C396FE72657784AF275AB601BBFC9D0DF51CB63F4B00E98F3"
"assets/equipment_visuals/icons/particles/Wood/wood_carved_wood_amulet_particles_20x20.png","91","D0EFA54083F81CD3621FB2665E725DCC482A18747DF9744C89B2D28347CDB0F0"
"assets/equipment_visuals/icons/particles/Wood/wood_carved_wood_amulet_particles_20x20.png.import","896","BD420B73392DF338FE5A7986CDB5EE0F8F9CAFE523E1850033232A660ED9AF02"
"assets/equipment_visuals/icons/particles/Wood/wood_chainmail_armor_particles_20x20.png","91","D0EFA54083F81CD3621FB2665E725DCC482A18747DF9744C89B2D28347CDB0F0"
"assets/equipment_visuals/icons/particles/Wood/wood_chainmail_armor_particles_20x20.png.import","888","4BAF8DE223B78FAE2B498D70ACBEF28C35807A77E9D193400A760813BC7E4BDE"
"assets/equipment_visuals/icons/particles/Wood/wood_chainmail_pants_particles_20x20.png","91","75601F801A64A56C6621842C1C2EFC694C4C80C1F9008F2AD8F022B14DC3E234"
"assets/equipment_visuals/icons/particles/Wood/wood_chainmail_pants_particles_20x20.png.import","888","D30C14187A5185DE537DAA3344705BCC03D126E8A31544480D20C617F086BA20"
"assets/equipment_visuals/icons/particles/Wood/wood_cloth_armor_particles_20x20.png","91","D0EFA54083F81CD3621FB2665E725DCC482A18747DF9744C89B2D28347CDB0F0"
"assets/equipment_visuals/icons/particles/Wood/wood_cloth_armor_particles_20x20.png.import","876","85AAA624DBE0E2AF252FA486BE9D193C08E24F6279BB4B9D1C8BC9CB005360E3"
"assets/equipment_visuals/icons/particles/Wood/wood_cloth_pants_particles_20x20.png","91","75601F801A64A56C6621842C1C2EFC694C4C80C1F9008F2AD8F022B14DC3E234"
"assets/equipment_visuals/icons/particles/Wood/wood_cloth_pants_particles_20x20.png.import","876","92D9B3E244271BC31E6FF62924BBF4738BEC7129010EFBEA4357488BE6D5E24B"
"assets/equipment_visuals/icons/particles/Wood/wood_dragon_head_helmet_particles_20x20.png","91","D0EFA54083F81CD3621FB2665E725DCC482A18747DF9744C89B2D28347CDB0F0"
"assets/equipment_visuals/icons/particles/Wood/wood_dragon_head_helmet_particles_20x20.png.import","896","7FEBA0AB29D1C5DD057D93AC44E91CFF581D0D916B273839C18677699211FD88"
"assets/equipment_visuals/icons/particles/Wood/wood_dragon_scale_armor_particles_20x20.png","91","75601F801A64A56C6621842C1C2EFC694C4C80C1F9008F2AD8F022B14DC3E234"
"assets/equipment_visuals/icons/particles/Wood/wood_dragon_scale_armor_particles_20x20.png.import","897","FD7F26A320B64D01065B58E4C5506A37D2D78400DF7F7C57715EEC84FDD1CFF7"
"assets/equipment_visuals/icons/particles/Wood/wood_dragon_scale_legs_particles_20x20.png","91","75601F801A64A56C6621842C1C2EFC694C4C80C1F9008F2AD8F022B14DC3E234"
"assets/equipment_visuals/icons/particles/Wood/wood_dragon_scale_legs_particles_20x20.png.import","894","87BFE753F301D59800333F48054F250D291972133CD803CC0791D9F561187A5D"
"assets/equipment_visuals/icons/particles/Wood/wood_dragon_walk_boots_particles_20x20.png","91","79163989CF6D37F2A26F0F8EF915720C9C29070C4D88BA2737426201825ADE3F"
"assets/equipment_visuals/icons/particles/Wood/wood_dragon_walk_boots_particles_20x20.png.import","894","0F648F47EEE0F5F266CAF90F0ED45A2C476F0FE883A43880AEC863A04998C289"
"assets/equipment_visuals/icons/particles/Wood/wood_engraved_copper_ring_particles_20x20.png","91","D0EFA54083F81CD3621FB2665E725DCC482A18747DF9744C89B2D28347CDB0F0"
"assets/equipment_visuals/icons/particles/Wood/wood_engraved_copper_ring_particles_20x20.png.import","903","04781867B256D9075389F69447D5A16B00D471CC2BC5DECE01BB4C7B709B3718"
"assets/equipment_visuals/icons/particles/Wood/wood_great_axe_particles_20x20.png","91","D0EFA54083F81CD3621FB2665E725DCC482A18747DF9744C89B2D28347CDB0F0"
"assets/equipment_visuals/icons/particles/Wood/wood_great_axe_particles_20x20.png.import","870","A68B5B4C805C3D25522B976480070E4DE988A09B83B2B389ADF4E3A24C67701D"
"assets/equipment_visuals/icons/particles/Wood/wood_great_sword_particles_20x20.png","91","D0EFA54083F81CD3621FB2665E725DCC482A18747DF9744C89B2D28347CDB0F0"
"assets/equipment_visuals/icons/particles/Wood/wood_great_sword_particles_20x20.png.import","876","2E6CA7C5D65A84560555B8CC5714BCB45ACD7C47554EB3459966E4CA96B540ED"
"assets/equipment_visuals/icons/particles/Wood/wood_hand_axe_particles_20x20.png","91","32A7CACC4B5364A78DD86090EEB1110BEBE4C022B714D5DDD8D343DFC32685A1"
"assets/equipment_visuals/icons/particles/Wood/wood_hand_axe_particles_20x20.png.import","866","0B4EDF0DC0FF94AC163C64DA45CC628695746B0487CF4DBEF4184D96F56A8B12"
"assets/equipment_visuals/icons/particles/Wood/wood_heavy_crossbow_particles_20x20.png","91","D0EFA54083F81CD3621FB2665E725DCC482A18747DF9744C89B2D28347CDB0F0"
"assets/equipment_visuals/icons/particles/Wood/wood_heavy_crossbow_particles_20x20.png.import","885","F6C32E454C8841D4466E75FC6E512DCD5EE432EF94D0354F408ABA18FB3CD92F"
"assets/equipment_visuals/icons/particles/Wood/wood_hunting_bow_particles_20x20.png","90","DF0610EDDA419687B5BBFF7794E8F4C9D074DF49AC22CC233CC59B8FB727A0A5"
"assets/equipment_visuals/icons/particles/Wood/wood_hunting_bow_particles_20x20.png.import","876","D0299527528E2DFCC8EF263AD07EADC2944FDCEECF26A0280411726B14409B33"
"assets/equipment_visuals/icons/particles/Wood/wood_iron_helmet_particles_20x20.png","91","D0EFA54083F81CD3621FB2665E725DCC482A18747DF9744C89B2D28347CDB0F0"
"assets/equipment_visuals/icons/particles/Wood/wood_iron_helmet_particles_20x20.png.import","876","D6A38C9BAC46EE877C8A7EBC2A89A23B2890D6D51A89C355F8068A47629932B3"
"assets/equipment_visuals/icons/particles/Wood/wood_iron_toe_boots_particles_20x20.png","91","79163989CF6D37F2A26F0F8EF915720C9C29070C4D88BA2737426201825ADE3F"
"assets/equipment_visuals/icons/particles/Wood/wood_iron_toe_boots_particles_20x20.png.import","885","8D48F320CF5CAAF4501D62A87F2042F192E8B819D56EDD6D1EA52F3BDBC96180"
"assets/equipment_visuals/icons/particles/Wood/wood_knight_helmet_particles_20x20.png","91","D0EFA54083F81CD3621FB2665E725DCC482A18747DF9744C89B2D28347CDB0F0"
"assets/equipment_visuals/icons/particles/Wood/wood_knight_helmet_particles_20x20.png.import","882","6F970F63ECD2F53301D84D4C180D2834E478E03462EADC1E809A35C40EC48BED"
"assets/equipment_visuals/icons/particles/Wood/wood_leather_armor_particles_20x20.png","91","75601F801A64A56C6621842C1C2EFC694C4C80C1F9008F2AD8F022B14DC3E234"
"assets/equipment_visuals/icons/particles/Wood/wood_leather_armor_particles_20x20.png.import","881","54E0555978428131D5588353581CCD110EA57554A3DE888CDC175AFEC13A8B6E"
"assets/equipment_visuals/icons/particles/Wood/wood_leather_boots_particles_20x20.png","91","79163989CF6D37F2A26F0F8EF915720C9C29070C4D88BA2737426201825ADE3F"
"assets/equipment_visuals/icons/particles/Wood/wood_leather_boots_particles_20x20.png.import","882","4F070226AD2817EEEAD03AA27869F90F92EA417264D540E6F5D4AD9D0605B835"
"assets/equipment_visuals/icons/particles/Wood/wood_leather_cap_particles_20x20.png","91","554B38A797D4C77E12FB6364A544E9C11F0EAACB73249187357EB0F96212549B"
"assets/equipment_visuals/icons/particles/Wood/wood_leather_cap_particles_20x20.png.import","876","F69463C9D4786B8279C9AFD0CD4E62CB17CADD7F4A21ABF9946E6842CE2096C2"
"assets/equipment_visuals/icons/particles/Wood/wood_leather_pants_particles_20x20.png","91","75601F801A64A56C6621842C1C2EFC694C4C80C1F9008F2AD8F022B14DC3E234"
"assets/equipment_visuals/icons/particles/Wood/wood_leather_pants_particles_20x20.png.import","882","4FA5594C1230135CDDF2F23A79ADE995CAA73B821B69B81E9079AECCD0D8DE7D"
"assets/equipment_visuals/icons/particles/Wood/wood_long_sword_particles_20x20.png","91","D0EFA54083F81CD3621FB2665E725DCC482A18747DF9744C89B2D28347CDB0F0"
"assets/equipment_visuals/icons/particles/Wood/wood_long_sword_particles_20x20.png.import","873","A4464D6AFE8A511B834D2870A0CA8893EE5CA6256BAC672222170A679AD94868"
"assets/equipment_visuals/icons/particles/Wood/wood_longbow_particles_20x20.png","91","554B38A797D4C77E12FB6364A544E9C11F0EAACB73249187357EB0F96212549B"
"assets/equipment_visuals/icons/particles/Wood/wood_longbow_particles_20x20.png.import","863","FE7FBC66F3F91AEF4A22B97F3742451BDFDB64FC31ADD6280A65E306C5FC685B"
"assets/equipment_visuals/icons/particles/Wood/wood_plate_armor_particles_20x20.png","91","75601F801A64A56C6621842C1C2EFC694C4C80C1F9008F2AD8F022B14DC3E234"
"assets/equipment_visuals/icons/particles/Wood/wood_plate_armor_particles_20x20.png.import","876","F8F945A4D4D271B57937038AFE72BA5F0FB424DFB4B62BC2469CBA95CFF3DF70"
"assets/equipment_visuals/icons/particles/Wood/wood_plate_greaves_particles_20x20.png","91","75601F801A64A56C6621842C1C2EFC694C4C80C1F9008F2AD8F022B14DC3E234"
"assets/equipment_visuals/icons/particles/Wood/wood_plate_greaves_particles_20x20.png.import","881","42FCB01CDA9EA0815BD7AF3A802DE4B95818A85D76C800B0BD708C1A53E78205"
"assets/equipment_visuals/icons/particles/Wood/wood_rapier_particles_20x20.png","91","D0EFA54083F81CD3621FB2665E725DCC482A18747DF9744C89B2D28347CDB0F0"
"assets/equipment_visuals/icons/particles/Wood/wood_rapier_particles_20x20.png.import","861","27680CD4807F9C48615DE7BDCDD9FB67E40E136A7BE8476023CA4DDA390F025C"
"assets/equipment_visuals/icons/particles/Wood/wood_sacred_relic_particles_20x20.png","91","D0EFA54083F81CD3621FB2665E725DCC482A18747DF9744C89B2D28347CDB0F0"
"assets/equipment_visuals/icons/particles/Wood/wood_sacred_relic_particles_20x20.png.import","879","5E85CCB462AC757B702A9EE0434A220680E3F5D388D51D5DF2C7BF9C08CA3C15"
"assets/equipment_visuals/icons/particles/Wood/wood_short_sword_particles_20x20.png","91","554B38A797D4C77E12FB6364A544E9C11F0EAACB73249187357EB0F96212549B"
"assets/equipment_visuals/icons/particles/Wood/wood_short_sword_particles_20x20.png.import","876","C426D8B4D904A4E24E099AC0C03FF8D4514E1F46E926B9D18B54E614625338B3"
"assets/equipment_visuals/icons/particles/Wood/wood_silver_badge_particles_20x20.png","91","D0EFA54083F81CD3621FB2665E725DCC482A18747DF9744C89B2D28347CDB0F0"
"assets/equipment_visuals/icons/particles/Wood/wood_silver_badge_particles_20x20.png.import","878","1CE8BCF4EBF02535F9864327A885E9AD4046195F5EC3250E370D8799D3774ED2"
"assets/equipment_visuals/icons/particles/Wood/wood_straw_sandals_particles_20x20.png","91","79163989CF6D37F2A26F0F8EF915720C9C29070C4D88BA2737426201825ADE3F"
"assets/equipment_visuals/icons/particles/Wood/wood_straw_sandals_particles_20x20.png.import","882","02491496619E3C9F45B24FABB741F6992A4734827079D487A7FEE0A57EA7FCD1"
"assets/equipment_visuals/icons/particles/Wood/wood_whisper_orb_particles_20x20.png","91","D0EFA54083F81CD3621FB2665E725DCC482A18747DF9744C89B2D28347CDB0F0"
"assets/equipment_visuals/icons/particles/Wood/wood_whisper_orb_particles_20x20.png.import","876","3D185A3957CAF43F31E37D8DAEF4250694CCA7D937674395331B1C95D4CC425F"
"assets/equipment_visuals/icons/particles/Wood/wood_wind_boots_particles_20x20.png","91","79163989CF6D37F2A26F0F8EF915720C9C29070C4D88BA2737426201825ADE3F"
"assets/equipment_visuals/icons/particles/Wood/wood_wind_boots_particles_20x20.png.import","873","F100EE93FD295D259F6EB4E560E57001B323181AD82A7EF57CAF77D27507D0F4"
"assets/equipment_visuals/layers/base/Accessories/carved_wood_amulet_base_40x208.png","240","2740975690C04F92D48DB025015D8E06E9F5E4F9865A581F4CCDC0A5A12E4AF6"
"assets/equipment_visuals/layers/base/Accessories/carved_wood_amulet_base_40x208.png.import","873","E04C7F9A9C2C37B0B8225B8368BE1CA584514B01A2E270E3FBBEDEB1E5C1030C"
"assets/equipment_visuals/layers/base/Accessories/engraved_copper_ring_base_40x208.png","183","2D5845CEEE557C13B52F9784FBCF7164006FB5CA21177C8E0B9ABC7E52D9538B"
"assets/equipment_visuals/layers/base/Accessories/engraved_copper_ring_base_40x208.png.import","879","B62C520FE3C73CA6278244C74FDB755350BD67310369BD33A574C1E115E9EB7B"
"assets/equipment_visuals/layers/base/Accessories/sacred_relic_base_40x208.png","220","747393EFC18F1B1D7D9F03C5A643E797065E9EA8AA8642B1496C28EEDE5F8716"
"assets/equipment_visuals/layers/base/Accessories/sacred_relic_base_40x208.png.import","854","E0641AA75FA23C2745CDC8ED673226AB375B3DCC9C8371E47FB07DA46E088524"
"assets/equipment_visuals/layers/base/Accessories/silver_badge_base_40x208.png","240","19CA5E21F9962A3C2775E39DDC3B6F94163A650D68FA1A38A7220131A8583642"
"assets/equipment_visuals/layers/base/Accessories/silver_badge_base_40x208.png.import","854","F8D8255FCA6B1E70066A469043EC1DF6A54311B079E1B28C100996A75DE2FEF8"
"assets/equipment_visuals/layers/base/Accessories/whisper_orb_base_40x208.png","256","67A394BFA14AF63DAD6EA1FF681974B1D008AFE6E3AB2F21F5D6C685EFDF85CC"
"assets/equipment_visuals/layers/base/Accessories/whisper_orb_base_40x208.png.import","852","AE4D1493230388CAEFEC2D1D70615F425685FCAAF2E5464C3F8DD759A132D742"
"assets/equipment_visuals/layers/base/Armor/chainmail_armor_base_40x208.png","402","4D5624EE8CCB4A6FEC6DC6567BE7FD5495DD1953A8B67B5788DB2372B7539DB4"
"assets/equipment_visuals/layers/base/Armor/chainmail_armor_base_40x208.png.import","857","E810037303ACC79C669B14BF7F9255034FB363C249BF1B2016B17F5B80E228CD"
"assets/equipment_visuals/layers/base/Armor/cloth_armor_base_40x208.png","417","5AF38EBDB66EFE0DFF02EF6EB71E50A4876C6FD74DA58A749608C8CAE99FE13E"
"assets/equipment_visuals/layers/base/Armor/cloth_armor_base_40x208.png.import","845","266802EFB18CE8589365FE619BC8E515EBAC4635DF4BB6E1F20DB016D7E0D0E5"
"assets/equipment_visuals/layers/base/Armor/dragon_scale_armor_base_40x208.png","378","27DEC29B26251B2609366F9F19AC02E2EC5CA2FDD98CA2506A802569F71A79B1"
"assets/equipment_visuals/layers/base/Armor/dragon_scale_armor_base_40x208.png.import","867","2910CCC482011F66CCF939E09CF64DCCDCB12CD388A01841735222D2005A793F"
"assets/equipment_visuals/layers/base/Armor/leather_armor_base_40x208.png","410","B70F798634AD6001D365517E115EFFE08ED5BAAA470062CC6B8B4842EE6F9AC9"
"assets/equipment_visuals/layers/base/Armor/leather_armor_base_40x208.png.import","852","EA54CD134D5132ABC14A8D8545A0344AC66DECCCA8439292B3F9B2F6940030F2"
"assets/equipment_visuals/layers/base/Armor/plate_armor_base_40x208.png","394","B6C1F3481EB6A03276E1B000356651AB1EA22A46ACCCB4EB422456BCC7F21B61"
"assets/equipment_visuals/layers/base/Armor/plate_armor_base_40x208.png.import","846","54630A4B6548B8AEF586D4AC430E0F8DF1403C195CE100AC3CF9236B77AA3F6C"
"assets/equipment_visuals/layers/base/Boots/dragon_walk_boots_base_40x208.png","346","36C0A4348A971904FE8E3449877DFB6AFE5F17B0D622ED23F5F66969A323A8D1"
"assets/equipment_visuals/layers/base/Boots/dragon_walk_boots_base_40x208.png.import","864","210BAA94B5F714CBCE7CF0D10C5936CDB56E031CE4FE588167B41C34706CC598"
"assets/equipment_visuals/layers/base/Boots/iron_toe_boots_base_40x208.png","347","579DD3AF5D319D265856D11BAD8AA18F1F2372682E7CBB3C9921916BF86FDC67"
"assets/equipment_visuals/layers/base/Boots/iron_toe_boots_base_40x208.png.import","855","9C2D6A0C369558B31676AF6373729409F635A86042FD59FBE3E0B570EBD090DB"
"assets/equipment_visuals/layers/base/Boots/leather_boots_base_40x208.png","335","2BE627385244BF22201337340D3968630E32CB092110983D0F2F97FAC2630464"
"assets/equipment_visuals/layers/base/Boots/leather_boots_base_40x208.png.import","852","0B3F83D0E2635795A7B55C67080F62F4CFDFBE2C7FAAE6B7C388B76DA6B3393C"
"assets/equipment_visuals/layers/base/Boots/straw_sandals_base_40x208.png","330","868C4D9C22FBDBC63E9DFB3671CDD18AFF1D995A300F8F7F4D756F108EA8997B"
"assets/equipment_visuals/layers/base/Boots/straw_sandals_base_40x208.png.import","852","F30D74CDD2320C57A9EE7B6FEF334C236CFBD9F38A5FD996B7CEDF854A584E3E"
"assets/equipment_visuals/layers/base/Boots/wind_boots_base_40x208.png","345","BDE286DEAC0BFBFFA26C7ABB407544D0C03A30324B4CE053EBEE3D6CC7D24A4C"
"assets/equipment_visuals/layers/base/Boots/wind_boots_base_40x208.png.import","843","2796C1664E55E37B1B7E7FA4630220B4958805B18443DF0671B8B66853687D41"
"assets/equipment_visuals/layers/base/Helmets/battle_helmet_base_40x208.png","505","884905056F9AEFB47738C4FD19919C8057DFF460FCA2AD053F4A8C6A4ECBC714"
"assets/equipment_visuals/layers/base/Helmets/battle_helmet_base_40x208.png.import","853","425DCA5C0A4C4C7C2C5D55E2E62EFBECCCDC8288C647925ED528291814E34DA2"
"assets/equipment_visuals/layers/base/Helmets/dragon_head_helmet_base_40x208.png","567","D8864570D8B146670AC820A1A86F970A1138664414D410CA035302B66541F528"
"assets/equipment_visuals/layers/base/Helmets/dragon_head_helmet_base_40x208.png.import","869","38DCBCC7E9D1FF1A7271919CA5EACAB8359A1510CDDD58D9AF9548E743B39FED"
"assets/equipment_visuals/layers/base/Helmets/iron_helmet_base_40x208.png","399","03FA2D3F0DAD4D8F3A5AC50B545E5BCDD1C054CB07FEA518CF106F7FE287A8C9"
"assets/equipment_visuals/layers/base/Helmets/iron_helmet_base_40x208.png.import","848","C2CD799A5B5DB08592F29F4B7C22DC73E489B71FBFDE530686039A693AAB49CE"
"assets/equipment_visuals/layers/base/Helmets/knight_helmet_base_40x208.png","593","292EFED9CB2F348A207FE8C6D913EF691D743B5E8C9F8D6D8E9FBA7A656E9E33"
"assets/equipment_visuals/layers/base/Helmets/knight_helmet_base_40x208.png.import","853","39771FF259C184027E565AF9A22B5EDCDE09EDFBDA6C57A53EDB0D6D9E81E27A"
"assets/equipment_visuals/layers/base/Helmets/leather_cap_base_40x208.png","399","8D34E54B09E03A8321104A517F82C12305580982EBCD4D54B3C04CD1CA459606"
"assets/equipment_visuals/layers/base/Helmets/leather_cap_base_40x208.png.import","847","95061A6A84E513EFFAADBDFDF00D2631E1033BC9D43C5B1534F4B5BA75C7C615"
"assets/equipment_visuals/layers/base/Pants/chainmail_pants_base_40x208.png","364","3F9B6CF25C2FFBA25A80CAC8D9F8A044B398CFFD0915B3B8AD2DC8FEB1ABFC8E"
"assets/equipment_visuals/layers/base/Pants/chainmail_pants_base_40x208.png.import","858","D5A86FDD3AA65500ECBAF314FC3FB29A9F9A46AD2021DEAF7DB439C5DDBBCF22"
"assets/equipment_visuals/layers/base/Pants/cloth_pants_base_40x208.png","366","81A58AC4B844B2CE7B9A684445EC9435C1AB06276939301702D8732708217B80"
"assets/equipment_visuals/layers/base/Pants/cloth_pants_base_40x208.png.import","845","F29E104583C7B4AB68D805007A011E8ED1B57566EC2DF0B44AB017D5148A4934"
"assets/equipment_visuals/layers/base/Pants/dragon_scale_legs_base_40x208.png","362","9E8403276840503215176616ADFBDB9FA7541E0403815D6451C87E00EEE94D09"
"assets/equipment_visuals/layers/base/Pants/dragon_scale_legs_base_40x208.png.import","864","EC4A3E2F99B0D1985601E8D12C2FBA688541954E1265CCBFDE09D85E2EAD9E8C"
"assets/equipment_visuals/layers/base/Pants/leather_pants_base_40x208.png","348","E727965E6055D102C32EFB89959B2E249C25564FC2CA0DA96C00BB0BE5DD7935"
"assets/equipment_visuals/layers/base/Pants/leather_pants_base_40x208.png.import","852","DCDDADA7C982EFF01FAA8C434A57CB5B8B1B01426A2AB6AD60B2190220BC8277"
"assets/equipment_visuals/layers/base/Pants/plate_greaves_base_40x208.png","359","AC9CCC754AA1C657ADA3B1870FC497578F62CF99954D54EAA8EA6ED59C2783C0"
"assets/equipment_visuals/layers/base/Pants/plate_greaves_base_40x208.png.import","852","939FED4D8253800B370B0F526DC536882776D824D320A61F3268DAE9348FAED1"
"assets/equipment_visuals/layers/base/Weapons/battle_axe_base_40x208.png","590","0594471BAF39F412CD8BD0D82D1069CC0DB35FEB66DB82E66343F73833BF8669"
"assets/equipment_visuals/layers/base/Weapons/battle_axe_base_40x208.png.import","844","53F871B3EA1603614704C5B3F9126C9BD2D25E3D8F34B024D6531D5D7C5D54C1"
"assets/equipment_visuals/layers/base/Weapons/great_axe_base_40x208.png","623","E835A747A989FC4954D876D2A5143D4B832A10E82B7CB1A1F223DE68238A5AB1"
"assets/equipment_visuals/layers/base/Weapons/great_axe_base_40x208.png.import","842","90848F36B25F8A8B112AE0FBD8692D51353DA8B919CDEAC38A097898BC665A76"
"assets/equipment_visuals/layers/base/Weapons/great_sword_base_40x208.png","617","CD65E6E0568F9C901E0D6FF18DA1DF3FDD4A5CBFCBE7162A3B44923054EE831B"
"assets/equipment_visuals/layers/base/Weapons/great_sword_base_40x208.png.import","848","FFF520CA7445811890EC6EBA6AB9A8D3E12C34702E76718020FF4C4B0CC89CB6"
"assets/equipment_visuals/layers/base/Weapons/hand_axe_base_40x208.png","581","F99D2D5EF0084B490E47D78CD4B60F9D1FA603DEE170B880EB955537795AB8E8"
"assets/equipment_visuals/layers/base/Weapons/hand_axe_base_40x208.png.import","838","2704C4D680F5C76604D16EE2E274E09324B122D0B2D7B4DD28DB8B9A66392124"
"assets/equipment_visuals/layers/base/Weapons/heavy_crossbow_base_40x208.png","338","70CEA254C6835A1B0C09F6C6B90B9EAFDB82EDA03B6A90B3087542033F17B3E2"
"assets/equipment_visuals/layers/base/Weapons/heavy_crossbow_base_40x208.png.import","856","DCCB608765F5461AF067C1E7B7059F9DC7C7FD508324C485C19855540CF16674"
"assets/equipment_visuals/layers/base/Weapons/hunting_bow_base_40x208.png","537","D4CA35C39D9DFDA6C76CA53AE0208F7C27EC072DBA4AEAA332789E119EE377CF"
"assets/equipment_visuals/layers/base/Weapons/hunting_bow_base_40x208.png.import","848","2FA59E2FE11FE2B373A8E5690D04342351BA47324BFBFD4CE22B0710C5882840"
"assets/equipment_visuals/layers/base/Weapons/long_sword_base_40x208.png","581","204FD453C15A642F40B2862F29C89907C134B7E5BF844BE3450E917EFBBBDDAC"
"assets/equipment_visuals/layers/base/Weapons/long_sword_base_40x208.png.import","845","F877E0BED7E79AA8E65E0A2F61F1AA08C115714E7C3E724115264BACF5DFA113"
"assets/equipment_visuals/layers/base/Weapons/longbow_base_40x208.png","554","B206BA0E109D750963C04B16028020CBC8FAE9ECD219D5E658C30225DFFE4732"
"assets/equipment_visuals/layers/base/Weapons/longbow_base_40x208.png.import","835","7CB7063C49BEB00F47C878EE357D43324C809F765EE72E85A2AC7A095E8F95CC"
"assets/equipment_visuals/layers/base/Weapons/rapier_base_40x208.png","483","5F3C0647ED9F85982C05C24DAF7CC9C5BFEF15A21C44A85362250D724A8CE2F7"
"assets/equipment_visuals/layers/base/Weapons/rapier_base_40x208.png.import","833","B2E4CDFDE18C471830AB57A81D140A19CE5C33AA52DE0E2D930E6CCC75195773"
"assets/equipment_visuals/layers/base/Weapons/short_sword_base_40x208.png","469","7B30B9FB3B657A3689E4B2F3B8333E1762CE3204644D31731A5D277BCAE63E47"
"assets/equipment_visuals/layers/base/Weapons/short_sword_base_40x208.png.import","848","CCA6325DCC87327753F24B6CB28DA07E5CD54EE423BCC334DB252DFE673CC768"
"assets/equipment_visuals/layers/particles/Earth/earth_battle_axe_particles_40x208.png","141","A0BB769EC03442018EA494B0600BB71B85FD2061D5D82EF70FE26B81AF79A7E9"
"assets/equipment_visuals/layers/particles/Earth/earth_battle_axe_particles_40x208.png.import","881","7A1074E023873DA28EF05732E209B8A802280819D16877CE5C8F9059E01B6E49"
"assets/equipment_visuals/layers/particles/Earth/earth_battle_helmet_particles_40x208.png","142","C3AC7EBF56BC5D03ED5A3EF12D56DA49DAAE7E1C07808107012F5DEF97F21DA7"
"assets/equipment_visuals/layers/particles/Earth/earth_battle_helmet_particles_40x208.png.import","889","F5A49C23811EEEE0041FF27B88D6455BEA125CD8D5521FEE009E4BD2F2B77722"
"assets/equipment_visuals/layers/particles/Earth/earth_carved_wood_amulet_particles_40x208.png","140","C3483C91B6C840337E5A02D550E6B2B2BC1682CB3F4444B8062E6C7B967DA8A5"
"assets/equipment_visuals/layers/particles/Earth/earth_carved_wood_amulet_particles_40x208.png.import","905","AF43F24BDCA11EFE0589196EA7705C387902C439AABC9C8D0133B44BEE5257CF"
"assets/equipment_visuals/layers/particles/Earth/earth_chainmail_armor_particles_40x208.png","142","A6C6554663386DBA5A079A6F3E5A88268ABF600055C3E96364D4326EA82BD7B4"
"assets/equipment_visuals/layers/particles/Earth/earth_chainmail_armor_particles_40x208.png.import","896","FC72FD7434A36FDA60EECDDAF811B31D851820CD6C73A8548EB1F0008190B9B2"
"assets/equipment_visuals/layers/particles/Earth/earth_chainmail_pants_particles_40x208.png","141","908ECB92A08F5CFDDD8CD5A48087013A6C3FC572B72AC832E38AF2578E2450B7"
"assets/equipment_visuals/layers/particles/Earth/earth_chainmail_pants_particles_40x208.png.import","895","400CF0F751A82B1ABDDC0379F77C502502F494EDAEB15F68BF56C07516AA8631"
"assets/equipment_visuals/layers/particles/Earth/earth_cloth_armor_particles_40x208.png","142","A6C6554663386DBA5A079A6F3E5A88268ABF600055C3E96364D4326EA82BD7B4"
"assets/equipment_visuals/layers/particles/Earth/earth_cloth_armor_particles_40x208.png.import","884","5995203F4467313C1845F71DECDEC420B5A9BE5E2B44A06785D562CA979BBB3B"
"assets/equipment_visuals/layers/particles/Earth/earth_cloth_pants_particles_40x208.png","141","908ECB92A08F5CFDDD8CD5A48087013A6C3FC572B72AC832E38AF2578E2450B7"
"assets/equipment_visuals/layers/particles/Earth/earth_cloth_pants_particles_40x208.png.import","884","475A6B35892C0E80D4604C2150C20D1CD6F2680C41A58DB858657D84DAC0244B"
"assets/equipment_visuals/layers/particles/Earth/earth_dragon_head_helmet_particles_40x208.png","141","52ED9DAECE2BBB2E2C97537B8B791545AB0486913CE601CBDFDCC51CA134552E"
"assets/equipment_visuals/layers/particles/Earth/earth_dragon_head_helmet_particles_40x208.png.import","905","C167F0701FB25480C1AD1C826F2904745839004B61E235157B963E06E8CC1498"
"assets/equipment_visuals/layers/particles/Earth/earth_dragon_scale_armor_particles_40x208.png","142","A6C6554663386DBA5A079A6F3E5A88268ABF600055C3E96364D4326EA82BD7B4"
"assets/equipment_visuals/layers/particles/Earth/earth_dragon_scale_armor_particles_40x208.png.import","905","1528ED59E8BF6A071F4739D086D0D9A0E3666FF38B9D06923D78083FF6153C70"
"assets/equipment_visuals/layers/particles/Earth/earth_dragon_scale_legs_particles_40x208.png","141","908ECB92A08F5CFDDD8CD5A48087013A6C3FC572B72AC832E38AF2578E2450B7"
"assets/equipment_visuals/layers/particles/Earth/earth_dragon_scale_legs_particles_40x208.png.import","901","3E75D3C5C9F1B86BC361257525D5814F5AB5179B0F51941A24E14453F60840E1"
"assets/equipment_visuals/layers/particles/Earth/earth_dragon_walk_boots_particles_40x208.png","142","D8E4B88D8DC4BA78AA3F31D34F98D2572198943D9BFC7286E3FF983077B012EC"
"assets/equipment_visuals/layers/particles/Earth/earth_dragon_walk_boots_particles_40x208.png.import","901","EDA273405CCD2B815C11AB4B11AE17B537B16932CBFBCBE34ED97F45E8162C92"
"assets/equipment_visuals/layers/particles/Earth/earth_engraved_copper_ring_particles_40x208.png","141","3F73F109F9649487BF8FD0FE5CCDEC6A6D29AE6DAF96EE02255178D8247E95D0"
"assets/equipment_visuals/layers/particles/Earth/earth_engraved_copper_ring_particles_40x208.png.import","911","9473CD8112DE2FE2FCF70B915E8C90807DB72C3805777B47DC0E7666690BF7B7"
"assets/equipment_visuals/layers/particles/Earth/earth_great_axe_particles_40x208.png","141","A0BB769EC03442018EA494B0600BB71B85FD2061D5D82EF70FE26B81AF79A7E9"
"assets/equipment_visuals/layers/particles/Earth/earth_great_axe_particles_40x208.png.import","878","55AA9F1EA31DA150830B01980BC20C17C1A64E116D8054F280CC753C42362AA5"
"assets/equipment_visuals/layers/particles/Earth/earth_great_sword_particles_40x208.png","141","BF8587D1375CF051C84B70A61023036DFB258B2EF3D12D1EEF544D4C25045494"
"assets/equipment_visuals/layers/particles/Earth/earth_great_sword_particles_40x208.png.import","883","DA7E58820F0E6A21FEF4DB5F3A57E8538B22FFC9A3044E386FBAC38F867E146B"
"assets/equipment_visuals/layers/particles/Earth/earth_hand_axe_particles_40x208.png","141","A0BB769EC03442018EA494B0600BB71B85FD2061D5D82EF70FE26B81AF79A7E9"
"assets/equipment_visuals/layers/particles/Earth/earth_hand_axe_particles_40x208.png.import","875","6BBBBD8CF47399F877FE53C9D817F532783BDE24A69483254FB6B8A1AB1C4007"
"assets/equipment_visuals/layers/particles/Earth/earth_heavy_crossbow_particles_40x208.png","145","145159B13DFD7DFFAAB215F39E296802341D4416B47F562CC5C80A9DB464F515"
"assets/equipment_visuals/layers/particles/Earth/earth_heavy_crossbow_particles_40x208.png.import","893","E0DA6DA3D800240DAD2FB9DB0F08A88744E4FFFEC31CF64BF145AB8EB6E3E573"
"assets/equipment_visuals/layers/particles/Earth/earth_hunting_bow_particles_40x208.png","141","AC18731A74B58F512E72B182F0C5C30B8EF4840D5544B0849A15F5A10B811F73"
"assets/equipment_visuals/layers/particles/Earth/earth_hunting_bow_particles_40x208.png.import","882","221B61CF5E997A89EDEB89B70432C8EC99BAEE3F5148258F9ECE52092B6AFC54"
"assets/equipment_visuals/layers/particles/Earth/earth_iron_helmet_particles_40x208.png","142","C3AC7EBF56BC5D03ED5A3EF12D56DA49DAAE7E1C07808107012F5DEF97F21DA7"
"assets/equipment_visuals/layers/particles/Earth/earth_iron_helmet_particles_40x208.png.import","884","7C195695004DF063FF81BF67ED9DA5A370003628821F9116B5F29188270C0107"
"assets/equipment_visuals/layers/particles/Earth/earth_iron_toe_boots_particles_40x208.png","142","D8E4B88D8DC4BA78AA3F31D34F98D2572198943D9BFC7286E3FF983077B012EC"
"assets/equipment_visuals/layers/particles/Earth/earth_iron_toe_boots_particles_40x208.png.import","892","7CFF7E2F8DD6F2046BDDA24ACF08650B60A6AA03CD5C2B809DB68D92E6484247"
"assets/equipment_visuals/layers/particles/Earth/earth_knight_helmet_particles_40x208.png","142","C3AC7EBF56BC5D03ED5A3EF12D56DA49DAAE7E1C07808107012F5DEF97F21DA7"
"assets/equipment_visuals/layers/particles/Earth/earth_knight_helmet_particles_40x208.png.import","889","7EFE086288C544CC3DF4D99668EDA3B6AC1FB3622BD38F9B9A1303EBBE5FAAD8"
"assets/equipment_visuals/layers/particles/Earth/earth_leather_armor_particles_40x208.png","142","A6C6554663386DBA5A079A6F3E5A88268ABF600055C3E96364D4326EA82BD7B4"
"assets/equipment_visuals/layers/particles/Earth/earth_leather_armor_particles_40x208.png.import","889","643F26359D8833419263480AB688FC89063A7F40AC2143A5288DC7EC8242543B"
"assets/equipment_visuals/layers/particles/Earth/earth_leather_boots_particles_40x208.png","142","D8E4B88D8DC4BA78AA3F31D34F98D2572198943D9BFC7286E3FF983077B012EC"
"assets/equipment_visuals/layers/particles/Earth/earth_leather_boots_particles_40x208.png.import","890","D06DE378E3CEEEC7290C2A2113F3D7F0C9FC05B3DA5A52B0AC95F2494F6B441E"
"assets/equipment_visuals/layers/particles/Earth/earth_leather_cap_particles_40x208.png","142","C3AC7EBF56BC5D03ED5A3EF12D56DA49DAAE7E1C07808107012F5DEF97F21DA7"
"assets/equipment_visuals/layers/particles/Earth/earth_leather_cap_particles_40x208.png.import","884","5250BDC20D85D46B6D388DA7553BB66A4D62130BF06F72046EAF738C456552EC"
"assets/equipment_visuals/layers/particles/Earth/earth_leather_pants_particles_40x208.png","141","908ECB92A08F5CFDDD8CD5A48087013A6C3FC572B72AC832E38AF2578E2450B7"
"assets/equipment_visuals/layers/particles/Earth/earth_leather_pants_particles_40x208.png.import","890","4D35A2B4A6EFF4138CD0CCBCC9FBEB5E7AE4BA785F0D13719B27DA7110BA742F"
"assets/equipment_visuals/layers/particles/Earth/earth_long_sword_particles_40x208.png","141","4069A5A820E711E3AC6CFFC3F7D7AE3042C9811D04E2A706430A0FF62C909773"
"assets/equipment_visuals/layers/particles/Earth/earth_long_sword_particles_40x208.png.import","881","2D720226DA09316EF4B958CE81C0AAF11AA350857B3F7684A203A4152D44285A"
"assets/equipment_visuals/layers/particles/Earth/earth_longbow_particles_40x208.png","141","706BFCBBD07D6F6C3181863A5AB7D4592AC91F95DABDB3BA0864509636BE3D20"
"assets/equipment_visuals/layers/particles/Earth/earth_longbow_particles_40x208.png.import","871","40019D7C8C95AC7F3430F865E087936BD3CCA3F9CB574A84E0FFFC1275C586EF"
"assets/equipment_visuals/layers/particles/Earth/earth_plate_armor_particles_40x208.png","142","A6C6554663386DBA5A079A6F3E5A88268ABF600055C3E96364D4326EA82BD7B4"
"assets/equipment_visuals/layers/particles/Earth/earth_plate_armor_particles_40x208.png.import","884","DD3E286661082B43C9DA153FD3A62EC58644A0FF14D93C338CAAA52B112300B4"
"assets/equipment_visuals/layers/particles/Earth/earth_plate_greaves_particles_40x208.png","141","908ECB92A08F5CFDDD8CD5A48087013A6C3FC572B72AC832E38AF2578E2450B7"
"assets/equipment_visuals/layers/particles/Earth/earth_plate_greaves_particles_40x208.png.import","890","F1BC321DD933F7C21C6E4C5F0ACCB715DD08A8E1F002EFC342E0C74E6A65A7F7"
"assets/equipment_visuals/layers/particles/Earth/earth_rapier_particles_40x208.png","141","4069A5A820E711E3AC6CFFC3F7D7AE3042C9811D04E2A706430A0FF62C909773"
"assets/equipment_visuals/layers/particles/Earth/earth_rapier_particles_40x208.png.import","868","CC66123CE755AE9645A114CAF0B4081623977F8236D07BC51AF1FD78F67BDCDA"
"assets/equipment_visuals/layers/particles/Earth/earth_sacred_relic_particles_40x208.png","139","F7FEA21E677B0BE9C9651BC8F6544A4DC5FDB7FDD225C7C6BF9657FF556C7F0F"
"assets/equipment_visuals/layers/particles/Earth/earth_sacred_relic_particles_40x208.png.import","887","90BC752DE66FF8E4748554306217FA1BAF9C8155C92D549094A7F622976D9391"
"assets/equipment_visuals/layers/particles/Earth/earth_short_sword_particles_40x208.png","141","4069A5A820E711E3AC6CFFC3F7D7AE3042C9811D04E2A706430A0FF62C909773"
"assets/equipment_visuals/layers/particles/Earth/earth_short_sword_particles_40x208.png.import","884","4E6A3C658DD367329F6DD116B0DD6A18B0E69E851FF04C3AD328855ABB3E8D79"
"assets/equipment_visuals/layers/particles/Earth/earth_silver_badge_particles_40x208.png","140","B6F8C7099C2CDF902D5E79782F93579DECF6817CE787FE0EE949E31B1EFBED74"
"assets/equipment_visuals/layers/particles/Earth/earth_silver_badge_particles_40x208.png.import","887","96FE1B49C353FC568C5C7593041522980751C3F637A0F8B14FC18442459EB59B"
"assets/equipment_visuals/layers/particles/Earth/earth_straw_sandals_particles_40x208.png","142","D8E4B88D8DC4BA78AA3F31D34F98D2572198943D9BFC7286E3FF983077B012EC"
"assets/equipment_visuals/layers/particles/Earth/earth_straw_sandals_particles_40x208.png.import","889","76BFD5DABDEF9EF2233EFE45F8C84600984AC64387F0B3D4F56EB5350ABE68B5"
"assets/equipment_visuals/layers/particles/Earth/earth_whisper_orb_particles_40x208.png","142","96AA10F6B17592F3A75B8700BC6B00A4E8DF4A7EB43531E258A5583746A0C628"
"assets/equipment_visuals/layers/particles/Earth/earth_whisper_orb_particles_40x208.png.import","883","A0599DFE2D95F242A20F419BBC078E5DFD49655D33054D5D9786EFC8A43BB2CD"
"assets/equipment_visuals/layers/particles/Earth/earth_wind_boots_particles_40x208.png","142","D8E4B88D8DC4BA78AA3F31D34F98D2572198943D9BFC7286E3FF983077B012EC"
"assets/equipment_visuals/layers/particles/Earth/earth_wind_boots_particles_40x208.png.import","881","8C02ED8482D07A8AB9C422780E4264F8F22E307B020933607426C734E86B2C8C"
"assets/equipment_visuals/layers/particles/Fire/fire_battle_axe_particles_40x208.png","152","71B9F5201DE998BC545AAF179212A441E474ACEE271BD7A0F7BD8C287E8AFF8E"
"assets/equipment_visuals/layers/particles/Fire/fire_battle_axe_particles_40x208.png.import","877","000511B8B9DF8000A4E02FB52DCF27B77C083E613F7235BBA3A01751ACC87E74"
"assets/equipment_visuals/layers/particles/Fire/fire_battle_helmet_particles_40x208.png","156","F26608EB0FE3044CF9747B9CB1275FBC375D2219ECDA7E4842B2BACFB4049531"
"assets/equipment_visuals/layers/particles/Fire/fire_battle_helmet_particles_40x208.png.import","886","99159E176761E31B3CB36A7A35A8ECCA9ACFC360AF89D6129EAA8EE80464E756"
"assets/equipment_visuals/layers/particles/Fire/fire_carved_wood_amulet_particles_40x208.png","153","92788A077C245984A665592AB33BA44B1E75A486BDAE68BE6460BEEBCE87C5C4"
"assets/equipment_visuals/layers/particles/Fire/fire_carved_wood_amulet_particles_40x208.png.import","901","B1BBB7EDD3AB81299B4E21A95F1DA14F03BCE8934DB90B29741C78632F923C61"
"assets/equipment_visuals/layers/particles/Fire/fire_chainmail_armor_particles_40x208.png","157","A7D9CA7B479D6AB0E4093951ACEEB55AC95514AA311DA503DB7C6ED9823FE833"
"assets/equipment_visuals/layers/particles/Fire/fire_chainmail_armor_particles_40x208.png.import","891","36C9D70755558F5D2F8E1A29108A9EC72D86EDB12E1D02FA7B40E942BF139B87"
"assets/equipment_visuals/layers/particles/Fire/fire_chainmail_pants_particles_40x208.png","153","F1AA47B7DDFA497DEF95A74CDD1E76804A66FF63F5D99173B30518D12F7582DF"
"assets/equipment_visuals/layers/particles/Fire/fire_chainmail_pants_particles_40x208.png.import","891","0E76D020FD5F4F61671D3C0070829D5A831613837034F84765D8F0E279A8BBD8"
"assets/equipment_visuals/layers/particles/Fire/fire_cloth_armor_particles_40x208.png","157","A7D9CA7B479D6AB0E4093951ACEEB55AC95514AA311DA503DB7C6ED9823FE833"
"assets/equipment_visuals/layers/particles/Fire/fire_cloth_armor_particles_40x208.png.import","880","7BF567AF9917D71D39FEF0A629D1D73FB5B6E8D57933A2E69F07D2ED831BC965"
"assets/equipment_visuals/layers/particles/Fire/fire_cloth_pants_particles_40x208.png","153","F1AA47B7DDFA497DEF95A74CDD1E76804A66FF63F5D99173B30518D12F7582DF"
"assets/equipment_visuals/layers/particles/Fire/fire_cloth_pants_particles_40x208.png.import","880","5CC526CD0BF559811901B0EAA34DDA08BF01051F27F08F6984F733C4E3C58F5D"
"assets/equipment_visuals/layers/particles/Fire/fire_dragon_head_helmet_particles_40x208.png","154","7A84F2A9B81A1A503D961358251402B74F86903A613EFDD7A3CDC7B8EDA70E08"
"assets/equipment_visuals/layers/particles/Fire/fire_dragon_head_helmet_particles_40x208.png.import","901","2BFD4A193F60A6DDD9F7B91082B0627968D30EAEB77883D6BC99359B99B83F84"
"assets/equipment_visuals/layers/particles/Fire/fire_dragon_scale_armor_particles_40x208.png","157","A7D9CA7B479D6AB0E4093951ACEEB55AC95514AA311DA503DB7C6ED9823FE833"
"assets/equipment_visuals/layers/particles/Fire/fire_dragon_scale_armor_particles_40x208.png.import","901","FCF2BABDBEC5ADCA5ED2CD5E26857E0F261DC2EB21D88FFBEBD893A7D6DEAFDE"
"assets/equipment_visuals/layers/particles/Fire/fire_dragon_scale_legs_particles_40x208.png","153","F1AA47B7DDFA497DEF95A74CDD1E76804A66FF63F5D99173B30518D12F7582DF"
"assets/equipment_visuals/layers/particles/Fire/fire_dragon_scale_legs_particles_40x208.png.import","897","E9230E9AB921F6D1FC38357C0C6AC5503C20F7F8F7EDF08C591AF67B2724F30B"
"assets/equipment_visuals/layers/particles/Fire/fire_dragon_walk_boots_particles_40x208.png","151","BAF6BACC138DEC937F548EC64597A34FFF799C1D8DEB5C6F474209433AEE6E14"
"assets/equipment_visuals/layers/particles/Fire/fire_dragon_walk_boots_particles_40x208.png.import","898","EEF61339A849132655B28E8E50DDB9C60631A457451619EDB202B2D376BDE355"
"assets/equipment_visuals/layers/particles/Fire/fire_engraved_copper_ring_particles_40x208.png","155","CF98D5847AEF36012A25419BB2B4E1AD177767EC0076F537985234D09F1E5ECF"
"assets/equipment_visuals/layers/particles/Fire/fire_engraved_copper_ring_particles_40x208.png.import","906","67CFA76B10252016870576F11DFCBB61E15253CA9413C37F7EBD70A654D246F4"
"assets/equipment_visuals/layers/particles/Fire/fire_great_axe_particles_40x208.png","152","71B9F5201DE998BC545AAF179212A441E474ACEE271BD7A0F7BD8C287E8AFF8E"
"assets/equipment_visuals/layers/particles/Fire/fire_great_axe_particles_40x208.png.import","874","16C7FF1D410CD6EA8B9D66131CAEB64A6FDDDB2393DC85797307F91325CEC96C"
"assets/equipment_visuals/layers/particles/Fire/fire_great_sword_particles_40x208.png","152","2E5C577A43755AFE497D00CE53BF8CC9CE82635977BB6CA8DC264028010EC6E3"
"assets/equipment_visuals/layers/particles/Fire/fire_great_sword_particles_40x208.png.import","879","3DE9D895FBB330352DDAA39E9D5305EC394DED8E77345126A3A0666EDE602A69"
"assets/equipment_visuals/layers/particles/Fire/fire_hand_axe_particles_40x208.png","152","71B9F5201DE998BC545AAF179212A441E474ACEE271BD7A0F7BD8C287E8AFF8E"
"assets/equipment_visuals/layers/particles/Fire/fire_hand_axe_particles_40x208.png.import","870","93F63715AFD18245D358EA321A1F14CD55C4745CCDE9464AC3B895C6CEFBC0E3"
"assets/equipment_visuals/layers/particles/Fire/fire_heavy_crossbow_particles_40x208.png","155","83E48B86392E6AD7DA6189F439E467DA8F556F632C1D36F86284362FE6337E7F"
"assets/equipment_visuals/layers/particles/Fire/fire_heavy_crossbow_particles_40x208.png.import","889","66B670B8169935A25628239F989F931B0570C75A82AC32F54938822669BC1C6F"
"assets/equipment_visuals/layers/particles/Fire/fire_hunting_bow_particles_40x208.png","155","5FEA104B55136451A9B16BA1FD87D14F57CFD64B6F59CAE79D90035ECE4EAE7F"
"assets/equipment_visuals/layers/particles/Fire/fire_hunting_bow_particles_40x208.png.import","880","790A68D65DA61F0C3324C541CE2C8E18BE77813D3E1659F94329B45E18063A39"
"assets/equipment_visuals/layers/particles/Fire/fire_iron_helmet_particles_40x208.png","156","F26608EB0FE3044CF9747B9CB1275FBC375D2219ECDA7E4842B2BACFB4049531"
"assets/equipment_visuals/layers/particles/Fire/fire_iron_helmet_particles_40x208.png.import","880","C2B0418D847998B8A33D1201156480359E50A4288F0F6DC8B2D75173FD263003"
"assets/equipment_visuals/layers/particles/Fire/fire_iron_toe_boots_particles_40x208.png","151","BAF6BACC138DEC937F548EC64597A34FFF799C1D8DEB5C6F474209433AEE6E14"
"assets/equipment_visuals/layers/particles/Fire/fire_iron_toe_boots_particles_40x208.png.import","888","E5A67DBDD1D81AB9E1E0E1C0A5AC910D5A6B51E94A09C18A3EFA8BC069537284"
"assets/equipment_visuals/layers/particles/Fire/fire_knight_helmet_particles_40x208.png","156","F26608EB0FE3044CF9747B9CB1275FBC375D2219ECDA7E4842B2BACFB4049531"
"assets/equipment_visuals/layers/particles/Fire/fire_knight_helmet_particles_40x208.png.import","886","C40BBF9B37C3ED3A00163A83D7493C61329B5A27F1215793C76770280F91FB15"
"assets/equipment_visuals/layers/particles/Fire/fire_leather_armor_particles_40x208.png","157","A7D9CA7B479D6AB0E4093951ACEEB55AC95514AA311DA503DB7C6ED9823FE833"
"assets/equipment_visuals/layers/particles/Fire/fire_leather_armor_particles_40x208.png.import","886","8E3554A527FBB5583CF0241C8009F9D9244E336CAE8FAABBC9BE86F8FBDF75D9"
"assets/equipment_visuals/layers/particles/Fire/fire_leather_boots_particles_40x208.png","151","BAF6BACC138DEC937F548EC64597A34FFF799C1D8DEB5C6F474209433AEE6E14"
"assets/equipment_visuals/layers/particles/Fire/fire_leather_boots_particles_40x208.png.import","886","B5583E20839FFE92CA46E86889617C691ABE25054AAEC8F546A5108C468AC908"
"assets/equipment_visuals/layers/particles/Fire/fire_leather_cap_particles_40x208.png","156","F26608EB0FE3044CF9747B9CB1275FBC375D2219ECDA7E4842B2BACFB4049531"
"assets/equipment_visuals/layers/particles/Fire/fire_leather_cap_particles_40x208.png.import","880","96114985C4F608BF3D1AA46394437FA2570C9229948E46BDF6CBB3CCEDA0356A"
"assets/equipment_visuals/layers/particles/Fire/fire_leather_pants_particles_40x208.png","153","F1AA47B7DDFA497DEF95A74CDD1E76804A66FF63F5D99173B30518D12F7582DF"
"assets/equipment_visuals/layers/particles/Fire/fire_leather_pants_particles_40x208.png.import","886","EBE25775FD1288E954BBBA5AB5422C50BF42F7BDB831896FD4C52E64F3992F19"
"assets/equipment_visuals/layers/particles/Fire/fire_long_sword_particles_40x208.png","151","D6C1109D2A11903465EC6F3DCEA1853E8050C2CE12D8054555CA198DA6940BDA"
"assets/equipment_visuals/layers/particles/Fire/fire_long_sword_particles_40x208.png.import","877","3B06A2F61129A25E1AC36B13D72664392EAEFEEF60B79F6FC89E6CF09AD1A409"
"assets/equipment_visuals/layers/particles/Fire/fire_longbow_particles_40x208.png","153","F953B0C2E352E118954E540C4CFC593903476422843461B7CC692ACF83928A32"
"assets/equipment_visuals/layers/particles/Fire/fire_longbow_particles_40x208.png.import","867","EA04340C29F570DCC093A99D2A75B5B7156D8B1877C19FD5FF75475DB1185B05"
"assets/equipment_visuals/layers/particles/Fire/fire_plate_armor_particles_40x208.png","157","A7D9CA7B479D6AB0E4093951ACEEB55AC95514AA311DA503DB7C6ED9823FE833"
"assets/equipment_visuals/layers/particles/Fire/fire_plate_armor_particles_40x208.png.import","880","495BABEAC5210F74E1EB01EF8B4FD6C7ADB68236D63A02F13CAB912CA5F7258D"
"assets/equipment_visuals/layers/particles/Fire/fire_plate_greaves_particles_40x208.png","153","F1AA47B7DDFA497DEF95A74CDD1E76804A66FF63F5D99173B30518D12F7582DF"
"assets/equipment_visuals/layers/particles/Fire/fire_plate_greaves_particles_40x208.png.import","886","FACD5629B36F4CD610C8A8FDFF6E3AA2E1EE360EB46FF7556BC493251EE24E5D"
"assets/equipment_visuals/layers/particles/Fire/fire_rapier_particles_40x208.png","151","D6C1109D2A11903465EC6F3DCEA1853E8050C2CE12D8054555CA198DA6940BDA"
"assets/equipment_visuals/layers/particles/Fire/fire_rapier_particles_40x208.png.import","865","30523CE0100992ADA1577675C27DF6F959999C2933C0E8D83211F4F2769C3957"
"assets/equipment_visuals/layers/particles/Fire/fire_sacred_relic_particles_40x208.png","154","FBE52409A8539477A0E52A90F0F22344F9E83646D1D78B3987AAB4117B042129"
"assets/equipment_visuals/layers/particles/Fire/fire_sacred_relic_particles_40x208.png.import","883","80B785F530FD7E020AAD592D8C50A500E837BA3A5FA8666A73F2AA9B0B462976"
"assets/equipment_visuals/layers/particles/Fire/fire_short_sword_particles_40x208.png","151","D6C1109D2A11903465EC6F3DCEA1853E8050C2CE12D8054555CA198DA6940BDA"
"assets/equipment_visuals/layers/particles/Fire/fire_short_sword_particles_40x208.png.import","879","823C5E0DFB103AFA4C3F002E4D1629391EF3072BAC581F2EF36493E4D3574951"
"assets/equipment_visuals/layers/particles/Fire/fire_silver_badge_particles_40x208.png","153","0FB03C13BFFF7BE7CA156B15C077F560B601440C5263460E40CDCE622EE2E43E"
"assets/equipment_visuals/layers/particles/Fire/fire_silver_badge_particles_40x208.png.import","883","3F4103234CB8EC9259E482DBBE2E597269B3D6194EFB1D8FF0ABD3075E6AF5CC"
"assets/equipment_visuals/layers/particles/Fire/fire_straw_sandals_particles_40x208.png","151","BAF6BACC138DEC937F548EC64597A34FFF799C1D8DEB5C6F474209433AEE6E14"
"assets/equipment_visuals/layers/particles/Fire/fire_straw_sandals_particles_40x208.png.import","886","827C7B50FFC1DA84E26BFDE6C952E82348180C689C2EE18C37A98E02EB5098B5"
"assets/equipment_visuals/layers/particles/Fire/fire_whisper_orb_particles_40x208.png","154","EF3B6A92E9C7082235986FF3A14AC263A5DBEE9CA9013B0AE121CFCFDAC9F4E4"
"assets/equipment_visuals/layers/particles/Fire/fire_whisper_orb_particles_40x208.png.import","880","678E115BDBC01432F7011A34E95D3D7A4D8BDB99E5346FE107D98EB85EAFC6B7"
"assets/equipment_visuals/layers/particles/Fire/fire_wind_boots_particles_40x208.png","151","BAF6BACC138DEC937F548EC64597A34FFF799C1D8DEB5C6F474209433AEE6E14"
"assets/equipment_visuals/layers/particles/Fire/fire_wind_boots_particles_40x208.png.import","876","D92BD06D9C3CE5F2AC1F91921CA83C2796FC6351271947ABF5C30105D2E016D9"
"assets/equipment_visuals/layers/particles/Metal/metal_battle_axe_particles_40x208.png","148","FC342F0699163B1F10C90C9F83E6C305D3E21D9E9BB60567CFC7F86C79DA2346"
"assets/equipment_visuals/layers/particles/Metal/metal_battle_axe_particles_40x208.png.import","881","5B34029B3E95E00F1D35CAFB19362925913A15D350FA5E75B063BC861E5ACA84"
"assets/equipment_visuals/layers/particles/Metal/metal_battle_helmet_particles_40x208.png","151","388DAB99A6584C689825B12F70B0E6A7995EB487A6FBDA998B68B2A4A9FF6667"
"assets/equipment_visuals/layers/particles/Metal/metal_battle_helmet_particles_40x208.png.import","889","54E8809942E2CE82FDD0B3CE52483804119E366627619D77DB6D0B9054F21BAD"
"assets/equipment_visuals/layers/particles/Metal/metal_carved_wood_amulet_particles_40x208.png","148","1139FB291549B157AA5EADA70B370CAB99B4760C7603D2C43FE9FC3B37E961C8"
"assets/equipment_visuals/layers/particles/Metal/metal_carved_wood_amulet_particles_40x208.png.import","904","141B360294BC46E8BDFE112912E281818F6276EBC21EBB390E4680EE9873EDCC"
"assets/equipment_visuals/layers/particles/Metal/metal_chainmail_armor_particles_40x208.png","148","2887217037E4AA63854A3254DB2906D2BC17AF15B95C9CB45B46061D38776EAA"
"assets/equipment_visuals/layers/particles/Metal/metal_chainmail_armor_particles_40x208.png.import","896","07FEB8C3EF948D3CBE15C6F103D4E1C1DF35CA9EC6C657812D82B666B3DACB8B"
"assets/equipment_visuals/layers/particles/Metal/metal_chainmail_pants_particles_40x208.png","149","D767369E6166EF19C7118211E1950AEBAC624453E56B2750705AE306D455B77C"
"assets/equipment_visuals/layers/particles/Metal/metal_chainmail_pants_particles_40x208.png.import","896","D083F8A4265866ABA7310C5B58484833F0BC81F77C0467441FB2A7B3DEDD4446"
"assets/equipment_visuals/layers/particles/Metal/metal_cloth_armor_particles_40x208.png","148","2887217037E4AA63854A3254DB2906D2BC17AF15B95C9CB45B46061D38776EAA"
"assets/equipment_visuals/layers/particles/Metal/metal_cloth_armor_particles_40x208.png.import","884","3F092B326EFDE3EF78697410513A3C59E0C006F771412DF9D23508DFCE32BFEE"
"assets/equipment_visuals/layers/particles/Metal/metal_cloth_pants_particles_40x208.png","149","D767369E6166EF19C7118211E1950AEBAC624453E56B2750705AE306D455B77C"
"assets/equipment_visuals/layers/particles/Metal/metal_cloth_pants_particles_40x208.png.import","884","E3095D81D022216DCE284C270D55EEDF0F7F63C2CB4803CA850DA0CD1FFAC121"
"assets/equipment_visuals/layers/particles/Metal/metal_dragon_head_helmet_particles_40x208.png","150","22B54CB14ABC566A067FF406D94AEE3AE8DC3181E22F1D3833882771B9678D12"
"assets/equipment_visuals/layers/particles/Metal/metal_dragon_head_helmet_particles_40x208.png.import","905","27279454AD0BADF59AB94A734C8A3B8D3E3BFF564AB51EE22F690A26919A79DF"
"assets/equipment_visuals/layers/particles/Metal/metal_dragon_scale_armor_particles_40x208.png","148","2887217037E4AA63854A3254DB2906D2BC17AF15B95C9CB45B46061D38776EAA"
"assets/equipment_visuals/layers/particles/Metal/metal_dragon_scale_armor_particles_40x208.png.import","905","AFBD7792E80DE908293082687C3AFBFA0772A3EA4E3FD7782F915B59DBA064DC"
"assets/equipment_visuals/layers/particles/Metal/metal_dragon_scale_legs_particles_40x208.png","149","D767369E6166EF19C7118211E1950AEBAC624453E56B2750705AE306D455B77C"
"assets/equipment_visuals/layers/particles/Metal/metal_dragon_scale_legs_particles_40x208.png.import","901","8C25A7B1C7F424767EF2F423116368DE894A6B5523DF29AB502AD30335057381"
"assets/equipment_visuals/layers/particles/Metal/metal_dragon_walk_boots_particles_40x208.png","151","61D7DFA76D8C615E5676710C908E009F4C61FA150D62AEA16000FB1144D5A89F"
"assets/equipment_visuals/layers/particles/Metal/metal_dragon_walk_boots_particles_40x208.png.import","901","A432071AC551832831B4027B903B6E18F0AD732D97E8494A1F050FA65D6C825E"
"assets/equipment_visuals/layers/particles/Metal/metal_engraved_copper_ring_particles_40x208.png","150","BC67AD22F7CC184E5901DFE7D5CFAAF64057FC09C2249CED27AAA2F42784EF26"
"assets/equipment_visuals/layers/particles/Metal/metal_engraved_copper_ring_particles_40x208.png.import","910","AF06BD871ACFBCCFACCAFC009BDC9F83FCB330130DABB643020C455900CE74DA"
"assets/equipment_visuals/layers/particles/Metal/metal_great_axe_particles_40x208.png","148","FC342F0699163B1F10C90C9F83E6C305D3E21D9E9BB60567CFC7F86C79DA2346"
"assets/equipment_visuals/layers/particles/Metal/metal_great_axe_particles_40x208.png.import","878","9ABAC687BFB8DA18E6C94A34AE798A92DC8458178D093FAE41116EF314EE29C7"
"assets/equipment_visuals/layers/particles/Metal/metal_great_sword_particles_40x208.png","149","7EF3E87FBA4E538671B1FA2CD757A674D12753AB3D188B14416932A97FE51B06"
"assets/equipment_visuals/layers/particles/Metal/metal_great_sword_particles_40x208.png.import","884","2D229279F464F480B0BE10E226A194F32B66B9C48BFD5ADC2A1710A5DD328E64"
"assets/equipment_visuals/layers/particles/Metal/metal_hand_axe_particles_40x208.png","148","FC342F0699163B1F10C90C9F83E6C305D3E21D9E9BB60567CFC7F86C79DA2346"
"assets/equipment_visuals/layers/particles/Metal/metal_hand_axe_particles_40x208.png.import","875","805C6E4D178CD23BE7C76EB1F6AC50E68B06B311A1075F929438E3596D6D4030"
"assets/equipment_visuals/layers/particles/Metal/metal_heavy_crossbow_particles_40x208.png","150","5A2BD8809757E22E7356E7DF47971C3FD9BF6E8C1E0FDD01240A2D1866237B8D"
"assets/equipment_visuals/layers/particles/Metal/metal_heavy_crossbow_particles_40x208.png.import","893","B8414C5A2F2D1AF749D29E7CC12820B11D8C16BBC7007B60A84E0272C408BDC7"
"assets/equipment_visuals/layers/particles/Metal/metal_hunting_bow_particles_40x208.png","149","2F17FFCD5F7822D807B3517C694CDF297A026E5D14C73C83EE063D518874A99E"
"assets/equipment_visuals/layers/particles/Metal/metal_hunting_bow_particles_40x208.png.import","884","64AAF30506624A664EA9723E800F1B349034629729D15FDB28238A5BA08D2814"
"assets/equipment_visuals/layers/particles/Metal/metal_iron_helmet_particles_40x208.png","151","388DAB99A6584C689825B12F70B0E6A7995EB487A6FBDA998B68B2A4A9FF6667"
"assets/equipment_visuals/layers/particles/Metal/metal_iron_helmet_particles_40x208.png.import","884","8D49C61E6E71E7CAD0045BD8BCB29C838BA693825D0FB4376D7E3F4A0CADAC19"
"assets/equipment_visuals/layers/particles/Metal/metal_iron_toe_boots_particles_40x208.png","151","61D7DFA76D8C615E5676710C908E009F4C61FA150D62AEA16000FB1144D5A89F"
"assets/equipment_visuals/layers/particles/Metal/metal_iron_toe_boots_particles_40x208.png.import","893","CA3620997D1ED873E1F5212CBFA36BFA3B864D2A2E9897F641AC548305D9D006"
"assets/equipment_visuals/layers/particles/Metal/metal_knight_helmet_particles_40x208.png","151","388DAB99A6584C689825B12F70B0E6A7995EB487A6FBDA998B68B2A4A9FF6667"
"assets/equipment_visuals/layers/particles/Metal/metal_knight_helmet_particles_40x208.png.import","890","349B1B9F63A2F3594FCD919E6706F99ED791FF5141A9DF2C3FACBE0C2FDEDFC4"
"assets/equipment_visuals/layers/particles/Metal/metal_leather_armor_particles_40x208.png","148","2887217037E4AA63854A3254DB2906D2BC17AF15B95C9CB45B46061D38776EAA"
"assets/equipment_visuals/layers/particles/Metal/metal_leather_armor_particles_40x208.png.import","890","0BA93AD44FB360076CA362C27AD15C8D6F2260EEBC98931810D88AB8F7971986"
"assets/equipment_visuals/layers/particles/Metal/metal_leather_boots_particles_40x208.png","151","61D7DFA76D8C615E5676710C908E009F4C61FA150D62AEA16000FB1144D5A89F"
"assets/equipment_visuals/layers/particles/Metal/metal_leather_boots_particles_40x208.png.import","889","57A999C7C8067747789F5626B7CCCAB1FEABA0FA75BB1FB45E821840504AE48F"
"assets/equipment_visuals/layers/particles/Metal/metal_leather_cap_particles_40x208.png","151","388DAB99A6584C689825B12F70B0E6A7995EB487A6FBDA998B68B2A4A9FF6667"
"assets/equipment_visuals/layers/particles/Metal/metal_leather_cap_particles_40x208.png.import","884","D80501F23430D88FD8172535BEAC90AACE7E2AB6FD13EAB955827249DDCFAFAF"
"assets/equipment_visuals/layers/particles/Metal/metal_leather_pants_particles_40x208.png","149","D767369E6166EF19C7118211E1950AEBAC624453E56B2750705AE306D455B77C"
"assets/equipment_visuals/layers/particles/Metal/metal_leather_pants_particles_40x208.png.import","890","CEFDA912227DB28EABC5585D9D1BC6E2E6476F5C92822DB544662A3110A63630"
"assets/equipment_visuals/layers/particles/Metal/metal_long_sword_particles_40x208.png","149","5A319F2ED73C6168432A211051435338394875EA4729B9952FF2E3C944E9B11A"
"assets/equipment_visuals/layers/particles/Metal/metal_long_sword_particles_40x208.png.import","880","5087BE89341C3B5AC53AE55F2385C1FF64603CDC605794910BBF8E85AA28289C"
"assets/equipment_visuals/layers/particles/Metal/metal_longbow_particles_40x208.png","149","CEF8AEF7041AA056B2ECEB5A2C97A4F6C2D0F4F0526FB2EC2F26ED0F9C95B2E8"
"assets/equipment_visuals/layers/particles/Metal/metal_longbow_particles_40x208.png.import","871","B6434FE4F44793F1EACC8A579AEB781EC38A8ECA496EA6DE4BB9109A23FF435E"
"assets/equipment_visuals/layers/particles/Metal/metal_plate_armor_particles_40x208.png","148","2887217037E4AA63854A3254DB2906D2BC17AF15B95C9CB45B46061D38776EAA"
"assets/equipment_visuals/layers/particles/Metal/metal_plate_armor_particles_40x208.png.import","884","7F9BDDA7D593EA93BBA77CFB3AA42A4386A4D7805B343A52D354FAC397AB5631"
"assets/equipment_visuals/layers/particles/Metal/metal_plate_greaves_particles_40x208.png","149","D767369E6166EF19C7118211E1950AEBAC624453E56B2750705AE306D455B77C"
"assets/equipment_visuals/layers/particles/Metal/metal_plate_greaves_particles_40x208.png.import","890","802BC8FD329AE68844AA2C9F0B2D24659631A78EA3D3FD90F9A2AEDAEE8F409A"
"assets/equipment_visuals/layers/particles/Metal/metal_rapier_particles_40x208.png","149","5A319F2ED73C6168432A211051435338394875EA4729B9952FF2E3C944E9B11A"
"assets/equipment_visuals/layers/particles/Metal/metal_rapier_particles_40x208.png.import","869","0886127301E5BCD3D047A7251FEFAD5D9CBA2CB3151B69A215CECEBA8D0C6401"
"assets/equipment_visuals/layers/particles/Metal/metal_sacred_relic_particles_40x208.png","147","D210328CA996B0C676842F871A637769AC7E84F5CD3256A99658C84280CE4072"
"assets/equipment_visuals/layers/particles/Metal/metal_sacred_relic_particles_40x208.png.import","886","D8B0627AAB66969DC3E45E5E15DCDF0B332902176C88D588EB5F3343D1B1BC10"
"assets/equipment_visuals/layers/particles/Metal/metal_short_sword_particles_40x208.png","149","5A319F2ED73C6168432A211051435338394875EA4729B9952FF2E3C944E9B11A"
"assets/equipment_visuals/layers/particles/Metal/metal_short_sword_particles_40x208.png.import","883","DF8DB675E608834D9A65A141DD7AB96E881DA6DB153C0008309D382E3D0AD0DB"
"assets/equipment_visuals/layers/particles/Metal/metal_silver_badge_particles_40x208.png","148","4EFFD1A27AEBB5DC922DC6E3DFD7898C5BC022F07A4DE2A6A222C3B768957387"
"assets/equipment_visuals/layers/particles/Metal/metal_silver_badge_particles_40x208.png.import","886","9041246731048F19DC551282098B1C341EC3AD3B05C72878D713561A3137D59F"
"assets/equipment_visuals/layers/particles/Metal/metal_straw_sandals_particles_40x208.png","151","61D7DFA76D8C615E5676710C908E009F4C61FA150D62AEA16000FB1144D5A89F"
"assets/equipment_visuals/layers/particles/Metal/metal_straw_sandals_particles_40x208.png.import","889","C1F00EEC931E8FA4B174F35609BC2C8ED060F754C48FDDE45B662CF7D08F4CEB"
"assets/equipment_visuals/layers/particles/Metal/metal_whisper_orb_particles_40x208.png","149","731406D51AA7536450A7473154A54929A2567F7FDA77D8264EA11D643FD41E91"
"assets/equipment_visuals/layers/particles/Metal/metal_whisper_orb_particles_40x208.png.import","883","01BD38A92C892FFE7B769845E95C5A1BA36F3C5FE2993C44294013F8FAF55DE2"
"assets/equipment_visuals/layers/particles/Metal/metal_wind_boots_particles_40x208.png","151","61D7DFA76D8C615E5676710C908E009F4C61FA150D62AEA16000FB1144D5A89F"
"assets/equipment_visuals/layers/particles/Metal/metal_wind_boots_particles_40x208.png.import","880","2E9A91C0E862E8B4D73B5CF678C3E7FC99C1006F400A800059561551156695BD"
"assets/equipment_visuals/layers/particles/Water/water_battle_axe_particles_40x208.png","143","B1FB09526540C2F7F0210BFAD7EED9863312DE7E495B0A897332EB1BCA13E7CD"
"assets/equipment_visuals/layers/particles/Water/water_battle_axe_particles_40x208.png.import","881","F7C9ACDF989E5B5483E0AAFC77974022AD373C457B6D066B902E212B10E11865"
"assets/equipment_visuals/layers/particles/Water/water_battle_helmet_particles_40x208.png","145","7A97EA46621AA9E429414FF82E748D55514822128A6356755A1C3AB2A76F54D5"
"assets/equipment_visuals/layers/particles/Water/water_battle_helmet_particles_40x208.png.import","889","FDF61A3E5269EC4E0B0EDB50FFA933B90B1C8C4B3FF532CD3B6E8993D547147D"
"assets/equipment_visuals/layers/particles/Water/water_carved_wood_amulet_particles_40x208.png","146","BCFE268F6A18CC1ECA282D39A3F3F6986A22B055886340F2F1691B63E5377EDC"
"assets/equipment_visuals/layers/particles/Water/water_carved_wood_amulet_particles_40x208.png.import","905","C73C8616629348DDFA6ABC2810DA35D1912CAB811AC7CC3D10CDC99A6F5E498B"
"assets/equipment_visuals/layers/particles/Water/water_chainmail_armor_particles_40x208.png","145","DA9EAF854AF2C174759F762DA1586DE9652253318317A6F8B53AB2CD12579915"
"assets/equipment_visuals/layers/particles/Water/water_chainmail_armor_particles_40x208.png.import","896","78745B92E3E7E4B4C51752339A95960AAF5A3534F3C771771D308B24DBA2E06B"
"assets/equipment_visuals/layers/particles/Water/water_chainmail_pants_particles_40x208.png","146","23749ED9B6C3D362B069774373A4A5351294DFDF05B37E33249E4DE149AA1C8D"
"assets/equipment_visuals/layers/particles/Water/water_chainmail_pants_particles_40x208.png.import","896","9B91CB138189A67E64093826F4234E30AFEF743312BDA8BD171ED6205B83C628"
"assets/equipment_visuals/layers/particles/Water/water_cloth_armor_particles_40x208.png","145","DA9EAF854AF2C174759F762DA1586DE9652253318317A6F8B53AB2CD12579915"
"assets/equipment_visuals/layers/particles/Water/water_cloth_armor_particles_40x208.png.import","884","EE13518EF7FC393EFFC1FEE89A5EFCB58D2B345039A3F8251EFF7FC8EAB2C81B"
"assets/equipment_visuals/layers/particles/Water/water_cloth_pants_particles_40x208.png","146","23749ED9B6C3D362B069774373A4A5351294DFDF05B37E33249E4DE149AA1C8D"
"assets/equipment_visuals/layers/particles/Water/water_cloth_pants_particles_40x208.png.import","884","12B1F8B0E0990AE49997DA20CF4A31DFB8C745958C357FA7D428A75483A348CD"
"assets/equipment_visuals/layers/particles/Water/water_dragon_head_helmet_particles_40x208.png","146","638E8431C6BFC1EE38D656710227DF1F42E6033C7D230A3FC4A677D6A4423C52"
"assets/equipment_visuals/layers/particles/Water/water_dragon_head_helmet_particles_40x208.png.import","905","E0687B65FC23CAF2E7C3389CDEC0E1EF5B8E77EAF9FFE934C6FB6A14B0988B6C"
"assets/equipment_visuals/layers/particles/Water/water_dragon_scale_armor_particles_40x208.png","145","DA9EAF854AF2C174759F762DA1586DE9652253318317A6F8B53AB2CD12579915"
"assets/equipment_visuals/layers/particles/Water/water_dragon_scale_armor_particles_40x208.png.import","904","DBD2E15C99BD54F61E15340B2817E2E286BDE91D3FEA42FF1CAD1B99386288A0"
"assets/equipment_visuals/layers/particles/Water/water_dragon_scale_legs_particles_40x208.png","146","23749ED9B6C3D362B069774373A4A5351294DFDF05B37E33249E4DE149AA1C8D"
"assets/equipment_visuals/layers/particles/Water/water_dragon_scale_legs_particles_40x208.png.import","902","9C6439AE0DB6E5EDA4C75F8C25ED2E37397CA0AF03A34BC617DAE608CEB78B8E"
"assets/equipment_visuals/layers/particles/Water/water_dragon_walk_boots_particles_40x208.png","143","7E5F29E95A1528F9EA6326CD4DC20E84E8BB5DBA3DD61098E7C6B34087B95715"
"assets/equipment_visuals/layers/particles/Water/water_dragon_walk_boots_particles_40x208.png.import","902","629AC70C12ADF660D2966C0E1E02891FF9BB4E3373DF11D81400AE23A4200E01"
"assets/equipment_visuals/layers/particles/Water/water_engraved_copper_ring_particles_40x208.png","143","ABCF751FC5F586AD65AEB2FFFAAF89918391F2D02F9658BBB70119A4D34A33F4"
"assets/equipment_visuals/layers/particles/Water/water_engraved_copper_ring_particles_40x208.png.import","910","AEAE0A28D64CD2D1490FAEA1EB92EC23C1C0C2E21A4FD3BCB45B5DEA5C005479"
"assets/equipment_visuals/layers/particles/Water/water_great_axe_particles_40x208.png","143","B1FB09526540C2F7F0210BFAD7EED9863312DE7E495B0A897332EB1BCA13E7CD"
"assets/equipment_visuals/layers/particles/Water/water_great_axe_particles_40x208.png.import","878","CA32E508CAEC53ACB2A317834EFC8C2A5D9746138F3B8BBDC5B78D3F589DE3F2"
"assets/equipment_visuals/layers/particles/Water/water_great_sword_particles_40x208.png","143","FEDEE0DEFE035774AAA42447D35CBB2D8311695DE1E847B90469AFBE620D0173"
"assets/equipment_visuals/layers/particles/Water/water_great_sword_particles_40x208.png.import","884","426B068135B86123A2103AC31EA4DFAB60561FC7F095125D29656C59682FB0AF"
"assets/equipment_visuals/layers/particles/Water/water_hand_axe_particles_40x208.png","143","B1FB09526540C2F7F0210BFAD7EED9863312DE7E495B0A897332EB1BCA13E7CD"
"assets/equipment_visuals/layers/particles/Water/water_hand_axe_particles_40x208.png.import","875","E102E102835D359AC04168BDACB807C4EC101DE309AB20688D149C603DA56E7C"
"assets/equipment_visuals/layers/particles/Water/water_heavy_crossbow_particles_40x208.png","144","958904DCB7C96790607FAA71BA422909EEF39943150FA17059E1D09E58184289"
"assets/equipment_visuals/layers/particles/Water/water_heavy_crossbow_particles_40x208.png.import","892","58B5D651363F15ACD3BFA96877702F5FFF1933A59DE93BAF801AD01D0C9DA702"
"assets/equipment_visuals/layers/particles/Water/water_hunting_bow_particles_40x208.png","147","BBCD63E8FA23C5D86CCE358637545B45FB4D3F374AD9D0764284DBC6969BD1F0"
"assets/equipment_visuals/layers/particles/Water/water_hunting_bow_particles_40x208.png.import","883","A7714F9F8987548D2138D651A9279E2242854C50D3D2B27660C90DB52CA0F296"
"assets/equipment_visuals/layers/particles/Water/water_iron_helmet_particles_40x208.png","145","7A97EA46621AA9E429414FF82E748D55514822128A6356755A1C3AB2A76F54D5"
"assets/equipment_visuals/layers/particles/Water/water_iron_helmet_particles_40x208.png.import","883","7745192E20DFD391BA238AF2123F1D3013EED64ED04BB8035E6F37454046E7F7"
"assets/equipment_visuals/layers/particles/Water/water_iron_toe_boots_particles_40x208.png","143","7E5F29E95A1528F9EA6326CD4DC20E84E8BB5DBA3DD61098E7C6B34087B95715"
"assets/equipment_visuals/layers/particles/Water/water_iron_toe_boots_particles_40x208.png.import","893","8AF7D89280BAD7DD16E2B6332158E5FEDFF342E84E22ABDF86B030A8CFFA93FB"
"assets/equipment_visuals/layers/particles/Water/water_knight_helmet_particles_40x208.png","145","7A97EA46621AA9E429414FF82E748D55514822128A6356755A1C3AB2A76F54D5"
"assets/equipment_visuals/layers/particles/Water/water_knight_helmet_particles_40x208.png.import","890","EB70C69E6043332A54CA7FEE468E10BEC9C680D9E5CB01F7FA22D7B92C268DAB"
"assets/equipment_visuals/layers/particles/Water/water_leather_armor_particles_40x208.png","145","DA9EAF854AF2C174759F762DA1586DE9652253318317A6F8B53AB2CD12579915"
"assets/equipment_visuals/layers/particles/Water/water_leather_armor_particles_40x208.png.import","890","F7E80D1586DE02DA85B9637805D65B65A86D8088B6E83A6E2FBFB09664EE10D1"
"assets/equipment_visuals/layers/particles/Water/water_leather_boots_particles_40x208.png","143","7E5F29E95A1528F9EA6326CD4DC20E84E8BB5DBA3DD61098E7C6B34087B95715"
"assets/equipment_visuals/layers/particles/Water/water_leather_boots_particles_40x208.png.import","890","452C43BF91498376F3ABB33030874E6B2A0FFD2E40E1B56597F250842EAA4172"
"assets/equipment_visuals/layers/particles/Water/water_leather_cap_particles_40x208.png","145","7A97EA46621AA9E429414FF82E748D55514822128A6356755A1C3AB2A76F54D5"
"assets/equipment_visuals/layers/particles/Water/water_leather_cap_particles_40x208.png.import","884","3BF6D639B13C99E9881F8A9F771627635386AA1426C08749F72E7C86F40D8577"
"assets/equipment_visuals/layers/particles/Water/water_leather_pants_particles_40x208.png","146","23749ED9B6C3D362B069774373A4A5351294DFDF05B37E33249E4DE149AA1C8D"
"assets/equipment_visuals/layers/particles/Water/water_leather_pants_particles_40x208.png.import","890","76685958BC6B0CC3D0C291104AA2CAAA386FFB160E5043C21E6987B17E907281"
"assets/equipment_visuals/layers/particles/Water/water_long_sword_particles_40x208.png","143","C2C60CB45A07ABFA5DEE52EDA3FB15B81D4412284CA42A9D1E870289D1BE7E55"
"assets/equipment_visuals/layers/particles/Water/water_long_sword_particles_40x208.png.import","880","7AA368AFD7C8C07C8704ED33CE806117D1F9E500443B3E99A6339BE2C39727CB"
"assets/equipment_visuals/layers/particles/Water/water_longbow_particles_40x208.png","144","846552E1B49B998AF6C050E19C711912447477B681E0296759FCEE5732DA2D30"
"assets/equipment_visuals/layers/particles/Water/water_longbow_particles_40x208.png.import","872","9E1C6C73C8791691CE21B7CAABCAF42AF073830E237A3319B34CF2AEBC7DCF5E"
"assets/equipment_visuals/layers/particles/Water/water_plate_armor_particles_40x208.png","145","DA9EAF854AF2C174759F762DA1586DE9652253318317A6F8B53AB2CD12579915"
"assets/equipment_visuals/layers/particles/Water/water_plate_armor_particles_40x208.png.import","884","0567AD2332D3C27140D4D399D149308BB5774400D6826B647D197BD07F8C97B1"
"assets/equipment_visuals/layers/particles/Water/water_plate_greaves_particles_40x208.png","146","23749ED9B6C3D362B069774373A4A5351294DFDF05B37E33249E4DE149AA1C8D"
"assets/equipment_visuals/layers/particles/Water/water_plate_greaves_particles_40x208.png.import","890","02DCF9E30EB575CD9ACF2F544931A6BCCD20CDCB7E19E6580F8CD823DD645128"
"assets/equipment_visuals/layers/particles/Water/water_rapier_particles_40x208.png","143","5D1801A5550F0C2B1B88104B243C95831DBDA91F63D69386FD2FFE312806C7BA"
"assets/equipment_visuals/layers/particles/Water/water_rapier_particles_40x208.png.import","868","2E2A15D65FE760E88483CE6F62774053EA0A577B3173E6756833776E39B83CFB"
"assets/equipment_visuals/layers/particles/Water/water_sacred_relic_particles_40x208.png","146","3F99A9D837D966839F8E2DD70499F83EAD707A171C860872C229CDCC278B5A6A"
"assets/equipment_visuals/layers/particles/Water/water_sacred_relic_particles_40x208.png.import","887","22AD31CB9B56AF605B2B3FE7F3D7F72C0A83FB41392B01490B7B46C0DED3F7DC"
"assets/equipment_visuals/layers/particles/Water/water_short_sword_particles_40x208.png","143","C2C60CB45A07ABFA5DEE52EDA3FB15B81D4412284CA42A9D1E870289D1BE7E55"
"assets/equipment_visuals/layers/particles/Water/water_short_sword_particles_40x208.png.import","884","A737E6817353053BD8E201D89632A4D59F21228AB1110E17FF801654579A6C26"
"assets/equipment_visuals/layers/particles/Water/water_silver_badge_particles_40x208.png","146","E4C2D95C0D7D5811703C32955B74C87DF8F3EA8E6EFD6E05D4025A8CB67DCF76"
"assets/equipment_visuals/layers/particles/Water/water_silver_badge_particles_40x208.png.import","887","D816BAA43AC60D84B854CDC3DBC9ADAB19913B86E76D292A20FA67CAEF502725"
"assets/equipment_visuals/layers/particles/Water/water_straw_sandals_particles_40x208.png","143","7E5F29E95A1528F9EA6326CD4DC20E84E8BB5DBA3DD61098E7C6B34087B95715"
"assets/equipment_visuals/layers/particles/Water/water_straw_sandals_particles_40x208.png.import","890","C2C9CB6D50BD789B1E6DD238B42B7645E4F7EDCE8A229FD5FA54704398C9158A"
"assets/equipment_visuals/layers/particles/Water/water_whisper_orb_particles_40x208.png","146","56D7408DEF3A12582139BA7C30B151DF0FA647FEEC702753A86E38AEA6C2E19D"
"assets/equipment_visuals/layers/particles/Water/water_whisper_orb_particles_40x208.png.import","883","86305C747D4AF8659B597C0E522B7E393CC892912AE4D8D6E4D78AB08C24C3A8"
"assets/equipment_visuals/layers/particles/Water/water_wind_boots_particles_40x208.png","143","7E5F29E95A1528F9EA6326CD4DC20E84E8BB5DBA3DD61098E7C6B34087B95715"
"assets/equipment_visuals/layers/particles/Water/water_wind_boots_particles_40x208.png.import","881","1F77457615F1E93332C67FB712A68A3D78EFF2308B2B115A45A3403D24AFDFDA"
"assets/equipment_visuals/layers/particles/Wood/wood_battle_axe_particles_40x208.png","143","878A09178644CA938CE7AF795F95D3CD3432FB676A6A16539D8111449500B721"
"assets/equipment_visuals/layers/particles/Wood/wood_battle_axe_particles_40x208.png.import","877","36C8EA3E44B10F69A1E0F36F13BC97AE0DA9A156E20AAD93CAD86E4B8C05460A"
"assets/equipment_visuals/layers/particles/Wood/wood_battle_helmet_particles_40x208.png","143","14FD0A74E5784BD4CD9DB6FE0615ED1E00C502DCCBA263193D97760B871B6C3B"
"assets/equipment_visuals/layers/particles/Wood/wood_battle_helmet_particles_40x208.png.import","886","904EBED73DCC95AB1EEBBC429CC3ABDDA8F6A9D1F2EA993A54A130FD2C32FE12"
"assets/equipment_visuals/layers/particles/Wood/wood_carved_wood_amulet_particles_40x208.png","146","ED163B9679970DC952708EF220D195EB677BC7E7A11F880CEB5420A44E332D9D"
"assets/equipment_visuals/layers/particles/Wood/wood_carved_wood_amulet_particles_40x208.png.import","901","5B681C50E52636FDC23C87C995AA9489897E09E3649F1D7245B57DBC84A06AFB"
"assets/equipment_visuals/layers/particles/Wood/wood_chainmail_armor_particles_40x208.png","144","082FE04E7EDDFFE18465FDCA9A03CB7C060A8DBFDC4899093FF0F904A65A672E"
"assets/equipment_visuals/layers/particles/Wood/wood_chainmail_armor_particles_40x208.png.import","892","DB6E88B6E0BFF7CBECB632B8386CC919B8EA4F6ED3C75B9FDE97C244FCDB3A66"
"assets/equipment_visuals/layers/particles/Wood/wood_chainmail_pants_particles_40x208.png","145","9550E39F56BFDEFCB92A7159BFF12345F2A7B4096E5395BB790434B59372996F"
"assets/equipment_visuals/layers/particles/Wood/wood_chainmail_pants_particles_40x208.png.import","892","0594C16CCA9297C625ADD12A608E0E6C798A974BA995951BFF1EDD3A88C1D19F"
"assets/equipment_visuals/layers/particles/Wood/wood_cloth_armor_particles_40x208.png","144","082FE04E7EDDFFE18465FDCA9A03CB7C060A8DBFDC4899093FF0F904A65A672E"
"assets/equipment_visuals/layers/particles/Wood/wood_cloth_armor_particles_40x208.png.import","879","7839EF3F3AE00CAB925DE30278FC8A04540B2BABAC0D0E20AF61E0FFEF2BE357"
"assets/equipment_visuals/layers/particles/Wood/wood_cloth_pants_particles_40x208.png","145","9550E39F56BFDEFCB92A7159BFF12345F2A7B4096E5395BB790434B59372996F"
"assets/equipment_visuals/layers/particles/Wood/wood_cloth_pants_particles_40x208.png.import","880","F0BD0A780D0EBAC43B2BE64590D986EF92DC643BE9FC44E8B398E14D2A3462B4"
"assets/equipment_visuals/layers/particles/Wood/wood_dragon_head_helmet_particles_40x208.png","146","EEB8E8A66FFB2867F68668456B9DFB59D55CA9BFBEFBA8D8375B4B43476D16D5"
"assets/equipment_visuals/layers/particles/Wood/wood_dragon_head_helmet_particles_40x208.png.import","901","3772870BF9E1BFBE45FA13D24ECDD8FD99CE3472CF5B54E2F089B29749DC1270"
"assets/equipment_visuals/layers/particles/Wood/wood_dragon_scale_armor_particles_40x208.png","144","082FE04E7EDDFFE18465FDCA9A03CB7C060A8DBFDC4899093FF0F904A65A672E"
"assets/equipment_visuals/layers/particles/Wood/wood_dragon_scale_armor_particles_40x208.png.import","900","A8610B38054627202EF38791ACA1E58961F0BBE4AB8646271B3CCC7970E2C354"
"assets/equipment_visuals/layers/particles/Wood/wood_dragon_scale_legs_particles_40x208.png","145","9550E39F56BFDEFCB92A7159BFF12345F2A7B4096E5395BB790434B59372996F"
"assets/equipment_visuals/layers/particles/Wood/wood_dragon_scale_legs_particles_40x208.png.import","898","A96F695DFEA468A967D01416339CD3AF25C6E25CA6BDF18EEBB314313FFCCA3E"
"assets/equipment_visuals/layers/particles/Wood/wood_dragon_walk_boots_particles_40x208.png","143","AD4F4B9C3B9673E214C7E35997B169DC0F4FD12F85C7766C311549CB19669947"
"assets/equipment_visuals/layers/particles/Wood/wood_dragon_walk_boots_particles_40x208.png.import","897","C26D4DAB896612158D7ADBA7DEEB0F585707414CE3032453A475ACE05E6597CD"
"assets/equipment_visuals/layers/particles/Wood/wood_engraved_copper_ring_particles_40x208.png","145","F46B665A8589ABD7E3B69443ED26A988BB316CF777926348BD49DA48D6BA9C11"
"assets/equipment_visuals/layers/particles/Wood/wood_engraved_copper_ring_particles_40x208.png.import","907","CD1B944D1CB0D27EAC5614EF0C87008E8C4B50454F5C3C74E9B5736FD053A1E4"
"assets/equipment_visuals/layers/particles/Wood/wood_great_axe_particles_40x208.png","143","878A09178644CA938CE7AF795F95D3CD3432FB676A6A16539D8111449500B721"
"assets/equipment_visuals/layers/particles/Wood/wood_great_axe_particles_40x208.png.import","873","C935043BF5B2ABB27EBB56BF5FB97DF2CAF0EB4D67C8192074F5AAE166D28F11"
"assets/equipment_visuals/layers/particles/Wood/wood_great_sword_particles_40x208.png","143","560FFA5D722C4CDAF7ED41A1211F88DAB4F56CA75C82B9CCB7FA1CD6B9BA56DD"
"assets/equipment_visuals/layers/particles/Wood/wood_great_sword_particles_40x208.png.import","880","9426D1E6A01E8CDB01884F20B5F5B89C034323F3E2B5C4985268148DFA683AD5"
"assets/equipment_visuals/layers/particles/Wood/wood_hand_axe_particles_40x208.png","143","878A09178644CA938CE7AF795F95D3CD3432FB676A6A16539D8111449500B721"
"assets/equipment_visuals/layers/particles/Wood/wood_hand_axe_particles_40x208.png.import","870","63C46283873FC20EA224E271F4C691148B435405C89A464BCF4A725FF5034E29"
"assets/equipment_visuals/layers/particles/Wood/wood_heavy_crossbow_particles_40x208.png","143","B5357413E8EACB2EC1B0A1854E3FF8E7682B90ECB78FACC2A712897F4DB3389F"
"assets/equipment_visuals/layers/particles/Wood/wood_heavy_crossbow_particles_40x208.png.import","889","CC5F761CAC03E6D739E0C0E4523A28C4908CCB1F830CE4E9953621637E3577A5"
"assets/equipment_visuals/layers/particles/Wood/wood_hunting_bow_particles_40x208.png","143","BAB24EEBFD2008EDA14735C2691F0D9E3933A308F9D12519A32842C9EEE5C2D9"
"assets/equipment_visuals/layers/particles/Wood/wood_hunting_bow_particles_40x208.png.import","880","CD2928A9C7E59C8147153318BD5B671FFB1E02D9C16CDF999A34DC793D62D84D"
"assets/equipment_visuals/layers/particles/Wood/wood_iron_helmet_particles_40x208.png","143","14FD0A74E5784BD4CD9DB6FE0615ED1E00C502DCCBA263193D97760B871B6C3B"
"assets/equipment_visuals/layers/particles/Wood/wood_iron_helmet_particles_40x208.png.import","879","AEE2A889FC963F7D0867889E1914C612B142C01BDBC6DFB30357F63BA92CB3A7"
"assets/equipment_visuals/layers/particles/Wood/wood_iron_toe_boots_particles_40x208.png","143","AD4F4B9C3B9673E214C7E35997B169DC0F4FD12F85C7766C311549CB19669947"
"assets/equipment_visuals/layers/particles/Wood/wood_iron_toe_boots_particles_40x208.png.import","889","4C01A5E092532D646077B4BDC0E5E7FC91E79B0ABEF12D193FD38B50661FA9ED"
"assets/equipment_visuals/layers/particles/Wood/wood_knight_helmet_particles_40x208.png","143","14FD0A74E5784BD4CD9DB6FE0615ED1E00C502DCCBA263193D97760B871B6C3B"
"assets/equipment_visuals/layers/particles/Wood/wood_knight_helmet_particles_40x208.png.import","886","4C2698FCB496D7A2FC98A3ACC88B1A7AFDE33AF4FC60D22659D32B660490F03A"
"assets/equipment_visuals/layers/particles/Wood/wood_leather_armor_particles_40x208.png","144","082FE04E7EDDFFE18465FDCA9A03CB7C060A8DBFDC4899093FF0F904A65A672E"
"assets/equipment_visuals/layers/particles/Wood/wood_leather_armor_particles_40x208.png.import","886","90A983B4401013DA5F7FB6A524B18B60B9D4D3F9CB4A12E65B0DC784C1B11FF3"
"assets/equipment_visuals/layers/particles/Wood/wood_leather_boots_particles_40x208.png","143","AD4F4B9C3B9673E214C7E35997B169DC0F4FD12F85C7766C311549CB19669947"
"assets/equipment_visuals/layers/particles/Wood/wood_leather_boots_particles_40x208.png.import","884","EEB39E95DDD4F37071C553C217CF65EF07C74A5843C57C75B101BF3E7BB74639"
"assets/equipment_visuals/layers/particles/Wood/wood_leather_cap_particles_40x208.png","143","14FD0A74E5784BD4CD9DB6FE0615ED1E00C502DCCBA263193D97760B871B6C3B"
"assets/equipment_visuals/layers/particles/Wood/wood_leather_cap_particles_40x208.png.import","880","4F2C828C8B0360626315D29AF77F226FDCEE4B4CB0B464DA44CD70663876D3A1"
"assets/equipment_visuals/layers/particles/Wood/wood_leather_pants_particles_40x208.png","145","9550E39F56BFDEFCB92A7159BFF12345F2A7B4096E5395BB790434B59372996F"
"assets/equipment_visuals/layers/particles/Wood/wood_leather_pants_particles_40x208.png.import","886","BB5D98FCC117260DE1430EB287D95CB4A6FF4703414A91D683FB918CD1DE6FB8"
"assets/equipment_visuals/layers/particles/Wood/wood_long_sword_particles_40x208.png","146","006E577D8BB82AA84D209BF6431E36397CD212686B9580DA6673D2C694165FEC"
"assets/equipment_visuals/layers/particles/Wood/wood_long_sword_particles_40x208.png.import","876","192790165A08590F774299272A733E7578239124FFA978AE60A5383625D0A063"
"assets/equipment_visuals/layers/particles/Wood/wood_longbow_particles_40x208.png","145","838F6A21EC0E6731F27F6F90F435F5AF7E5AEFBABA1E8DE3CF9E6286A96FF3D3"
"assets/equipment_visuals/layers/particles/Wood/wood_longbow_particles_40x208.png.import","868","99B572B8BD6E134418D607292FEBB8C81DE31C55EDBB3488D5798ADD4F747867"
"assets/equipment_visuals/layers/particles/Wood/wood_plate_armor_particles_40x208.png","144","082FE04E7EDDFFE18465FDCA9A03CB7C060A8DBFDC4899093FF0F904A65A672E"
"assets/equipment_visuals/layers/particles/Wood/wood_plate_armor_particles_40x208.png.import","880","A27F27F624F5C300B3415D5C83C8F3DAE0257B60130A84E6D3AD4543F7BC23FA"
"assets/equipment_visuals/layers/particles/Wood/wood_plate_greaves_particles_40x208.png","145","9550E39F56BFDEFCB92A7159BFF12345F2A7B4096E5395BB790434B59372996F"
"assets/equipment_visuals/layers/particles/Wood/wood_plate_greaves_particles_40x208.png.import","886","B8CCD74C2D64E4F8237B7900260FE6385FFACE39F9975B634F9BC0EA91026E38"
"assets/equipment_visuals/layers/particles/Wood/wood_rapier_particles_40x208.png","146","006E577D8BB82AA84D209BF6431E36397CD212686B9580DA6673D2C694165FEC"
"assets/equipment_visuals/layers/particles/Wood/wood_rapier_particles_40x208.png.import","865","F84E1222A57D084623862427138B832A436BFEAFBC4E8993AC89869931904F9C"
"assets/equipment_visuals/layers/particles/Wood/wood_sacred_relic_particles_40x208.png","144","C0F02C90F88F0B43CBEE9C32E2D3F712362E02046867AFA1AFE07503F5B9F733"
"assets/equipment_visuals/layers/particles/Wood/wood_sacred_relic_particles_40x208.png.import","882","E06CCD5C641BA3520047770EF36FC9A99EB77C97BC6A37A848287D1C03A401A2"
"assets/equipment_visuals/layers/particles/Wood/wood_short_sword_particles_40x208.png","146","006E577D8BB82AA84D209BF6431E36397CD212686B9580DA6673D2C694165FEC"
"assets/equipment_visuals/layers/particles/Wood/wood_short_sword_particles_40x208.png.import","880","E36C472903060FE451DE0BD880CD407BBF67B3DE3C2BE470EE071193E91BB5CC"
"assets/equipment_visuals/layers/particles/Wood/wood_silver_badge_particles_40x208.png","146","B59344031710F33E78F29744B587855EC7C51331E8F8CAFBCCE24AE300323236"
"assets/equipment_visuals/layers/particles/Wood/wood_silver_badge_particles_40x208.png.import","883","DED0C934C09ED5EFA07A264E350B266F0E3416C9B0C490514A50C634E19C0271"
"assets/equipment_visuals/layers/particles/Wood/wood_straw_sandals_particles_40x208.png","143","AD4F4B9C3B9673E214C7E35997B169DC0F4FD12F85C7766C311549CB19669947"
"assets/equipment_visuals/layers/particles/Wood/wood_straw_sandals_particles_40x208.png.import","886","331C5F8485F6796626325AE4F9F5CF60AE5E1772F167379DD9B59132B2D2F72A"
"assets/equipment_visuals/layers/particles/Wood/wood_whisper_orb_particles_40x208.png","147","AE29D674EC3BDC9480B3243F6D22BF3128E37008A93AA27B3A2DF18E7A5243CF"
"assets/equipment_visuals/layers/particles/Wood/wood_whisper_orb_particles_40x208.png.import","880","F5D45A0D72771561F86E457530DD869A8BC206202AB0B058E70A6FD5ED3655BD"
"assets/equipment_visuals/layers/particles/Wood/wood_wind_boots_particles_40x208.png","143","AD4F4B9C3B9673E214C7E35997B169DC0F4FD12F85C7766C311549CB19669947"
"assets/equipment_visuals/layers/particles/Wood/wood_wind_boots_particles_40x208.png.import","877","F98EC54A51E833AA53D5914E53FCDB1DD279201A5C59C33581056F558C9DD6A3"
"assets/equipment_visuals/manifests/.gdignore","68","CF65C09104E8A70D215523A394C1D8B09EA1F2BF21951304E6A4546C1A79E639"
"assets/equipment_visuals/manifests/Hero_4Frame_Anchor_Map.csv","15207","5742377BCCC60D146DD1C70E80D21825E150B35FDF6F586EC110080BBC372981"
"assets/equipment_visuals/manifests/Hero_Layer_Order.csv","330","A9CA2B44B5E8A3DEB9DD33359B35210C522D65F44A992B1C9AF552B79B382BEA"
"assets/equipment_visuals/manifests/PATCH4_Asset_Path_Map.csv","190420","99DAB20C76E8AA00D132C870BCF693C73A4B3B0CBD28CD47528A24C4D515481B"
"assets/equipment_visuals/manifests/Source_Truth_Catalog_175.csv","26017","FDE9B3B2D76D9F820D04E028499A02C68BD1701C0A965862B8FDEE96B87D7F74"
"assets/equipment_visuals/masks/helmets/battle_helmet_allowed_hair_mask_40x208.png","261","F2271D41B5B3982DB7F1F686D481168DBB9926A5DF43812DF2F60A86847D3CBC"
"assets/equipment_visuals/masks/helmets/battle_helmet_allowed_hair_mask_40x208.png.import","886","32D8A23F0DAF841B375CAEABFB515186ADBB2D529FC24C987F947243474B4415"
"assets/equipment_visuals/masks/helmets/battle_helmet_forbidden_40x208.png.import","628","3760F4AF0700F1ABCD186990446BF790000FB508116D953B079959537B938F43"
"assets/equipment_visuals/masks/helmets/battle_helmet_forbidden_hair_mask_40x208.png","336","0070E26A616087A1B4230CC1167EC3C0977306C2034655FC27916CD9874DFF41"
"assets/equipment_visuals/masks/helmets/battle_helmet_forbidden_hair_mask_40x208.png.import","892","C7AD840A1F055662E90025E14DA6448F75EDAB9E6EA739F1D85A9A8324AED400"
"assets/equipment_visuals/masks/helmets/battle_helmet_helmet_coverage_mask_40x208.png","418","3D18584F8B6907370FE9860C8D75603C29BCDA00BF4D57C039C6B4C57CA7EA2A"
"assets/equipment_visuals/masks/helmets/battle_helmet_helmet_coverage_mask_40x208.png.import","896","4FD71457817E0AA80AF90A986282EF44048007390B67EDB533A0A45500F52BA8"
"assets/equipment_visuals/masks/helmets/battle_helmet_visible_hair_40x208.png","190","CCD7F2545D5B649A665898C9B743C3CA35393B8FCD02CB268598FC49DF3B54B0"
"assets/equipment_visuals/masks/helmets/battle_helmet_visible_hair_40x208.png.import","871","C4D04870D4CE81FD1F6D8227C546755B2C09CAE0E99EACDDAB8784CB26736370"
"assets/equipment_visuals/masks/helmets/dragon_head_helmet_allowed_hair_mask_40x208.png","215","FB5F5FC1A413A5DFEF2D750869176A5B16832AA8BC4725CD68D562D929635CDB"
"assets/equipment_visuals/masks/helmets/dragon_head_helmet_allowed_hair_mask_40x208.png.import","902","479F49E89507F98D58B48AA47760299401926473BFD5DC8C0135DD3519271433"
"assets/equipment_visuals/masks/helmets/dragon_head_helmet_forbidden_40x208.png.import","632","62245F86480E3848F51389CC00F84C8DDA8AD51B187057BB5978773ACAE416A2"
"assets/equipment_visuals/masks/helmets/dragon_head_helmet_forbidden_hair_mask_40x208.png","361","146A52471AC7A517EC20288EC635C173A93A0B86F9432B9BEB18F5E1B939DA7D"
"assets/equipment_visuals/masks/helmets/dragon_head_helmet_forbidden_hair_mask_40x208.png.import","908","D575BC3DD472997820AEC6E63D6BCC0A3C4049E3F50120C708F99CFB32C2E773"
"assets/equipment_visuals/masks/helmets/dragon_head_helmet_helmet_coverage_mask_40x208.png","385","C4DAE264853A24D5BC09719D086170D6560830136CC96367EADFDD84678AFC4F"
"assets/equipment_visuals/masks/helmets/dragon_head_helmet_helmet_coverage_mask_40x208.png.import","911","80F5B6FC79C4C082BB83EAB44C7D6A67F5B96A4FFC5A758F58CCB923BD76676C"
"assets/equipment_visuals/masks/helmets/dragon_head_helmet_visible_hair_40x208.png","112","68160D77BD564A2EE054CC8FA4EE03C66E80E20EB747D08F695317983B29F3B3"
"assets/equipment_visuals/masks/helmets/dragon_head_helmet_visible_hair_40x208.png.import","886","1BC580FAAD8D17A95DFA14F040C6281848696493592CA5784C91ED2FBA3D7FFC"
"assets/equipment_visuals/masks/helmets/iron_helmet_allowed_hair_mask_40x208.png","261","F2271D41B5B3982DB7F1F686D481168DBB9926A5DF43812DF2F60A86847D3CBC"
"assets/equipment_visuals/masks/helmets/iron_helmet_allowed_hair_mask_40x208.png.import","881","ABF5C3E1BA7C1717071A24413B2F506A6E338C8B1993CE5FEF01513BC34C360B"
"assets/equipment_visuals/masks/helmets/iron_helmet_forbidden_40x208.png.import","626","C0D3B6E9DEDD971B353967EA9390E4A671BD7B6E89BEA6BEE166CA1C3A522975"
"assets/equipment_visuals/masks/helmets/iron_helmet_forbidden_hair_mask_40x208.png","336","0070E26A616087A1B4230CC1167EC3C0977306C2034655FC27916CD9874DFF41"
"assets/equipment_visuals/masks/helmets/iron_helmet_forbidden_hair_mask_40x208.png.import","887","D973A3B9EBA3D00B15274D2316E83F9D50FDC5C8AD8CFF33F614E280118129BB"
"assets/equipment_visuals/masks/helmets/iron_helmet_helmet_coverage_mask_40x208.png","382","9025D39D08D037AB890A79429F622636EF6CB861CCC746040BAF628FCD702E17"
"assets/equipment_visuals/masks/helmets/iron_helmet_helmet_coverage_mask_40x208.png.import","890","53FACE785A42F5D6A8E2BB8D44D03B54F29325F9E1955B96F4059D155A83665D"
"assets/equipment_visuals/masks/helmets/iron_helmet_visible_hair_40x208.png","190","CCD7F2545D5B649A665898C9B743C3CA35393B8FCD02CB268598FC49DF3B54B0"
"assets/equipment_visuals/masks/helmets/iron_helmet_visible_hair_40x208.png.import","866","EB3CA0425961D058DE39E5FE54E22A7D13C37A92D161FD5741D012EB9BFDE050"
"assets/equipment_visuals/masks/helmets/knight_helmet_allowed_hair_mask_40x208.png","215","FB5F5FC1A413A5DFEF2D750869176A5B16832AA8BC4725CD68D562D929635CDB"
"assets/equipment_visuals/masks/helmets/knight_helmet_allowed_hair_mask_40x208.png.import","887","1851B12AF865EFEB53070B09346B41103C8A979AA2186A4B2F8C2A1D899F3FAA"
"assets/equipment_visuals/masks/helmets/knight_helmet_forbidden_40x208.png.import","628","836559BC89F845EEE93950CABEB507832F507657C130EC2F2718682EC1397EED"
"assets/equipment_visuals/masks/helmets/knight_helmet_forbidden_hair_mask_40x208.png","361","146A52471AC7A517EC20288EC635C173A93A0B86F9432B9BEB18F5E1B939DA7D"
"assets/equipment_visuals/masks/helmets/knight_helmet_forbidden_hair_mask_40x208.png.import","893","A8042ADBF51EACCC9A0796B5AE9AC9E0BD6AE4FEC66FDAC65777AB5A64A411CC"
"assets/equipment_visuals/masks/helmets/knight_helmet_helmet_coverage_mask_40x208.png","427","9996A16AA071060EE007BCC3FB312B744EA93B7A9B649983A995670712BE1DD6"
"assets/equipment_visuals/masks/helmets/knight_helmet_helmet_coverage_mask_40x208.png.import","896","846BED6B8D420EF20076729D15B0F803C1480D9CB5F9FD417B4C9D29343ADDBA"
"assets/equipment_visuals/masks/helmets/knight_helmet_visible_hair_40x208.png","112","68160D77BD564A2EE054CC8FA4EE03C66E80E20EB747D08F695317983B29F3B3"
"assets/equipment_visuals/masks/helmets/knight_helmet_visible_hair_40x208.png.import","872","5D05C8A05E4BDBE4E1CDB9ECF3042B8DBD706362D21B1EEEF13DD9C8B6D656A2"
"assets/equipment_visuals/masks/helmets/leather_cap_allowed_hair_mask_40x208.png","261","F2271D41B5B3982DB7F1F686D481168DBB9926A5DF43812DF2F60A86847D3CBC"
"assets/equipment_visuals/masks/helmets/leather_cap_allowed_hair_mask_40x208.png.import","881","3F975FE0FC18B32372800C5ABA953DABC9EE203617971D8A271EB4097C676865"
"assets/equipment_visuals/masks/helmets/leather_cap_forbidden_40x208.png.import","625","ECE6E3F5C87D98284BD2A1EBAFA3F5F7E6BA8578E3337E5706A4754058C25F99"
"assets/equipment_visuals/masks/helmets/leather_cap_forbidden_hair_mask_40x208.png","336","0070E26A616087A1B4230CC1167EC3C0977306C2034655FC27916CD9874DFF41"
"assets/equipment_visuals/masks/helmets/leather_cap_forbidden_hair_mask_40x208.png.import","887","A7E22D0CA1042A87F38F58F2C60312A635A644D5CDF78A7B19D81A936CB505AC"
"assets/equipment_visuals/masks/helmets/leather_cap_helmet_coverage_mask_40x208.png","350","1503BE458176842E2D8FA65D6CAD47447DDA5EE063BC79DFCA8E71D1413E3AEF"
"assets/equipment_visuals/masks/helmets/leather_cap_helmet_coverage_mask_40x208.png.import","889","0E2629919245D0151318BD49247C25D5E8777F8A73E0E5D7F7A4AFEFE34C91C7"
"assets/equipment_visuals/masks/helmets/leather_cap_visible_hair_40x208.png","190","CCD7F2545D5B649A665898C9B743C3CA35393B8FCD02CB268598FC49DF3B54B0"
"assets/equipment_visuals/masks/helmets/leather_cap_visible_hair_40x208.png.import","866","D737A3BD79ECEDD5589E0B83AAA0979D860B19BE2C46EB72A2093F235075A108"
"assets/fonts/wqy-microhei.ttf","4625912","4661F55D02EA656B3C9F8D4A078921B603A882B9279BF9E9CCAFE4EBACBA621E"
"assets/fonts/wqy-microhei.ttf.import","716","C50E819267D9D49259DDE60F0EE56A15D6C1F46422B434DC628060B3AB982D78"
"assets/sprites/enemies/bandit.png","474","81F74570F8553C26406A61E4428A3AD71F4484F60B6995AEEC0EC8164CD426B1"
"assets/sprites/enemies/bandit.png.import","775","0D3C526A729F96426A96455E08D1F660A2CD5EA9960BE755CF4925C1ACF5B557"
"assets/sprites/enemies/bandit2.png","466","909857E17818601F9CBBE5C976F72CF08E29DCE6B1BE2B5EC4A8B5E081006089"
"assets/sprites/enemies/bandit2.png.import","777","47A7069C19427E3EB36531F230217C16F653B9B2BAF2B7F95477B651D475B132"
"assets/sprites/enemies/bosses/boss0.png","715","5F47ABF98CB67DC7070EC502776C9AFBDCCA52D3072BCAA59B41622DFBBADDBB"
"assets/sprites/enemies/bosses/boss0.png.import","779","D00EEBE17148E4B22F6118B868602FA622FE79540D3618E7E74D594AD7D72582"
"assets/sprites/enemies/bosses/boss1.png","470","FF83E0C1149934AFE4444D1DA1C37F9904C7937D7FA3B468E8BA1FD3E067DF83"
"assets/sprites/enemies/bosses/boss1.png.import","779","89DB8D245151C7F4A8FCDA77B3C3A9D90F6A2A2E3B79D79102D60B4E2739B681"
"assets/sprites/enemies/bosses/boss2.png","679","65BC4AAF522A334FBEC9860B55DA9EB9FE7280593B9DDE2639AA732C1BF540F8"
"assets/sprites/enemies/bosses/boss2.png.import","778","0E0B0C47D13C67D0247A2B8D557B91B2F2740A631B86501D9EB60224D5F39CE1"
"assets/sprites/enemies/bosses/boss3.png","710","5DC941DDC4BBA0FCF6E59F5C2C7914F5094F65C89B3262C64DDA7D60723904C1"
"assets/sprites/enemies/bosses/boss3.png.import","779","7B166F711457A8EAE8D40D9B6EEFA359D1C8D2F2851531BDD5D8FD6E965283A7"
"assets/sprites/enemies/bosses/boss4.png","694","7632B67482002E69BECE73D4B9392172E90550E90BD13940BCA68732B23E4F74"
"assets/sprites/enemies/bosses/boss4.png.import","779","736908B4A21C9C442ECA6A7F2E2DEDE2D3A07C060F2029C925A094801DDCF14C"
"assets/sprites/enemies/construct.png","692","2D360E59594C6F62DE4A92921A11D5B86B89A6F79F326BC84C3CFF481C90C7C9"
"assets/sprites/enemies/construct.png.import","784","1246F9AD6D947615342EF99A406038EB23C0ED3CEC98D28A0E89A87122BE9BE0"
"assets/sprites/enemies/elemental.png","561","D4B81860DF0394B6F5915C29DB0F490FD8BAAD648796DFB1AEC7FABDF8BE1EEE"
"assets/sprites/enemies/elemental.png.import","784","6B96B3727E29A5FB4188E2D540DCA6F5BFEE207724E6498499AD4EE0F71317DA"
"assets/sprites/enemies/guardian.png","467","4A589008B0519E67B4695BE55E94A1404BDFD2F6E63E69FD7CFE7363B8B1D368"
"assets/sprites/enemies/guardian.png.import","780","D6058B5325788F03EE64E6BE36D80CF01A2B1389E5374424CFF6194AC189B625"
"assets/sprites/enemies/lavablob.png","599","813D3E4D34CDCB5ECE5D961F4811A9F546753250E34FBD0BB644627E3FB4EBB7"
"assets/sprites/enemies/lavablob.png.import","781","CE8EB35E06DDE79442EB8A43C7FE96FF159483E84D0FA024191BEA03C166E42E"
"assets/sprites/enemies/mummy.png","428","3C6DD7B6777B436F654168856FC1F633F52DBBCBB61F9F49D242264D5B8CEDF8"
"assets/sprites/enemies/mummy.png.import","771","862C6A74B36F6B2AF86F0CD2CD44869820531A4FE6D3D8827D0EE9A9965E5018"
"assets/sprites/enemies/scorpion.png","735","F64C77D4B6E6345680DC1FC77EB67DE25279BD3A091ED7A0A661EEA8F382BFB9"
"assets/sprites/enemies/scorpion.png.import","781","EBD5C6F5678E6CC7883E41BB873C1AB4888834693D8964AB1E0F758BE490CFB6"
"assets/sprites/enemies/scorpion2.png","716","1A2546A36AF82B833F45D6A19A442ED1719667B6CAF46B5DA254880D270095E7"
"assets/sprites/enemies/scorpion2.png.import","784","6CED7501D1899E58DD6B59205F6C71F8F9008B12636BECC94D77B55584A41584"
"assets/sprites/enemies/slime.png","594","794BF089B1201A3D1F3911189D6B9CC98914419F6ADFC465E9CFB21483B1EC66"
"assets/sprites/enemies/slime.png.import","772","B0448B2340EF01F0DCDB954CEA497721AC57D7B9D47424EFC96B72F3B8734F33"
"assets/sprites/enemies/spirit.png","548","046E3061B5EE307C5B40D269E7027A7EE7CC7E0277CD2B34E2D3535C54AF8CF8"
"assets/sprites/enemies/spirit.png.import","775","345009408D631C67B3BB50F6DE94D0168A21B065B767FB03C1A9BADB6850589F"
"assets/sprites/enemies/spirit2.png","582","EADA99F0D98E2E8CD59178547516A455AE2DC4AD128D116C47B3048DCF1EFA36"
"assets/sprites/enemies/spirit2.png.import","777","FDD800FB33CFE426D1B3BF7C90620EE7370116FDC30CFAEA9C0FFB6E74020B37"
"assets/sprites/enemies/wolf.png","711","97FD493D73AD7024111A5372D9A29F5066BE27CEBF19FB9F0587F1410B63269F"
"assets/sprites/enemies/wolf.png.import","769","A38C9103C6C04F92790E2457C8E99F487AB7403198002FC0C2C888DED9B2799B"
"assets/sprites/enemies/wolf2.png","734","FF060B3950047B3099938847F15DCA3FC74275DD7D1650CD622DADC1C277F0E6"
"assets/sprites/enemies/wolf2.png.import","772","7D0F3FAF551DE3B5F534461EEB9D4E263C0059221B955479964B2264877FB810"
"assets/sprites/enemies/yeti.png","678","6F224E3480722FACF5B6571CC52FCB5C05BF3C72D65EE6FDD0DD04622DF6FAD5"
"assets/sprites/enemies/yeti.png.import","769","F996FFA70B0D7FB76D537AF56162B2034E21F056505238AE3A5E28FDF0E0E75A"
"assets/sprites/hero.png","1234","485ADE64831B5AECBA2DE9739EDCBE9787E2A64F31B203ACFA878FDE2D6AB2CD"
"assets/sprites/hero.png.import","760","2AC7148A0F66EB0B0E24D0FD30B79AED7665E95F2CCE572E2D18E3753FE7F1E3"
"assets/sprites/icons/amulet.png","233","A07CB066DDA3A4BE1ECDBDC86DC5216DEEBA17BCBCA20490A2B743C98799FF41"
"assets/sprites/icons/amulet.png.import","772","05D80235968685EB0A7D18F36B564889B518613670ADC5CACEBD6017D4B973A6"
"assets/sprites/icons/armor.png","229","1ECFDBFF3D439B04B3EC1F8C13BC87504F978C7E6533A51997303C1036A1B5D5"
"assets/sprites/icons/armor.png.import","770","7DC7827B51B2ACF7E346A339A5F9B8C7FCAF82CE3CADD704ED9926DFFD3B55B7"
"assets/sprites/icons/axe.png","217","731604AA31ED5F680842DEC4BFC3EC3BECD748CA2B89ACC73E2802E8C54F02B2"
"assets/sprites/icons/axe.png.import","764","D57FD900E7E0CCC1DBF425B7E4AFA163F22EDAAD8AA81C09C9264563E292C6C2"
"assets/sprites/icons/bow.png","247","4AF8D33AF33FBEFF8B0610AB662C4EE35E94033BB16EC853DCEE5B84DC9D8664"
"assets/sprites/icons/bow.png.import","764","AFAA4D88E5E9E8473D08A02162D0F32132D8654FED27FFB3557BE682E01BB8E5"
"assets/sprites/icons/chest.png","179","08472E1D03A585C6D426CA8CF2324EC30F7167CEBF50877C84CD2DAD7A480D9E"
"assets/sprites/icons/chest.png.import","769","7F41EEF37D92FDDD4F0100669EE56860DC43D14F82F58BEAE29FB6020496DA07"
"assets/sprites/icons/coin.png","224","2582C53873C0E6F0C62BFA097B12C0260CF95A7084C6D0BB79675F3904CE5645"
"assets/sprites/icons/coin.png.import","766","6FA7E86AAADA2EF084090E0B2CB1928E5683DC57F1DA00220FDA2C77C9A9E43F"
"assets/sprites/icons/crown.png","193","480AA0F1C80A4EBCBD266AD233CCFC531CCF8B05950CC6604DFE3DC6FB4929FE"
"assets/sprites/icons/crown.png.import","770","844FB5C28F82A55A0E73B69335F128CF5ED5261B87EEB022BC31B088B1B55878"
"assets/sprites/icons/flag.png","168","EF53B36C00A91D0454C6B335A048B07A7F8292996023FD792C0611028459D426"
"assets/sprites/icons/flag.png.import","766","104E9F09A9280BCDAFF5C63F5492C837A60A8AA61EA372F64F6F4D4A4222A9D3"
"assets/sprites/icons/potion.png","245","863ACC3C091BE8F20663E96FA37D97F805DFB1F7CD90C92AA7FA4B9000B2F904"
"assets/sprites/icons/potion.png.import","773","6330911C909ABAC535166F8137E24325E5C45557F52295878958C1098E9B2CB5"
"assets/sprites/icons/question.png","127","D07C6017D169B4B8B211268ECBF829EE311FA08D46EAD467ECA6BB833AFDFDBB"
"assets/sprites/icons/question.png.import","779","E73628AEC3304184417D17C2FC863CE0266174D59D3BA8F1EFEBF958680CE5E8"
"assets/sprites/icons/shield.png","212","373A493E183EA95DEC934AFDDBDEA1CEBE209C9A2DD91BBE3E89ACC58BFE9075"
"assets/sprites/icons/shield.png.import","773","C91D0A9D72804ECC74ECB55D90E247EBDC0CA97BBABD584BBE177B7C129D2C34"
"assets/sprites/icons/shop.png","206","2732BF8EF7311EEA44F332927215A2869243E066C98758EEA4E94DA7EEAD1CC1"
"assets/sprites/icons/shop.png.import","767","FC25CB0DECAFA549E05B8784C0D6CE9CEDBE1FCBAE38E989F5DCA4AD7C8AB883"
"assets/sprites/icons/skull.png","202","F3755C46456F73808B50D24A5A6AAF600A651A757923AA1E060C12A6E5D47E30"
"assets/sprites/icons/skull.png.import","770","74E659B61E8E45F93AB20771929EABA4C82C66F8B198D2FF8E000BA717BBA1A1"
"assets/sprites/icons/sword.png","186","D25A568497C1332E08388FC9E4AAC2D15532A477E00CB5056C759425F90FE586"
"assets/sprites/icons/sword.png.import","770","54401D21CD7D33158D2E02085940DCC106BC2803C71B65EB689DDFA15898E5D3"
"assets/sprites/icons/swords.png","166","C11BC5E1368B64AA5D61DEDBAFBCB5E8ADF8F2E5A641428CA86FDA52058883E2"
"assets/sprites/icons/swords.png.import","773","066FA7B79189D6E7225531649B08DFC5D365C499F063AA76A2B6CD3D6731F080"
"build.sh","1062","DC677D44E5D1897E661590CD1504D53AB1B0CD2AD3C4AFB6BE6E30FB1606C0F1"
"build_windows.bat","184","16E115BFF4BF67D10F911C5C378F6C5B26A5CE207357377687FE9261ACE22E77"
"build_windows.ps1","5011","6ABE30008DA92EA4D56DBBBFE7C8851B86C07C7EE74DDE5B29C714CC1E1FA74A"
"docs/superpowers/plans/2026-06-13-upgrade-max4.md","7009","F2CD3DCC66C33CD5C46FDA7A971F34D057F6291D72E97C08E4C4ADEDC49A4FD1"
"docs/superpowers/specs/2026-06-13-upgrade-max4-design.md","5825","0F12EE66FD1AFDBF36823CA54B45397EE107C2D414E484942FB326C9A6B8DB1A"
"EXPORT_GUIDE.md","2883","400182EA02AA7C675DA2411A7E000A8B42C481D6831C143D299E83F28FB27DDE"
"export_presets.cfg","1243","F7353A6A9152146A31C01727F037C6F8385EA7E865AD341FBC15BB46386611B5"
"icon.svg","470","C16B92EB9610BA86852EFA8DF5F8FE00DF63E4F73C420DC65D6AD1080EAF5C24"
"icon.svg.import","843","BD78AB53348423305CDFDC26497AFEAFAE71D548402D0616E158EFE163BB263E"
"project.godot","1054","A0FB82D52BB8A8ED9F7EA715613DF2CDFBED2EC0ED1A478D994EC60E444248FD"
"README.md","8849","25FBCDE9C814AEFBFA4FC75940C8098DC336B15B28FF6F4C1795C18D8643E337"
"scenes/main.tscn","273","360161F6630FEA0BABB81B550808E696F51BF05C34323470BF5DBDA3FEB4C33C"
"scripts/combat/combat_manager.gd","8559","B91AF8C21DB7926C6DFBB702F46F2CC7B98E56074AF017725AEF96DEEE1D1227"
"scripts/combat/combat_manager.gd.uid","20","6C69C5600A811CA5AFB0DB230244683451AE55BA437CC9115EEE60EA68E4BBC5"
"scripts/combat/combat_state.gd","31135","104A0EDDB7062D2C68D5403853934E615B609F89DEF1625E47C086FE95407A1F"
"scripts/combat/combat_state.gd.uid","20","991B10AF6B76B40471A81914DC4067B83539186C7B00192FB9585F515223619F"
"scripts/combat/damage_calculator.gd","4760","3A6E8F8CBCA0F39C222CEEAC7A4DA51D1CA67492152D4BAF2F9783566D379840"
"scripts/combat/damage_calculator.gd.uid","20","24B6A2C675D3BA58438F36528794ADA63BF58943E3312A1C5E6410D8AA36B547"
"scripts/data/item_catalog.gd","12834","6F4B3E43A5F91E958CA4D7E3E48492A40E1E29CFF839DF29B124C7473F58DEBB"
"scripts/data/item_catalog.gd.uid","19","2A3C5E999396BB3A8C80144321B4C005CC58B009F7CA06151F156441487D8CDA"
"scripts/data/lore_data.gd","13115","FC4A4F7D36DFBBA5213871EB803E456919CF1EEEC401E1D430F92C8A4E39E75C"
"scripts/data/lore_data.gd.uid","20","C00BBEF7330FE374E6756F89F47B7C5B569FFD599179CC47F0AB50A2D7D70503"
"scripts/equipment/equipment_factory.gd","8432","97E051A9D2FFB1F0441086ADD1EF57379F9D8CF622D94BFC07068C78B7047F02"
"scripts/equipment/equipment_factory.gd.uid","19","8168DC7117BC9BE8950B46289A78C935590833F703B60C33071B64E67E7ED9B8"
"scripts/equipment/equipment_modifier.gd","14969","59A384E02104C05E09D361C46A5F6B90EBE7F04770D3C79C7A2926C6BF0DD547"
"scripts/equipment/equipment_modifier.gd.uid","20","8BA01A3110BD298E51A526A8AF783259B2607FFD932E04C601A43EA9DBDE810B"
"scripts/equipment/loot_system.gd","1136","E4B24B4E86CE12D1CB562288EBEC8B8AD8B455D6D9B62F39BFD38D062522C5FF"
"scripts/equipment/loot_system.gd.uid","20","05089EB2E866EC88A087300D9F8262AA16E85CA25B9DE5717254EC669CEA09F6"
"scripts/fx/equipment_visual_compositor.gd","4631","3F1158A452CDCCA15E2504831157A3BA9C8CF1413BA15A3F5D2F12F1024E03B1"
"scripts/fx/equipment_visual_compositor.gd.uid","20","942F5DEC959565B0686322C982879DE67D18D002A2BD918FB66C9B3728A3DABB"
"scripts/fx/equipment_visual_registry.gd","6501","044816D6970FA0993E098C1EE0F4AFE5E9BC7CE90E6BB1F7279D991F235FF80D"
"scripts/fx/equipment_visual_registry.gd.uid","19","CDEB4ABFA623C4977D590D546585FCEAFA90F0F77C0A76C3B70E50E7BDE4579E"
"scripts/fx/hero_layer_policy.gd","771","ED402547BB2D9216865648C949C0B86CB962563BB7A05D1FD87D8B97B57D8A6A"
"scripts/fx/hero_layer_policy.gd.uid","20","76EC4D85A91BAEA50473086C3A1A6A5FE05A1AFF497FB3E4E51AF9ECF53AB4B8"
"scripts/fx/pixel_art.gd","31851","1CCCC1B926137926B452A0CA9574086F541E70775C406FE52D80376FF312C92A"
"scripts/fx/pixel_art.gd.uid","20","C11AE8C0C848BF39307DB950764E44D156193C22E9AD56E446DD6B52A81C695E"
"scripts/fx/weather.gd","3017","92B583895856441211866408A918DC59AB59DD455FB865B8FD284ABB02ED5F27"
"scripts/fx/weather.gd.uid","19","D865B424143000511C19D396761968E0A008891B31271F80AB8C9338A811A50A"
"scripts/game_data.gd","47982","35C7818D79797EBB583EC2647B18E4B75EEAFA7583BAC0C1F0DE67354ACB03AC"
"scripts/game_data.gd.uid","20","BDFD8B5D9B6439E32B3EEF3D9B2B5D0E3FD8132E7A9AC86CD3DFF14B18B74FD3"
"scripts/game_state.gd","56187","3F635997C3897213DD71953D6BD1AE7231504FAF7BA0AA683BE3D71BF69E0122"
"scripts/game_state.gd.uid","19","FF124662A552FC99EB5084CA44F124456C6B92144EB848591214C64E4A0765BD"
"scripts/main.gd","8520","B4161344E744B70FBB227BABAB20B32599BA42699BA8632924611B9AED8BF19A"
"scripts/main.gd.uid","20","BC28188CF6A4F1A25CFED9F1642D129D796595168638225B4BC769EE01D8806E"
"scripts/map/map_generator.gd","4282","62D6AC36E343943E44EF9661B8EE8B43F730B9C4AE35291E34BA3DEAF701A3B4"
"scripts/map/map_generator.gd.uid","20","D52C02A574D894E8C8DBA698353B14C06CB94A7A1DE12241F92B3B7D52D10865"
"scripts/sfx.gd","11429","9F39D75E4A6D1BE8500F82F450A8ABEA0A5B8A0CAE020ED124BE95D73F089ED6"
"scripts/sfx.gd.uid","19","9B722C264219203A7688D46940C78019D9080939325A8BB5DAD2522477A6D637"
"scripts/signal_bus.gd","1956","F8C5C8B707CEAED0F57384EE7B8278BFBF454B749468ACBC923C3DD640AAF785"
"scripts/signal_bus.gd.uid","20","8FC684FD8E2402FCE0D15A2FD52A43B1F27CDD55E93A85931BEC741D05891378"
"scripts/ui/cg_layer.gd","4904","57A842E47CF6A3E27267C6D7ADCB59B4F45F810AE9989F49C522B9FFE1EE0836"
"scripts/ui/cg_layer.gd.uid","18","DE592E6A35B8178E008775B3C3FDC4AC95865A84F1436D4009DFCC77A4132F0B"
"scripts/ui/combat_view.gd","34587","F3A3AC8303E52F822F47C804B464AC49F81D35FE0789324BE50416CE9D85858F"
"scripts/ui/combat_view.gd.uid","19","6B2AA63F81641CB2B08343E90C4DA41081281BF88C82B2E5ED6C078687840F32"
"scripts/ui/hud_panel.gd","10582","0DB383409F92EB7D1266B96627927A8F39889E3865E5AF1E26C532706C6B795D"
"scripts/ui/hud_panel.gd.uid","20","03B1ECB46B5E921EFD1A5F0DD4063B36536470B16779C1F22D4E0316B4382EE9"
"scripts/ui/map_view.gd","12275","E72E458E0C9641A43A27F50F58187152DEFDE4683B55077E191ED8115C4A6F3D"
"scripts/ui/map_view.gd.uid","19","5709C81281A4C06D5471DB7DB21336D14A98B44DD766B1DCC57AEDEDC85DCA58"
"scripts/ui/modal_layer.gd","95708","BD0D6203F461E8C24ECB47A5629CA70D0F246D456E39A783CC73FD03D70BB1A9"
"scripts/ui/modal_layer.gd.uid","19","FC9893D6CD641B1D98CD0F6CF8F2C1421399DE3179F44825F7AB389932E5EF05"
"scripts/ui/title_view.gd","5044","F8873235285410CFA709E0B7792F1137490D9FDAC4B56AE8B043CBF50440AFB0"
"scripts/ui/title_view.gd.uid","20","A31E65A307E4D469BAA114AEDD3C858D5C7C55A280C52BB72C2FE5544B331D0B"
"scripts/ui_theme.gd","3014","761F5EC96A2F1B0D25C79ABA83F000915A3BA946D7850E6319BBE70E814D8C8F"
"scripts/ui_theme.gd.uid","20","B364C0605393FEE1451DF6B64C2D640F9BAB69D6F02575737300EA087D3C9435"
"test/equipment_visual_lab.gd","15736","2C9A1C1D4290530121512635522906E5D07AE9EE8E2FE6860C3F7DA9200A6747"
"test/equipment_visual_lab.tscn","192","D6B062936AB7B8EE5C006029FFD9D96AFBBB255480969744B472EF31BB1E7E24"
"test/shot_test.gd","12761","EE594397D72F082DE0B7779F082EA6E1AA63B5DD0790293D315D5907CC3D965B"
"test/shot_test.gd.uid","20","FC10D056F23E9D43451AB1C4DF7668EF509309001F23D3FC5F9A36B560CBD658"
"test/shot_test.tscn","163","33C955A54C6C0C61EE762AC9E307616B7E85B0653D8A40236A6AC8FAFC6E6975"
"test/shots/01_title.png","107932","5B4A50F39760CD9643B059494382F8C70FF7168F9C00EA09BF31A27409F4083A"
"test/shots/01_title.png.import","769","3D16309DC194597AF9E89D3CB50FD62E747FC5D6E69A8A8F8D61EBC62EB45FCF"
"test/shots/01b_enemy_gallery.png","22868","14C1ECC3893B18418C1331D5D975C4C548173C3A7C4395E93B4215E7D0FE5814"
"test/shots/01b_enemy_gallery.png.import","796","F085A1B26C98A2ECEAD78AA8E6D3A630C3560D3AFF20C261B1309EADC0F663B7"
"test/shots/01c_icon_gallery.png","41968","019AD1C1BDA0F9B44E705ED51B7F05842F0C576EBFB21F047CADDF4F6B5D753F"
"test/shots/01c_icon_gallery.png.import","793","3D66FB039916CF07387C807EB9A06FC32480EB73A7AF0378C23B813FED619B5C"
"test/shots/02_region_select.png","149929","58EE04FE02DF4A05229936B49F2378A1D9E7EB8225321476A77A6FC107368235"
"test/shots/02_region_select.png.import","792","31BAC2B4C7F0CFCADDA00B666AE473DEA2C6AA4CD6DFEB28758B120BF37D1855"
"test/shots/02b_new_run_setup.png","125601","654E3318F83F2AA7CD167D92D6FA0A6D765783B02CBD45399E53CE292A56B071"
"test/shots/02b_new_run_setup.png.import","796","00D2185320AD155AC39D71EBE2998340E1E25BCADDCCAEF06B89B43B75E81A96"
"test/shots/02c_cg_intro1.png","2339841","71C5B53B56616A39819FCDB55AFB78A380FA35066F7B23D984C568B3008F9908"
"test/shots/02c_cg_intro1.png.import","784","E25AF130814B379F6697A61F568232F7578C4FB8ECE2928FA62476AEAF4FE3DF"
"test/shots/02c_cg_region_enter.png","1457115","3B371E4054376C7D270B6E132F6384140B4142D8378A430F64CEAB05A05A8C1A"
"test/shots/02c_cg_region_enter.png.import","802","CEE38C26C6087F7FC806C06EEBA670636A0A0B83922BF57AB6047DA847094B62"
"test/shots/02d_cg_intro5.png","1880622","7792275F90D34AE23FC4AFDB1468BF17D45378059D5ECE9696AF2DA5DAD59B4F"
"test/shots/02d_cg_intro5.png.import","784","AF33C7F1B25CE3CBA380FCD5ABFD85BD15293D17F5FDD92EB5158F0C961573E0"
"test/shots/02e_cg_region_enter.png","1569990","8E84D3B6FA8769A2754C8A440B604C1EA684D3931A462EEC58035B79502EAD3B"
"test/shots/02e_cg_region_enter.png.import","802","CCFFB57F5A925345B2350CD40609E0346503621E4B73C42522B588D202595B97"
"test/shots/03_map.png","127482","CCFE0D632C380B6E31A4C4EE6197120FBD5953EAF7295641967C50A61A632A65"
"test/shots/03_map.png.import","763","1808B3F5158632C85F8862748C5BF16FE0866895CD279BCE73EDA8CCDED456E9"
"test/shots/03b_map_moved.png","131404","A436A35DB278B5293C368B3F8B9EB6334A1E8110C48D6E9A1E14538B32744754"
"test/shots/03b_map_moved.png.import","784","20D9D113351427143DE707A74178A7D10DF5930A8B0394EE4D911CFB22D34F5C"
"test/shots/04_combat_sword.png.import","960","B4BE0ECB69CDACC7AA8A20A2553208D627DF0E77055CC98DB4A1F63B3BBC5833"
"test/shots/04_node_preview.png","137721","828C544407563A6DDAEF9FFA608BFCCEF067703E3CA7E7D08ADD8FC316076C3C"
"test/shots/04_node_preview.png.import","789","DE308A21E675FD54E0B8CA6DBDA2007B640965F5BBC876BA0BF7DE679E0736D0"
"test/shots/05_combat_attack.png.import","963","F1762F2EB388EA39785CD6D4DE9B8B8DB0D2C3F1A618A29FD5B5F95DDE5E8EAB"
"test/shots/05_combat_sword_plate.png","123218","AD91435AACA445554BA9215E4F849004A818CFC6424CD8B8F65D015E80DD3F1F"
"test/shots/05_combat_sword_plate.png.import","807","F14FEE38B6A364268D9227A44E50F84461AD7B7ABC66F773589F2F224642F4E0"
"test/shots/06_combat_attack.png","154721","D8F99B0B7C8AA31BAAC5E810687043EB33D0FE009FA78AE0BCF945F808D2ECBC"
"test/shots/06_combat_attack.png.import","793","380AF4FBB32624E89E79E2323DE59DDA97BA9917B33FCA6F911389A297B7C41E"
"test/shots/06_combat_bow.png.import","954","739ABA6E6211BCD01334B599DFAAE197E20E4ACBBF49A32C2834D8910FD639E0"
"test/shots/07_combat_bow.png","143970","6C15D202A293EDE114BE33AEDC3A0EBDC9526F01570CAE37D2CF4C8403680D41"
"test/shots/07_combat_bow.png.import","784","188AC7755FEE2398229C76ACE55D7A4CEE5B8B20B256B34B779AA25624DF8AA6"
"test/shots/07_reward_legendary.png.import","972","A2312E892D9DE181873BBF03B566BD1DA55FD8621C95B49D924E30140823145D"
"test/shots/07b_cycleboss_0_orochi.png","112554","D622F8C039E8AEDDF8008B5E5A079D8B93366C681F717581EDDBD85813E2D352"
"test/shots/07b_cycleboss_0_orochi.png.import","810","0D827464F881C0C28256DA970F4D191E445081A1161834F168536012748FCD54"
"test/shots/07b_cycleboss_1_kitsune.png","112377","22411AA8226C973599CE3FA1737E52C201D87A638BAA203CEC3CC2143BFFC17A"
"test/shots/07b_cycleboss_1_kitsune.png.import","813","AF1689A4F4570867FAA64BCEDDB933C1510031D0617F911905D7555E2B07A144"
"test/shots/07b_cycleboss_2_colossus.png","111006","95321DE084C75BBD723F0AA76380B9E3EE2B1F4370F334A622B34025E2A80A3B"
"test/shots/07b_cycleboss_2_colossus.png.import","817","1A956D83B357ED2029877FB9A76AEB594B389B799775DCE2633FB0109BF906A1"
"test/shots/07b_cycleboss_3_voidbeast.png","113840","C1FECC3467F2CF691FC1E59230B9F882AAFB0535E8998E4CC3E3D30A03D98902"
"test/shots/07b_cycleboss_3_voidbeast.png.import","819","65ABF08D79FA5FCFAA4DAAE50B1A7BDDDE589386A7B83DC67B7D5230BA3FF202"
"test/shots/07c_cycleboss_cg.png","1727608","7CF75E77AD6400F55E2CD4E802163C5FF4DB1E763CAD9D0A7A9CCF986DBA4D78"
"test/shots/07c_cycleboss_cg.png.import","793","AC7B89009936EF94A5A0C2057646F580A2FD5A0D230263E43EC658E0EEE2A5C3"
"test/shots/08_bag_over_reward.png.import","968","E8D8B4CEDD9308AF16EABA0859577C8C59FC59E2F4638CE016B8958BF1617705"
"test/shots/08_reward_legendary.png","230420","A240282690B313BA838DFCDDBF0E2568746B35FFD6645E5CFCAA90641F8C39DD"
"test/shots/08_reward_legendary.png.import","801","EFB7E839CB1B1DE0BBD3770F72ABAD604B02DA26B7D89CEDBDD871D5C47CD1D7"
"test/shots/09_bag_over_reward.png","182650","B9CCA7D43EBD63A11C60D23760D641F2391A7FC783EFB11A7C5AA06F62C037B3"
"test/shots/09_bag_over_reward.png.import","799","CECB25C347995D8F1E2717635E3C86C0E874E3B79B85EFD345EEB95B43D1639B"
"test/shots/09_codex_monster.png.import","963","F2060AC2B8EB7DCA57F5E60E3053337A16D19357F26213236F68EC98B8317519"
"test/shots/09a_bag_expanded.png","223939","218914D7F2D3FB6CB48A9A10F0C180360487B5B9D970123B6BAC84E3F96C789C"
"test/shots/09a_bag_expanded.png.import","793","22EEE484EDE0E8C1C2FB77411B3990D2AFC41E8EC79D7B206A16A511B437390F"
"test/shots/09b_bag_clothes_filter.png","179683","1ECADE827EB4069DC3A877C29406ED5BB3CBB38AF4AF96E22D7B070F091218F3"
"test/shots/09b_bag_clothes_filter.png.import","811","C74BE087FA48ABCC35EB503EC10063D97FD38AD82BE14895020179FD931A169D"
"test/shots/09c_perk_choice.png","149406","08EF7519D413044A1708015F97836A91414D2208C2690CDC2F18808489F288E4"
"test/shots/09c_perk_choice.png.import","790","3127C3E8FDF9ECCE17F11B8DDFFD3963F47843C95A330EC9E458F27008F5CF10"
"test/shots/09d_equip_detail_actions.png","234389","770CF4C5751E907A9256EE86AE77AF103A2C3367719733071E3A2394285D8D8C"
"test/shots/09d_equip_detail_actions.png.import","817","015918235B5BE4F3C01A085996926B353637B2F71F805DB2CDEEF4099234D3B5"
"test/shots/10_codex_equip100.png","247100","434DEB92F00616AE77C53CCECB371EB2D65B11423ADCF5897C2DA6C5A08B8304"
"test/shots/10_codex_equip100.png.import","796","F09706C5E97892DE3AF07188406944F16EACB241481FB98A71842192CB858B61"
"test/shots/10_stats.png.import","939","4A22B777EA9CA297E27D9CA84E907BC6BB10DBA6098F810DA7408D8C48E8434D"
"test/shots/10a_codex_search.png","194400","75F34E00DB08D983B23C75A444F03E4F44C775D06EFF54ACA41505907ED21690"
"test/shots/10a_codex_search.png.import","792","A58BF212FF3E0B199BA72179449E1AF126048795F0E986AAB525C29AF2ACF5B2"
"test/shots/10a2_codex_locate.png","223440","3A511E8576CE3D14CCC37CC7F3CEA56B2CAAC9F47D6CF141668C218C9BF8332E"
"test/shots/10a2_codex_locate.png.import","796","A3D25BA058350576F3FE0AB8DB94005C4497769C0F7440C4A89691581B750F42"
"test/shots/10b_codex_mechanics.png","298730","079748289A340AB7ABD1D67D8A6113A71E1352D39190A07DA5E75B86A96944D6"
"test/shots/10b_codex_mechanics.png.import","802","C1A89A587D4C24457CD76966AF6C347255DF9A6389BFF65D245518BD9518F6F6"
"test/shots/11_codex_monster.png","201237","0657DEFA3C5757196EF0410AE8865E482A8565184154E2303B45104A269D1079"
"test/shots/11_codex_monster.png.import","792","B318F065A77F86F2CD277AC391E184486BCDCAE8280F5BAB9E1EC1A1F89EA847"
"test/shots/11_saves.png.import","939","9ED751A65EEB85DD9758EB03F6D79DB8948832920D3D693C2C91ECE6D4F7DD22"
"test/shots/12_codex_element.png","208914","71934A53A3BD2F79D25B79DA25791CEF280499407302E260604D9789DA786772"
"test/shots/12_codex_element.png.import","793","C74E68EE8B520E07311D0B9A7CCE868A3793A5CDDCE583F65DAA046EF2610FA9"
"test/shots/12_event.png.import","939","1A548F78E4B6CACC6A6E7874F4CEE3F0AE116CC34995F662C3101F9D1E3CDE31"
"test/shots/13_stats.png","232650","FF16667C6A78D5E4FCDCDA4713D8D342B61BA36A73A3EF2D78453025B9DC9396"
"test/shots/13_stats.png.import","769","134389AC46538A4D56B57D88DF267A38B4904ECECFE99D2FC4C2CA322E616F83"
"test/shots/14_shop.png","173505","28C1EE95D791A613D88D504BCA6BAB8F087FF9494557D021F4B20383FF4608F4"
"test/shots/14_shop.png.import","766","EC45DD64E88EEFECFD46CB4C88C46E2A75F0BA77E7A1DF233CDB9973C18007C6"
"test/shots/15_event.png","131698","457199D80BDF2ED01B2D26AE1DC1A4C590E559242DA75BCD53AC7395A4A5A311"
"test/shots/15_event.png.import","769","792650DFCA0418B92FC4B620C65BB516839760E21DA020CBFE6BB053FB190B97"
"test/shots_equipment_runtime/00_neutral_hero_runtime.png","1672","01C222E624FA7C806C8096958D4A58969AB900C76E8B4371DBCBD775943ADD59"
"test/shots_equipment_runtime/00_neutral_hero_runtime.png.import","832","AF39A3E4EF5056ECB12D01C5D3A0B1047158148B745AA11C2F4F743AFEB839B3"
"test/shots_equipment_runtime/01_all_icons_175_runtime_1x.png","10201","D9BC4C618D3B4727781DCA1863BF3E41094E3E842E302F16D364EB448D0C3D23"
"test/shots_equipment_runtime/01_all_icons_175_runtime_1x.png.import","844","107F390C4FCACCEE16F2F606565D0DB0CFB52E9A38C9F3F4D20079928B9D33BB"
"test/shots_equipment_runtime/02_all_icons_175_runtime_4x.png","30228","ACE76D0386530D6131E9B686E6E0B6BE7B3E84F04551A62291FFE927A75044B9"
"test/shots_equipment_runtime/02_all_icons_175_runtime_4x.png.import","844","0F5B5819E7D94729B5E4772C7E7BD10A6B9F58109B599D447F5A189915C4C338"
"test/shots_equipment_runtime/03_weapons_10x4frames_runtime.png","33710","98854C57C75B9B2957B4F023CE0CA356C52E712CD8C9D2517834DBE3523D4667"
"test/shots_equipment_runtime/03_weapons_10x4frames_runtime.png.import","850","76E1BC33DC8ECD126EB7A1DAF66006B2EE6268E9BE6E555DA3A96B9BD454B6AE"
"test/shots_equipment_runtime/04_armor_5x4frames_runtime.png","15845","CDA8149BBA17B7E440CEF2EB82D2269071E5E5F5875ECB1712644FEBB38C2E92"
"test/shots_equipment_runtime/04_armor_5x4frames_runtime.png.import","841","055F338567AC21154B6ECC2BD315E5CEB68D703F144A34FD19F623362A1FE198"
"test/shots_equipment_runtime/05_helmets_5x4frames_runtime.png","14902","38F19CC5968DCD3476D8EDEE7A79ED804A081AC3A1AAF299DC48588F6BC1E1E8"
"test/shots_equipment_runtime/05_helmets_5x4frames_runtime.png.import","847","1833CFF78AD55E4FFEF6161673A35ED569A5B3D24238D8BFA8923926AF22B1E0"
"test/shots_equipment_runtime/06_helmets_silhouette_runtime.png","6839","12C0CA26C299CC862BEDF0900C17EBC7E6F1BA801109C3FF5FE8A7E95CCC94F7"
"test/shots_equipment_runtime/06_helmets_silhouette_runtime.png.import","850","D950E0C8C714812FE3F11A89EE2FDB36315278335FDE6DF976C66DB467105D61"
"test/shots_equipment_runtime/07_helmet_hair_leak_debug.png","15252","50A0FED4C5EE53DED080E350435AB6FEDD9904C5B973D672F326806FED2B1DBB"
"test/shots_equipment_runtime/07_helmet_hair_leak_debug.png.import","838","074951C7DEDF41D539381FAB38BF3976F3298A6C3A67828A835BF7FBBC37453A"
"test/shots_equipment_runtime/08_pants_5x4frames_runtime.png","15072","2FEFB2F5DDA81135CE18FD394984AB43B6C8D77D6CBFD49BBEDA7348677CE6AB"
"test/shots_equipment_runtime/08_pants_5x4frames_runtime.png.import","840","C96A6322120845332C582028B0B36009C41987540E40C663005EECD6F3EA4219"
"test/shots_equipment_runtime/09_boots_5x4frames_runtime.png","14597","B7048DF5163B2574658CF32D2B46EB5ACE450DEAE3E367D7BD4D08B11043CAC6"
"test/shots_equipment_runtime/09_boots_5x4frames_runtime.png.import","841","1C6891B46F82633885C440DFC1E6155FBFE98B39060FA437E90F6858CAACD2B7"
"test/shots_equipment_runtime/10_accessories_5x4frames_runtime.png","15044","587514A2F242A484BB01269960E421D8C23F88CE4786B7F072CC22EF84534BF0"
"test/shots_equipment_runtime/10_accessories_5x4frames_runtime.png.import","858","D46C97DFE4AEDE2C0FB7FD022E008C485D53E045E58D9E63C5C8693C3C4E3219"
"test/shots_equipment_runtime/11_full_sets_runtime.png","22108","34634D2B84E407001846188BA0152464BCFBBC35EE559ED1EFD0B6D5FE6BF749"
"test/shots_equipment_runtime/11_full_sets_runtime.png.import","823","A6669D4376C05262712220E909A3F862FD9C7550264291D38FD38D497296E8CC"
"test/shots_equipment_runtime/12_elements_runtime.png","22741","1A8A52750628E12CA70B4AE12A17A72B62C00E17C7C3BE2DA10A96FB50FB397A"
"test/shots_equipment_runtime/12_elements_runtime.png.import","819","1F0EA5FBFC4C15711F3AB99FB2E8802FF2621386FF1B638FAB651DAD1C7A12F1"
"test/shots_equipment_runtime/13_rarity_visual_invariance.png","17920","431370037CE53C4183BE992C7D72A09121FF7E5ABA8EE8115449D419F89EE5CC"
"test/shots_equipment_runtime/13_rarity_visual_invariance.png.import","844","424159D0A578EEBB319DFD617492CBA400A2509972D2EF52FBDDB60B566023F7"
"test/shots_equipment_runtime/14_inventory_actual_ui.png","179683","1ECADE827EB4069DC3A877C29406ED5BB3CBB38AF4AF96E22D7B070F091218F3"
"test/shots_equipment_runtime/14_inventory_actual_ui.png.import","828","1046C547AF79A6E70BF0093366A3738686D580CCC0D2B415967DE08AB62BB521"
"test/shots_equipment_runtime/15_codex_actual_ui.png","247100","434DEB92F00616AE77C53CCECB371EB2D65B11423ADCF5897C2DA6C5A08B8304"
"test/shots_equipment_runtime/15_codex_actual_ui.png.import","817","DB8C65BAE91252DC39C068B7E097A12232C3CB2704FCFC634CB85D55C56FDEC1"
"test/shots_equipment_runtime/16_combat_actual_runtime.png","123218","AD91435AACA445554BA9215E4F849004A818CFC6424CD8B8F65D015E80DD3F1F"
"test/shots_equipment_runtime/16_combat_actual_runtime.png.import","835","9BCC4D8BAE1678C3E6C7DC61BE4FDF63375A1145722EE3FECB0D86A1E2E2CA54"
"test/smoke_test.gd","46159","ACF3F3773470B4FC18A4818C20A4A0F3BE4419D82573B7D44A649431D508DF68"
"test/smoke_test.gd.uid","20","2317982DB4615441C100C2A94977821F68B1F394ACCB99D4D52B754CF0F9CF3B"
"test/smoke_test.tscn","165","2F1F6C67BBA4B35850AC9207728CE4F89DD51A1423C81E113C5A178900911D0A"
"test/visual_integration_test.gd","19764","B53642A6F7061B07B8146A54B23E1C9B0976609B44F04E051A507A4409C79FF2"
"test/visual_integration_test.tscn","204","FAFC8D854994175F580244733560E590FF158D378D206F3DF89BBCEDEE18CCE2"
"tools/compare_protected_files.py","1755","F19DBF7C08F1CB21900DFA26E89B97D1F2B0F9EE6A8582C619F4AF079CCD49DA"
"tools/prepare_visual_assets.py","26068","144B064C94F1AD3E5465A37BC89E01155C1ED923C0F17C9B5D208B139D7B16D7"
"tools/run_visual_qc.py","1813","EDB7EEC4594A0E6D22AE7AC728CCFF3890FE297D8BFED3006871C822442156EA"
"tools/validate_export.py","2389","8E853FC010107BC59DBD730E7DCF10755F1A8040516471BA609B3163611D71A9"
"tools/validate_visual_assets.py","6205","8BCE63A8476928061CE613B4CC59A4FA24C00782B85428400A021446C19D2B74"
