asset_id,path,bytes,sha256,catalog_id,version,trace_status
PATCH4-ASSET-00001,00_Baseline_Audit/ImageGen_Prompt_Register.csv,357,992b6b7e2ff87311bfcea4398a288c7201a366ecf3b7d68d8727747a35b94cdf,,PATCH4-1.0.0,PASS
PATCH4-ASSET-00002,00_Baseline_Audit/Input_Integrity_Register.csv,353,40bf81334aee5fec75aeb3194e02aa0217f0e4d8748c68aca552d8bc78911361,,PATCH4-1.0.0,PASS
PATCH4-ASSET-00003,00_Baseline_Audit/LOOP1_Fact_Audit.md,761,9f8e7b86400b23996dd41b2c0aff09a447279ac2f0797ddb6aa81d5b80644833,,PATCH4-1.0.0,PASS
PATCH4-ASSET-00004,00_Baseline_Audit/PATCH4_Disposition_Register.csv,383308,47e347f1e39c7c314148dec710bf850810a995e6e9a6fb21f9cd5232498cfcda,,PATCH4-1.0.0,PASS
PATCH4-ASSET-00005,00_Baseline_Audit/Source_Truth_Catalog_175.csv,26017,fde9b3b2d76d9f820d04e028499a02c68bd1701c0a965862b8fdee96b87d7f74,,PATCH4-1.0.0,PASS
PATCH4-ASSET-00006,01_Frozen_Hero/Frozen_Hero_Hash_Register.csv,3328,3b17a73c0f71846210a501d523a1cc4503dd719293e4043ce3c82192a7196a34,,PATCH4-1.0.0,PASS
PATCH4-ASSET-00007,01_Frozen_Hero/Hero_4Frame_Anchor_Map.csv,15207,5742377bccc60d146dd1c70e80d21825e150b35fdf6f586ec110080bbc372981,,PATCH4-1.0.0,PASS
PATCH4-ASSET-00008,01_Frozen_Hero/Hero_4Frame_Anchor_Overlay.png,1482,6314be8df235b4cf28d6d35c011935db1cd5e1e103c19b02369fc32e97ba977a,,PATCH4-1.0.0,PASS
PATCH4-ASSET-00009,01_Frozen_Hero/Hero_Layer_Order.csv,330,a9ca2b44b5e8a3deb9dd33359b35210c522d65f44a992b1c9af552b79b382bea,,PATCH4-1.0.0,PASS
PATCH4-ASSET-00010,01_Frozen_Hero/Hero_Layer_Order.md,631,5988577bcc8810f53602fa970f46bedb0500fa8ab3b1dd30f8e65b8047c13041,,PATCH4-1.0.0,PASS
PATCH4-ASSET-00011,01_Frozen_Hero/Hero_Neutral_4Frame_4x_NEAREST.png,2235,a0cf947b399510839d9b4bc27b4193162c43990f8329a017c681381eb0d87df6,,PATCH4-1.0.0,PASS
PATCH4-ASSET-00012,01_Frozen_Hero/Hero_Neutral_4Frame_Horizontal_REVIEW_ONLY.png,1330,7d1c683a43fe78f26e01260a8cf2d94495dfbf10b003a48a7d31319316701412,,PATCH4-1.0.0,PASS
PATCH4-ASSET-00013,01_Frozen_Hero/Hero_Neutral_Arms_40x208.png,524,003b7e10e1334b6524592039cfe8ef5a8c5e7bed11b38bf247d9efb1c9e23558,,PATCH4-1.0.0,PASS
PATCH4-ASSET-00014,01_Frozen_Hero/Hero_Neutral_Base_Composite_40x208.png,1314,37ba9ca9a8abe05cb25926e54575b1cb86a52842bef9f48b8aea11a3e7639026,,PATCH4-1.0.0,PASS
PATCH4-ASSET-00015,01_Frozen_Hero/Hero_Neutral_Body_40x208.png,771,2b17269c7077f043fad45039eaa62b9140490f3198a2151cee8173ed5fffd3d4,,PATCH4-1.0.0,PASS
PATCH4-ASSET-00016,01_Frozen_Hero/Hero_Neutral_Face_40x208.png,392,0a4a38719a28c6f4ba7b17c4434c4e36bd253e7caefd96732add6e66b18d02e4,,PATCH4-1.0.0,PASS
PATCH4-ASSET-00017,01_Frozen_Hero/Hero_Neutral_HeadHair_40x208.png,380,e2ec8c02b553578a2ea30f86f15c858ac69a74c3d8e024cf1043bad2d6821191,,PATCH4-1.0.0,PASS
PATCH4-ASSET-00018,01_Frozen_Hero/Ranged_Arm_Poses/hunting_bow_arms_back_40x208.png,469,5b812bca3c2d4dd1fff67f5b7eb36620e398c04f95a7f4fc11b99d4381d6c6f3,,PATCH4-1.0.0,PASS
PATCH4-ASSET-00019,01_Frozen_Hero/Ranged_Arm_Poses/hunting_bow_arms_combined_40x208.png,626,567ead92555c56603c4026c4b7711bb33bedc88bbb1c3c512d77ab18a54be684,,PATCH4-1.0.0,PASS
PATCH4-ASSET-00020,01_Frozen_Hero/Ranged_Arm_Poses/hunting_bow_arms_front_40x208.png,362,71f00633a4b4bc1c046d973b6d0d5ecd9969c8ab0976af419a768e242dca64e2,,PATCH4-1.0.0,PASS
PATCH4-ASSET-00021,01_Frozen_Hero/Ranged_Arm_Poses/longbow_arms_back_40x208.png,358,0862da765b034dee78e2588c2a6933cafe0e199836434df20e09ea5372415083,,PATCH4-1.0.0,PASS
PATCH4-ASSET-00022,01_Frozen_Hero/Ranged_Arm_Poses/longbow_arms_combined_40x208.png,499,bfed2932ab7df47f0ff660740bb2127127282bde8c65ad11fabdd1462a6f9a50,,PATCH4-1.0.0,PASS
PATCH4-ASSET-00023,01_Frozen_Hero/Ranged_Arm_Poses/longbow_arms_front_40x208.png,341,379228e308067112c3428a18003a65ce006756e815f4d1638670d9192c16ba46,,PATCH4-1.0.0,PASS
PATCH4-ASSET-00024,02_Simplified_Base_Icons_35/Accessories/carved_wood_amulet_base_20x20.png,181,cea91110fb8ca2b6e6aaffbed2f2b61c7944e0cdc919a4aa41a2445272b80214,,PATCH4-1.0.0,PASS
PATCH4-ASSET-00025,02_Simplified_Base_Icons_35/Accessories/engraved_copper_ring_base_20x20.png,190,12734e972a24e03b020169add3e1ac05ce866ff5799367d96a487928c7564d39,,PATCH4-1.0.0,PASS
PATCH4-ASSET-00026,02_Simplified_Base_Icons_35/Accessories/sacred_relic_base_20x20.png,184,5460d2f504dc75a3d2c81ebffc1f722046ad987c4438b3841909abc81e345a0c,,PATCH4-1.0.0,PASS
PATCH4-ASSET-00027,02_Simplified_Base_Icons_35/Accessories/silver_badge_base_20x20.png,210,885085f705338897eb9b2be549421cecc34d1ffb688486b8a64bda1c09dee000,,PATCH4-1.0.0,PASS
PATCH4-ASSET-00028,02_Simplified_Base_Icons_35/Accessories/whisper_orb_base_20x20.png,196,6de80f80da61ab6cb042bd6cdb10afa17e490afcaed87800e22ba7619ca4bc47,,PATCH4-1.0.0,PASS
PATCH4-ASSET-00029,02_Simplified_Base_Icons_35/accessory_Base_Icons_1x.png,3841,d50f64e8b80ae2093d255b04a4980f82025a9420d5f9d8f7df7507ceee91d963,,PATCH4-1.0.0,PASS
PATCH4-ASSET-00030,02_Simplified_Base_Icons_35/accessory_Base_Icons_4x.png,4249,3d34a12fb09a6642f2f0965789863121892dd09022cac698b44192ef9e22fd31,,PATCH4-1.0.0,PASS
PATCH4-ASSET-00031,02_Simplified_Base_Icons_35/accessory_Base_Icons_Silhouette_4x.png,3853,936e547027370f3a2244fc677803a17dbfe16c2adb8aab175db9b71c8d91a7c8,,PATCH4-1.0.0,PASS
PATCH4-ASSET-00032,02_Simplified_Base_Icons_35/Armor/chainmail_armor_base_20x20.png,230,c57c3e3d3b975153f898c5644011b90185e83234900e16e33bf811de6cee2fd0,,PATCH4-1.0.0,PASS
PATCH4-ASSET-00033,02_Simplified_Base_Icons_35/Armor/cloth_armor_base_20x20.png,209,7d35597bb1a0264b2ce95d42e477bf373e372467cec67ba28800ffeb81b49b2b,,PATCH4-1.0.0,PASS
PATCH4-ASSET-00034,02_Simplified_Base_Icons_35/Armor/dragon_scale_armor_base_20x20.png,214,2ff8c67c439312f5f6a4bc73c3cca4a420588196be5e2161e4baf45165e71c22,,PATCH4-1.0.0,PASS
PATCH4-ASSET-00035,02_Simplified_Base_Icons_35/Armor/leather_armor_base_20x20.png,223,9534c935399929f79c32847f341f985f8233f2dd9579b8c26c7d05b2d9cfaefa,,PATCH4-1.0.0,PASS
PATCH4-ASSET-00036,02_Simplified_Base_Icons_35/Armor/plate_armor_base_20x20.png,202,f392416186fd6cd3624f020c1404ac21c490c3906544607d42b4a973b977c6e2,,PATCH4-1.0.0,PASS
PATCH4-ASSET-00037,02_Simplified_Base_Icons_35/armor_Base_Icons_1x.png,3141,7f5855fadba32d48a3753ad3d0905ef5cf89234268624c0c1afc8a0e47e81897,,PATCH4-1.0.0,PASS
PATCH4-ASSET-00038,02_Simplified_Base_Icons_35/armor_Base_Icons_4x.png,3543,bca2eb3f04869b27401bc08ec146d809fbfa9d52294e6ca13311c4652f51ac79,,PATCH4-1.0.0,PASS
PATCH4-ASSET-00039,02_Simplified_Base_Icons_35/armor_Base_Icons_Silhouette_4x.png,2974,a7752e5f75242f19c1cabdc438e96a31f56247983e8178aa7439868d52bb67bb,,PATCH4-1.0.0,PASS
PATCH4-ASSET-00040,02_Simplified_Base_Icons_35/Boots/dragon_walk_boots_base_20x20.png,182,941fe67bedfc6e804cd74647d588ad6f0e1bfc6c5888cb62216c41267873e963,,PATCH4-1.0.0,PASS
PATCH4-ASSET-00041,02_Simplified_Base_Icons_35/Boots/iron_toe_boots_base_20x20.png,202,0094177c7a081ccb84053ed09e3171a842bd4fac450841092c56d8e34b60178b,,PATCH4-1.0.0,PASS
PATCH4-ASSET-00042,02_Simplified_Base_Icons_35/Boots/leather_boots_base_20x20.png,183,d88a42f0890408bff06620d6dc52fd9f87d49383a55c019717a74103bc00b331,,PATCH4-1.0.0,PASS
PATCH4-ASSET-00043,02_Simplified_Base_Icons_35/Boots/straw_sandals_base_20x20.png,227,0b56d37d83a75a4b82a3dc9959b9a409d532cadf141339272e93627f3e93f373,,PATCH4-1.0.0,PASS
PATCH4-ASSET-00044,02_Simplified_Base_Icons_35/Boots/wind_boots_base_20x20.png,215,bb09d2906e0a1aae03a10a938308ca982f4937826636c9bd9c58f40e2dc1f6f2,,PATCH4-1.0.0,PASS
PATCH4-ASSET-00045,02_Simplified_Base_Icons_35/boots_Base_Icons_1x.png,3184,97201c35e58d2157ed271d8bbc196098c42b106f9dc8ca1099c0b5911455ef11,,PATCH4-1.0.0,PASS
PATCH4-ASSET-00046,02_Simplified_Base_Icons_35/boots_Base_Icons_4x.png,3444,77aa849b181ed64fb2336b4672ff4e0c4cf8ee54d39386ffd1d1504bdece8bb1,,PATCH4-1.0.0,PASS
PATCH4-ASSET-00047,02_Simplified_Base_Icons_35/boots_Base_Icons_Silhouette_4x.png,2989,c0e4f21a222a693875d9cf3bfb70650245c659f447c8bdc2c1d13155140e3a34,,PATCH4-1.0.0,PASS
PATCH4-ASSET-00048,02_Simplified_Base_Icons_35/helmet_Base_Icons_1x.png,3069,291d07f27a1e206c54c2ffca9abe2f34ee29e3ecc568619e970fe848713d2805,,PATCH4-1.0.0,PASS
PATCH4-ASSET-00049,02_Simplified_Base_Icons_35/helmet_Base_Icons_4x.png,3421,fbcf29568ade88af97cd2abfa8e36e26defb0fe8c5f51701c1f739ae87b375e0,,PATCH4-1.0.0,PASS
PATCH4-ASSET-00050,02_Simplified_Base_Icons_35/helmet_Base_Icons_Silhouette_4x.png,3058,dca5357591244b8d3ca4ed6925d334f5589f9adb18861bea404cd1277461ddb8,,PATCH4-1.0.0,PASS
PATCH4-ASSET-00051,02_Simplified_Base_Icons_35/Helmets/battle_helmet_base_20x20.png,248,b08803a5c03b6fe182a27044157e05ac95a546834579c45a233b41724c6fff48,,PATCH4-1.0.0,PASS
PATCH4-ASSET-00052,02_Simplified_Base_Icons_35/Helmets/dragon_head_helmet_base_20x20.png,221,7ccaef3e045951024a55c37041bff923f809cf0dffc5c8bec02369dd411d9436,,PATCH4-1.0.0,PASS
PATCH4-ASSET-00053,02_Simplified_Base_Icons_35/Helmets/iron_helmet_base_20x20.png,189,01a0905bed664ff37f79e2433def26d9000513b09a19df30a14917066975ca79,,PATCH4-1.0.0,PASS
PATCH4-ASSET-00054,02_Simplified_Base_Icons_35/Helmets/knight_helmet_base_20x20.png,220,672abe00630fc9b6310db9846dae2d9c643e5306ff66ab76b65e2114f2587de1,,PATCH4-1.0.0,PASS
PATCH4-ASSET-00055,02_Simplified_Base_Icons_35/Helmets/leather_cap_base_20x20.png,188,a6e8b4f7312727f10149e90fb805de76bd0e1b82f52165bf08bc3c6a6a197fea,,PATCH4-1.0.0,PASS
PATCH4-ASSET-00056,02_Simplified_Base_Icons_35/Pants/chainmail_pants_base_20x20.png,253,600c28f82797f72fcebba7dc0066952b4afd65fa01e0d719e09943e5b2560191,,PATCH4-1.0.0,PASS
PATCH4-ASSET-00057,02_Simplified_Base_Icons_35/Pants/cloth_pants_base_20x20.png,239,9a7c3407611c1c1a19cc788f3ecb85bf0d853cb0948806614b597f57cd59458b,,PATCH4-1.0.0,PASS
PATCH4-ASSET-00058,02_Simplified_Base_Icons_35/Pants/dragon_scale_legs_base_20x20.png,266,20a0f04e9c353fbed7615e71d72fc2944271ef8cf1574f1ddbbba1bf0a0409a9,,PATCH4-1.0.0,PASS
PATCH4-ASSET-00059,02_Simplified_Base_Icons_35/Pants/leather_pants_base_20x20.png,228,e0f62117ec8b894d7bccc3d34b9de544a926909d7e726dc55088cad6a86869d8,,PATCH4-1.0.0,PASS
PATCH4-ASSET-00060,02_Simplified_Base_Icons_35/Pants/plate_greaves_base_20x20.png,248,0fe975187d3500bad06f69460752f5d6000dbf7fa6a72e8d375aba4676ed4d4f,,PATCH4-1.0.0,PASS
PATCH4-ASSET-00061,02_Simplified_Base_Icons_35/pants_Base_Icons_1x.png,3640,a4614bbc54a05d2555a25775d90c897ead6eb47de2e54216ea3bdbbe5e62f7ec,,PATCH4-1.0.0,PASS
PATCH4-ASSET-00062,02_Simplified_Base_Icons_35/pants_Base_Icons_4x.png,3982,a25f4462ac50349489cf9a943c1df75146c56809474f200305ef8d952abbd1dc,,PATCH4-1.0.0,PASS
PATCH4-ASSET-00063,02_Simplified_Base_Icons_35/pants_Base_Icons_Silhouette_4x.png,3367,efe77bdc30aa25af9e4a1789e66230833e223b25ab432b791d78d67933b2062e,,PATCH4-1.0.0,PASS
PATCH4-ASSET-00064,02_Simplified_Base_Icons_35/Simplified_Base_Register_35.csv,12914,d233ca41a5be8dbb3ff857806b00e32fa86f0f3f741eaf449ee02af38d4c27c0,,PATCH4-1.0.0,PASS
PATCH4-ASSET-00065,02_Simplified_Base_Icons_35/weapon_Base_Icons_1x.png,6165,df8407d2f599a3c1f17c378586dd182dcab69cf44ea61b36f026a91f1937991a,,PATCH4-1.0.0,PASS
PATCH4-ASSET-00066,02_Simplified_Base_Icons_35/weapon_Base_Icons_4x.png,6855,51fabc52494a7e813a0b0420f2543a2c12aabe82540954076435c9716013be2a,,PATCH4-1.0.0,PASS
PATCH4-ASSET-00067,02_Simplified_Base_Icons_35/weapon_Base_Icons_Silhouette_4x.png,6274,24c7b75b2154fbb4d09ca13a1e92b7083b89d9880af852c0c993e89014f3f34a,,PATCH4-1.0.0,PASS
PATCH4-ASSET-00068,02_Simplified_Base_Icons_35/Weapons/battle_axe_base_20x20.png,205,cf86730778267279cda94b2230f8a13fd016dc1464faf9a0bc1a4f4bdfadf8c5,,PATCH4-1.0.0,PASS
PATCH4-ASSET-00069,02_Simplified_Base_Icons_35/Weapons/great_axe_base_20x20.png,221,cc332841d8efd093fcfc9ab455b9a404d1091230edad497f952ad6c5e167e638,,PATCH4-1.0.0,PASS
PATCH4-ASSET-00070,02_Simplified_Base_Icons_35/Weapons/great_sword_base_20x20.png,156,7b2efe7053d69ce538ab32d9fb9f234193c6ddb1565ee29a61d4f57093746e14,,PATCH4-1.0.0,PASS
PATCH4-ASSET-00071,02_Simplified_Base_Icons_35/Weapons/hand_axe_base_20x20.png,200,c753105f4db74715a187496bba680df936ebbcd2bf714474f1e4425065cca864,,PATCH4-1.0.0,PASS
PATCH4-ASSET-00072,02_Simplified_Base_Icons_35/Weapons/heavy_crossbow_base_20x20.png,245,504f7addd9006959aaad59c36ba04e2900bc351c128610dc1a8ee95590f29cb0,,PATCH4-1.0.0,PASS
PATCH4-ASSET-00073,02_Simplified_Base_Icons_35/Weapons/hunting_bow_base_20x20.png,177,9f81c6050ff9695a226268b86ffc270d2962000d2056256e9091342c3a368593,,PATCH4-1.0.0,PASS
PATCH4-ASSET-00074,02_Simplified_Base_Icons_35/Weapons/long_sword_base_20x20.png,151,7821e88e1043868ccd1c189fffed895b8cf04281fee8becbcd1fe8f126afe8dc,,PATCH4-1.0.0,PASS
PATCH4-ASSET-00075,02_Simplified_Base_Icons_35/Weapons/longbow_base_20x20.png,212,a86b4ac88503c9184f82964a24a25ff42ac83da7a9a88d3ee4fc35581fadd3e1,,PATCH4-1.0.0,PASS
PATCH4-ASSET-00076,02_Simplified_Base_Icons_35/Weapons/rapier_base_20x20.png,198,06b2c5724533255b5b0757061727d7ff17ae30a39a85e0bd7a7245e880c74491,,PATCH4-1.0.0,PASS
PATCH4-ASSET-00077,02_Simplified_Base_Icons_35/Weapons/short_sword_base_20x20.png,151,d7456aa4065ee2ec15cb713baa2262c70ac8e304cfd84c9b4adc3bef8037c572,,PATCH4-1.0.0,PASS
PATCH4-ASSET-00078,03_Simplified_Base_40x208_Layers_35/Accessories/carved_wood_amulet_base_40x208.png,240,2740975690c04f92d48db025015d8e06e9f5e4f9865a581f4ccdc0a5a12e4af6,,PATCH4-1.0.0,PASS
PATCH4-ASSET-00079,03_Simplified_Base_40x208_Layers_35/Accessories/engraved_copper_ring_base_40x208.png,183,2d5845ceee557c13b52f9784fbcf7164006fb5ca21177c8e0b9abc7e52d9538b,,PATCH4-1.0.0,PASS
PATCH4-ASSET-00080,03_Simplified_Base_40x208_Layers_35/Accessories/sacred_relic_base_40x208.png,220,747393efc18f1b1d7d9f03c5a643e797065e9ea8aa8642b1496c28eede5f8716,,PATCH4-1.0.0,PASS
PATCH4-ASSET-00081,03_Simplified_Base_40x208_Layers_35/Accessories/silver_badge_base_40x208.png,240,19ca5e21f9962a3c2775e39ddc3b6f94163a650d68fa1a38a7220131a8583642,,PATCH4-1.0.0,PASS
PATCH4-ASSET-00082,03_Simplified_Base_40x208_Layers_35/Accessories/whisper_orb_base_40x208.png,256,67a394bfa14af63dad6ea1ff681974b1d008afe6e3ab2f21f5d6c685efdf85cc,,PATCH4-1.0.0,PASS
PATCH4-ASSET-00083,03_Simplified_Base_40x208_Layers_35/Armor/chainmail_armor_base_40x208.png,402,4d5624ee8ccb4a6fec6dc6567be7fd5495dd1953a8b67b5788db2372b7539db4,,PATCH4-1.0.0,PASS
PATCH4-ASSET-00084,03_Simplified_Base_40x208_Layers_35/Armor/cloth_armor_base_40x208.png,417,5af38ebdb66efe0dff02ef6eb71e50a4876c6fd74da58a749608c8cae99fe13e,,PATCH4-1.0.0,PASS
PATCH4-ASSET-00085,03_Simplified_Base_40x208_Layers_35/Armor/dragon_scale_armor_base_40x208.png,378,27dec29b26251b2609366f9f19ac02e2ec5ca2fdd98ca2506a802569f71a79b1,,PATCH4-1.0.0,PASS
PATCH4-ASSET-00086,03_Simplified_Base_40x208_Layers_35/Armor/leather_armor_base_40x208.png,410,b70f798634ad6001d365517e115effe08ed5baaa470062cc6b8b4842ee6f9ac9,,PATCH4-1.0.0,PASS
PATCH4-ASSET-00087,03_Simplified_Base_40x208_Layers_35/Armor/plate_armor_base_40x208.png,394,b6c1f3481eb6a03276e1b000356651ab1ea22a46acccb4eb422456bcc7f21b61,,PATCH4-1.0.0,PASS
PATCH4-ASSET-00088,03_Simplified_Base_40x208_Layers_35/Boots/dragon_walk_boots_base_40x208.png,307,11559b8635cdfa516664e47b1ddf7950362f7fdcc954d83f437c35060ea18b93,,PATCH4-1.0.0,PASS
PATCH4-ASSET-00089,03_Simplified_Base_40x208_Layers_35/Boots/iron_toe_boots_base_40x208.png,305,8c45683bdbc75a974ba3fe4e9cc9ab8ad2d4e8ab3cf865df999b7ad8f74dd526,,PATCH4-1.0.0,PASS
PATCH4-ASSET-00090,03_Simplified_Base_40x208_Layers_35/Boots/leather_boots_base_40x208.png,305,76a6713de4c4883a12240181bea8737e795476172416caa848ef85c1128c5f3d,,PATCH4-1.0.0,PASS
PATCH4-ASSET-00091,03_Simplified_Base_40x208_Layers_35/Boots/straw_sandals_base_40x208.png,304,b81251f131d2c417b47d38c48d9cf3117bb10b8892c1bf949bad67c01cb3922f,,PATCH4-1.0.0,PASS
PATCH4-ASSET-00092,03_Simplified_Base_40x208_Layers_35/Boots/wind_boots_base_40x208.png,308,ab0b7286d732f69c20b57c9193ce7fde381612689c148564a42033b53eb98f2c,,PATCH4-1.0.0,PASS
PATCH4-ASSET-00093,03_Simplified_Base_40x208_Layers_35/Helmets/battle_helmet_base_40x208.png,451,a5e98f25f917eb14f8a8283719cfc9908790f6a3bfdbb18abf9dde2621707752,,PATCH4-1.0.0,PASS
PATCH4-ASSET-00094,03_Simplified_Base_40x208_Layers_35/Helmets/dragon_head_helmet_base_40x208.png,389,fd4721c7a69dbe324cd8c4b122ade0c51dd5cab9b250aa63aa9cfac0be66db74,,PATCH4-1.0.0,PASS
PATCH4-ASSET-00095,03_Simplified_Base_40x208_Layers_35/Helmets/iron_helmet_base_40x208.png,374,0b424b2882ce76ac6a6862e2bcd2877a1f842be8ee73d999dc7c12f0b7610507,,PATCH4-1.0.0,PASS
PATCH4-ASSET-00096,03_Simplified_Base_40x208_Layers_35/Helmets/knight_helmet_base_40x208.png,404,a0b004672c9a04f5a7754600f3c829d15bdd7412d461afaca5043246dfa411da,,PATCH4-1.0.0,PASS
PATCH4-ASSET-00097,03_Simplified_Base_40x208_Layers_35/Helmets/leather_cap_base_40x208.png,316,95ff35c242b6412c9ec3db97eab3596c05d450cdbadcd23ed48e0d2bbc0dbfc1,,PATCH4-1.0.0,PASS
PATCH4-ASSET-00098,03_Simplified_Base_40x208_Layers_35/Pants/chainmail_pants_base_40x208.png,364,3f9b6cf25c2ffba25a80cac8d9f8a044b398cffd0915b3b8ad2dc8feb1abfc8e,,PATCH4-1.0.0,PASS
PATCH4-ASSET-00099,03_Simplified_Base_40x208_Layers_35/Pants/cloth_pants_base_40x208.png,366,81a58ac4b844b2ce7b9a684445ec9435c1ab06276939301702d8732708217b80,,PATCH4-1.0.0,PASS
PATCH4-ASSET-00100,03_Simplified_Base_40x208_Layers_35/Pants/dragon_scale_legs_base_40x208.png,362,9e8403276840503215176616adfbdb9fa7541e0403815d6451c87e00eee94d09,,PATCH4-1.0.0,PASS
PATCH4-ASSET-00101,03_Simplified_Base_40x208_Layers_35/Pants/leather_pants_base_40x208.png,348,e727965e6055d102c32efb89959b2e249c25564fc2ca0da96c00bb0be5dd7935,,PATCH4-1.0.0,PASS
PATCH4-ASSET-00102,03_Simplified_Base_40x208_Layers_35/Pants/plate_greaves_base_40x208.png,359,ac9ccc754aa1c657ada3b1870fc497578f62cf99954d54eaa8ea6ed59c2783c0,,PATCH4-1.0.0,PASS
PATCH4-ASSET-00103,03_Simplified_Base_40x208_Layers_35/Weapons/battle_axe_base_40x208.png,590,0594471baf39f412cd8bd0d82d1069cc0db35feb66db82e66343f73833bf8669,,PATCH4-1.0.0,PASS
PATCH4-ASSET-00104,03_Simplified_Base_40x208_Layers_35/Weapons/great_axe_base_40x208.png,623,e835a747a989fc4954d876d2a5143d4b832a10e82b7cb1a1f223de68238a5ab1,,PATCH4-1.0.0,PASS
PATCH4-ASSET-00105,03_Simplified_Base_40x208_Layers_35/Weapons/great_sword_base_40x208.png,617,cd65e6e0568f9c901e0d6ff18da1df3fdd4a5cbfcbe7162a3b44923054ee831b,,PATCH4-1.0.0,PASS
PATCH4-ASSET-00106,03_Simplified_Base_40x208_Layers_35/Weapons/hand_axe_base_40x208.png,581,f99d2d5ef0084b490e47d78cd4b60f9d1fa603dee170b880eb955537795ab8e8,,PATCH4-1.0.0,PASS
PATCH4-ASSET-00107,03_Simplified_Base_40x208_Layers_35/Weapons/heavy_crossbow_base_40x208.png,338,70cea254c6835a1b0c09f6c6b90b9eafdb82eda03b6a90b3087542033f17b3e2,,PATCH4-1.0.0,PASS
PATCH4-ASSET-00108,03_Simplified_Base_40x208_Layers_35/Weapons/hunting_bow_base_40x208.png,537,d4ca35c39d9dfda6c76ca53ae0208f7c27ec072dba4aeaa332789e119ee377cf,,PATCH4-1.0.0,PASS
PATCH4-ASSET-00109,03_Simplified_Base_40x208_Layers_35/Weapons/long_sword_base_40x208.png,581,204fd453c15a642f40b2862f29c89907c134b7e5bf844be3450e917efbbbddac,,PATCH4-1.0.0,PASS
PATCH4-ASSET-00110,03_Simplified_Base_40x208_Layers_35/Weapons/longbow_base_40x208.png,554,b206ba0e109d750963c04b16028020cbc8fae9ecd219d5e658c30225dffe4732,,PATCH4-1.0.0,PASS
PATCH4-ASSET-00111,03_Simplified_Base_40x208_Layers_35/Weapons/rapier_base_40x208.png,483,5f3c0647ed9f85982c05c24daf7cc9c5bfef15a21c44a85362250d724a8ce2f7,,PATCH4-1.0.0,PASS
PATCH4-ASSET-00112,03_Simplified_Base_40x208_Layers_35/Weapons/short_sword_base_40x208.png,581,204fd453c15a642f40b2862f29c89907c134b7e5bf844be3450e917efbbbddac,,PATCH4-1.0.0,PASS
PATCH4-ASSET-00113,04_Element_Particle_Icons_175/Earth/earth_battle_axe_particles_20x20.png,89,3043cef1ee492f0abdbac00bc7ecdc4b11d406c3f6d6f3fea2b5ab9feaacf95c,,PATCH4-1.0.0,PASS
PATCH4-ASSET-00114,04_Element_Particle_Icons_175/Earth/earth_battle_helmet_particles_20x20.png,89,3043cef1ee492f0abdbac00bc7ecdc4b11d406c3f6d6f3fea2b5ab9feaacf95c,,PATCH4-1.0.0,PASS
PATCH4-ASSET-00115,04_Element_Particle_Icons_175/Earth/earth_carved_wood_amulet_particles_20x20.png,89,3043cef1ee492f0abdbac00bc7ecdc4b11d406c3f6d6f3fea2b5ab9feaacf95c,,PATCH4-1.0.0,PASS
PATCH4-ASSET-00116,04_Element_Particle_Icons_175/Earth/earth_chainmail_armor_particles_20x20.png,89,b2109c01c8d9565a39389f6503c6d6a7150066105b433f90d048bca82233886e,,PATCH4-1.0.0,PASS
PATCH4-ASSET-00117,04_Element_Particle_Icons_175/Earth/earth_chainmail_pants_particles_20x20.png,102,d64ae8ca2f618ac981f63d6038f0fb5c0f2fd40beddb10bce2ad8d4ec6088132,,PATCH4-1.0.0,PASS
PATCH4-ASSET-00118,04_Element_Particle_Icons_175/Earth/earth_cloth_armor_particles_20x20.png,90,54f8e41e24b51096e4727d26c76e2b2b1817d0767dc32eaed30a24fcf2cc7215,,PATCH4-1.0.0,PASS
PATCH4-ASSET-00119,04_Element_Particle_Icons_175/Earth/earth_cloth_pants_particles_20x20.png,102,d64ae8ca2f618ac981f63d6038f0fb5c0f2fd40beddb10bce2ad8d4ec6088132,,PATCH4-1.0.0,PASS
PATCH4-ASSET-00120,04_Element_Particle_Icons_175/Earth/earth_dragon_head_helmet_particles_20x20.png,90,ab47bfe4a957fe8b272f09d94574f3112ff96a71014ade516a88d8cc1e7455d3,,PATCH4-1.0.0,PASS
PATCH4-ASSET-00121,04_Element_Particle_Icons_175/Earth/earth_dragon_scale_armor_particles_20x20.png,90,bea976841abc65f267f7ba668d1d1631ddef17457f19091b74f50988e20780f2,,PATCH4-1.0.0,PASS
PATCH4-ASSET-00122,04_Element_Particle_Icons_175/Earth/earth_dragon_scale_legs_particles_20x20.png,102,d64ae8ca2f618ac981f63d6038f0fb5c0f2fd40beddb10bce2ad8d4ec6088132,,PATCH4-1.0.0,PASS
PATCH4-ASSET-00123,04_Element_Particle_Icons_175/Earth/earth_dragon_walk_boots_particles_20x20.png,89,b2109c01c8d9565a39389f6503c6d6a7150066105b433f90d048bca82233886e,,PATCH4-1.0.0,PASS
PATCH4-ASSET-00124,04_Element_Particle_Icons_175/Earth/earth_engraved_copper_ring_particles_20x20.png,89,d248995bb4506398c34ad6517d68993ffa77746c55455ffe3967bd6df20e0a2f,,PATCH4-1.0.0,PASS
PATCH4-ASSET-00125,04_Element_Particle_Icons_175/Earth/earth_great_axe_particles_20x20.png,89,3043cef1ee492f0abdbac00bc7ecdc4b11d406c3f6d6f3fea2b5ab9feaacf95c,,PATCH4-1.0.0,PASS
PATCH4-ASSET-00126,04_Element_Particle_Icons_175/Earth/earth_great_sword_particles_20x20.png,89,3043cef1ee492f0abdbac00bc7ecdc4b11d406c3f6d6f3fea2b5ab9feaacf95c,,PATCH4-1.0.0,PASS
PATCH4-ASSET-00127,04_Element_Particle_Icons_175/Earth/earth_hand_axe_particles_20x20.png,89,3043cef1ee492f0abdbac00bc7ecdc4b11d406c3f6d6f3fea2b5ab9feaacf95c,,PATCH4-1.0.0,PASS
PATCH4-ASSET-00128,04_Element_Particle_Icons_175/Earth/earth_heavy_crossbow_particles_20x20.png,90,ab47bfe4a957fe8b272f09d94574f3112ff96a71014ade516a88d8cc1e7455d3,,PATCH4-1.0.0,PASS
PATCH4-ASSET-00129,04_Element_Particle_Icons_175/Earth/earth_hunting_bow_particles_20x20.png,90,ca4e70d07f1c61fe5285f790b5ba950b063a78667e2ada0126df4215a14aeeb0,,PATCH4-1.0.0,PASS
PATCH4-ASSET-00130,04_Element_Particle_Icons_175/Earth/earth_iron_helmet_particles_20x20.png,90,ab47bfe4a957fe8b272f09d94574f3112ff96a71014ade516a88d8cc1e7455d3,,PATCH4-1.0.0,PASS
PATCH4-ASSET-00131,04_Element_Particle_Icons_175/Earth/earth_iron_toe_boots_particles_20x20.png,89,b2109c01c8d9565a39389f6503c6d6a7150066105b433f90d048bca82233886e,,PATCH4-1.0.0,PASS
PATCH4-ASSET-00132,04_Element_Particle_Icons_175/Earth/earth_knight_helmet_particles_20x20.png,90,ab47bfe4a957fe8b272f09d94574f3112ff96a71014ade516a88d8cc1e7455d3,,PATCH4-1.0.0,PASS
PATCH4-ASSET-00133,04_Element_Particle_Icons_175/Earth/earth_leather_armor_particles_20x20.png,90,bea976841abc65f267f7ba668d1d1631ddef17457f19091b74f50988e20780f2,,PATCH4-1.0.0,PASS
PATCH4-ASSET-00134,04_Element_Particle_Icons_175/Earth/earth_leather_boots_particles_20x20.png,89,b2109c01c8d9565a39389f6503c6d6a7150066105b433f90d048bca82233886e,,PATCH4-1.0.0,PASS
PATCH4-ASSET-00135,04_Element_Particle_Icons_175/Earth/earth_leather_cap_particles_20x20.png,90,a4cf9806ab2331566886aef98b301606b6d4797cffd1000018213107506f8758,,PATCH4-1.0.0,PASS
PATCH4-ASSET-00136,04_Element_Particle_Icons_175/Earth/earth_leather_pants_particles_20x20.png,102,d64ae8ca2f618ac981f63d6038f0fb5c0f2fd40beddb10bce2ad8d4ec6088132,,PATCH4-1.0.0,PASS
PATCH4-ASSET-00137,04_Element_Particle_Icons_175/Earth/earth_long_sword_particles_20x20.png,89,3043cef1ee492f0abdbac00bc7ecdc4b11d406c3f6d6f3fea2b5ab9feaacf95c,,PATCH4-1.0.0,PASS
PATCH4-ASSET-00138,04_Element_Particle_Icons_175/Earth/earth_longbow_particles_20x20.png,90,5d4e72ef4b74e195798fb798acab12b63c133cb04050311e299878ed1fefb53b,,PATCH4-1.0.0,PASS
PATCH4-ASSET-00139,04_Element_Particle_Icons_175/Earth/earth_plate_armor_particles_20x20.png,90,bea976841abc65f267f7ba668d1d1631ddef17457f19091b74f50988e20780f2,,PATCH4-1.0.0,PASS
PATCH4-ASSET-00140,04_Element_Particle_Icons_175/Earth/earth_plate_greaves_particles_20x20.png,102,d64ae8ca2f618ac981f63d6038f0fb5c0f2fd40beddb10bce2ad8d4ec6088132,,PATCH4-1.0.0,PASS
PATCH4-ASSET-00141,04_Element_Particle_Icons_175/Earth/earth_rapier_particles_20x20.png,89,3043cef1ee492f0abdbac00bc7ecdc4b11d406c3f6d6f3fea2b5ab9feaacf95c,,PATCH4-1.0.0,PASS
PATCH4-ASSET-00142,04_Element_Particle_Icons_175/Earth/earth_sacred_relic_particles_20x20.png,90,dd19c0585b49d8dc10417acd6bc663bd9f58e71dca5764569a7ea5322db74b1f,,PATCH4-1.0.0,PASS
PATCH4-ASSET-00143,04_Element_Particle_Icons_175/Earth/earth_short_sword_particles_20x20.png,89,3043cef1ee492f0abdbac00bc7ecdc4b11d406c3f6d6f3fea2b5ab9feaacf95c,,PATCH4-1.0.0,PASS
PATCH4-ASSET-00144,04_Element_Particle_Icons_175/Earth/earth_silver_badge_particles_20x20.png,89,d248995bb4506398c34ad6517d68993ffa77746c55455ffe3967bd6df20e0a2f,,PATCH4-1.0.0,PASS
PATCH4-ASSET-00145,04_Element_Particle_Icons_175/Earth/earth_straw_sandals_particles_20x20.png,89,b2109c01c8d9565a39389f6503c6d6a7150066105b433f90d048bca82233886e,,PATCH4-1.0.0,PASS
PATCH4-ASSET-00146,04_Element_Particle_Icons_175/Earth/earth_whisper_orb_particles_20x20.png,90,ca4e70d07f1c61fe5285f790b5ba950b063a78667e2ada0126df4215a14aeeb0,,PATCH4-1.0.0,PASS
PATCH4-ASSET-00147,04_Element_Particle_Icons_175/Earth/earth_wind_boots_particles_20x20.png,89,b2109c01c8d9565a39389f6503c6d6a7150066105b433f90d048bca82233886e,,PATCH4-1.0.0,PASS
PATCH4-ASSET-00148,04_Element_Particle_Icons_175/Element_Particle_Register_175.csv,54262,7f939196a061c3abe4c2f459eac115e449985b8486dcd8d7b26d96883c3f6278,,PATCH4-1.0.0,PASS
PATCH4-ASSET-00149,04_Element_Particle_Icons_175/Fire/fire_battle_axe_particles_20x20.png,97,1b058caeb2b6dd68de7edfb01d5151f63196ac041acb27fd80fef01e3c50c0d5,,PATCH4-1.0.0,PASS
PATCH4-ASSET-00150,04_Element_Particle_Icons_175/Fire/fire_battle_helmet_particles_20x20.png,97,1b058caeb2b6dd68de7edfb01d5151f63196ac041acb27fd80fef01e3c50c0d5,,PATCH4-1.0.0,PASS
PATCH4-ASSET-00151,04_Element_Particle_Icons_175/Fire/fire_carved_wood_amulet_particles_20x20.png,97,45ba97f6bca20f6024ade26b4bc3d587357e55b241154ca498c725ca7a8c9b56,,PATCH4-1.0.0,PASS
PATCH4-ASSET-00152,04_Element_Particle_Icons_175/Fire/fire_chainmail_armor_particles_20x20.png,97,1b058caeb2b6dd68de7edfb01d5151f63196ac041acb27fd80fef01e3c50c0d5,,PATCH4-1.0.0,PASS
PATCH4-ASSET-00153,04_Element_Particle_Icons_175/Fire/fire_chainmail_pants_particles_20x20.png,97,45ba97f6bca20f6024ade26b4bc3d587357e55b241154ca498c725ca7a8c9b56,,PATCH4-1.0.0,PASS
PATCH4-ASSET-00154,04_Element_Particle_Icons_175/Fire/fire_cloth_armor_particles_20x20.png,97,f56ca4f287a7c782ae6bffb2a7f3c4596354094a9926588ae0c9479f2f34e5c6,,PATCH4-1.0.0,PASS
PATCH4-ASSET-00155,04_Element_Particle_Icons_175/Fire/fire_cloth_pants_particles_20x20.png,97,45ba97f6bca20f6024ade26b4bc3d587357e55b241154ca498c725ca7a8c9b56,,PATCH4-1.0.0,PASS
PATCH4-ASSET-00156,04_Element_Particle_Icons_175/Fire/fire_dragon_head_helmet_particles_20x20.png,97,1b058caeb2b6dd68de7edfb01d5151f63196ac041acb27fd80fef01e3c50c0d5,,PATCH4-1.0.0,PASS
PATCH4-ASSET-00157,04_Element_Particle_Icons_175/Fire/fire_dragon_scale_armor_particles_20x20.png,97,1b058caeb2b6dd68de7edfb01d5151f63196ac041acb27fd80fef01e3c50c0d5,,PATCH4-1.0.0,PASS
PATCH4-ASSET-00158,04_Element_Particle_Icons_175/Fire/fire_dragon_scale_legs_particles_20x20.png,97,45ba97f6bca20f6024ade26b4bc3d587357e55b241154ca498c725ca7a8c9b56,,PATCH4-1.0.0,PASS
PATCH4-ASSET-00159,04_Element_Particle_Icons_175/Fire/fire_dragon_walk_boots_particles_20x20.png,97,d191c8aa90ec4098d61ba6c54408f1f0327753a7a519212c8c1a6b21d77c2b00,,PATCH4-1.0.0,PASS
PATCH4-ASSET-00160,04_Element_Particle_Icons_175/Fire/fire_engraved_copper_ring_particles_20x20.png,97,45ba97f6bca20f6024ade26b4bc3d587357e55b241154ca498c725ca7a8c9b56,,PATCH4-1.0.0,PASS
PATCH4-ASSET-00161,04_Element_Particle_Icons_175/Fire/fire_great_axe_particles_20x20.png,97,0fe299bcb7536d7698688f07385aa6f3e95f08f9830717dad7e6d9b6bb401f1a,,PATCH4-1.0.0,PASS
PATCH4-ASSET-00162,04_Element_Particle_Icons_175/Fire/fire_great_sword_particles_20x20.png,97,45ba97f6bca20f6024ade26b4bc3d587357e55b241154ca498c725ca7a8c9b56,,PATCH4-1.0.0,PASS
PATCH4-ASSET-00163,04_Element_Particle_Icons_175/Fire/fire_hand_axe_particles_20x20.png,97,45ba97f6bca20f6024ade26b4bc3d587357e55b241154ca498c725ca7a8c9b56,,PATCH4-1.0.0,PASS
PATCH4-ASSET-00164,04_Element_Particle_Icons_175/Fire/fire_heavy_crossbow_particles_20x20.png,97,0fe299bcb7536d7698688f07385aa6f3e95f08f9830717dad7e6d9b6bb401f1a,,PATCH4-1.0.0,PASS
PATCH4-ASSET-00165,04_Element_Particle_Icons_175/Fire/fire_hunting_bow_particles_20x20.png,97,08fe08df87f4bdba8ead0d6c773a06c41748faa76cba7fdf7a655be4e708b900,,PATCH4-1.0.0,PASS
PATCH4-ASSET-00166,04_Element_Particle_Icons_175/Fire/fire_iron_helmet_particles_20x20.png,97,1b058caeb2b6dd68de7edfb01d5151f63196ac041acb27fd80fef01e3c50c0d5,,PATCH4-1.0.0,PASS
PATCH4-ASSET-00167,04_Element_Particle_Icons_175/Fire/fire_iron_toe_boots_particles_20x20.png,97,d191c8aa90ec4098d61ba6c54408f1f0327753a7a519212c8c1a6b21d77c2b00,,PATCH4-1.0.0,PASS
PATCH4-ASSET-00168,04_Element_Particle_Icons_175/Fire/fire_knight_helmet_particles_20x20.png,97,1b058caeb2b6dd68de7edfb01d5151f63196ac041acb27fd80fef01e3c50c0d5,,PATCH4-1.0.0,PASS
PATCH4-ASSET-00169,04_Element_Particle_Icons_175/Fire/fire_leather_armor_particles_20x20.png,97,1b058caeb2b6dd68de7edfb01d5151f63196ac041acb27fd80fef01e3c50c0d5,,PATCH4-1.0.0,PASS
PATCH4-ASSET-00170,04_Element_Particle_Icons_175/Fire/fire_leather_boots_particles_20x20.png,97,d191c8aa90ec4098d61ba6c54408f1f0327753a7a519212c8c1a6b21d77c2b00,,PATCH4-1.0.0,PASS
PATCH4-ASSET-00171,04_Element_Particle_Icons_175/Fire/fire_leather_cap_particles_20x20.png,97,45ba97f6bca20f6024ade26b4bc3d587357e55b241154ca498c725ca7a8c9b56,,PATCH4-1.0.0,PASS
PATCH4-ASSET-00172,04_Element_Particle_Icons_175/Fire/fire_leather_pants_particles_20x20.png,97,45ba97f6bca20f6024ade26b4bc3d587357e55b241154ca498c725ca7a8c9b56,,PATCH4-1.0.0,PASS
PATCH4-ASSET-00173,04_Element_Particle_Icons_175/Fire/fire_long_sword_particles_20x20.png,97,15ed8d3834b8e2bfde9f9c80cbb3a2b0360ae468f731377b8de2f5e6c20ffa6f,,PATCH4-1.0.0,PASS
PATCH4-ASSET-00174,04_Element_Particle_Icons_175/Fire/fire_longbow_particles_20x20.png,97,d65180865033246bcb26d9bce663dc1e40cbdfda84cb9ccbb22bec9c8440adb8,,PATCH4-1.0.0,PASS
PATCH4-ASSET-00175,04_Element_Particle_Icons_175/Fire/fire_plate_armor_particles_20x20.png,97,80ead6e948d4ffd4a9faa7596084bc1776d9d5e83638fb914e4bec925e756d23,,PATCH4-1.0.0,PASS
PATCH4-ASSET-00176,04_Element_Particle_Icons_175/Fire/fire_plate_greaves_particles_20x20.png,97,45ba97f6bca20f6024ade26b4bc3d587357e55b241154ca498c725ca7a8c9b56,,PATCH4-1.0.0,PASS
PATCH4-ASSET-00177,04_Element_Particle_Icons_175/Fire/fire_rapier_particles_20x20.png,97,15ed8d3834b8e2bfde9f9c80cbb3a2b0360ae468f731377b8de2f5e6c20ffa6f,,PATCH4-1.0.0,PASS
PATCH4-ASSET-00178,04_Element_Particle_Icons_175/Fire/fire_sacred_relic_particles_20x20.png,97,45ba97f6bca20f6024ade26b4bc3d587357e55b241154ca498c725ca7a8c9b56,,PATCH4-1.0.0,PASS
PATCH4-ASSET-00179,04_Element_Particle_Icons_175/Fire/fire_short_sword_particles_20x20.png,97,15ed8d3834b8e2bfde9f9c80cbb3a2b0360ae468f731377b8de2f5e6c20ffa6f,,PATCH4-1.0.0,PASS
PATCH4-ASSET-00180,04_Element_Particle_Icons_175/Fire/fire_silver_badge_particles_20x20.png,97,45ba97f6bca20f6024ade26b4bc3d587357e55b241154ca498c725ca7a8c9b56,,PATCH4-1.0.0,PASS
PATCH4-ASSET-00181,04_Element_Particle_Icons_175/Fire/fire_straw_sandals_particles_20x20.png,97,d191c8aa90ec4098d61ba6c54408f1f0327753a7a519212c8c1a6b21d77c2b00,,PATCH4-1.0.0,PASS
PATCH4-ASSET-00182,04_Element_Particle_Icons_175/Fire/fire_whisper_orb_particles_20x20.png,97,45ba97f6bca20f6024ade26b4bc3d587357e55b241154ca498c725ca7a8c9b56,,PATCH4-1.0.0,PASS
PATCH4-ASSET-00183,04_Element_Particle_Icons_175/Fire/fire_wind_boots_particles_20x20.png,97,d191c8aa90ec4098d61ba6c54408f1f0327753a7a519212c8c1a6b21d77c2b00,,PATCH4-1.0.0,PASS
PATCH4-ASSET-00184,04_Element_Particle_Icons_175/Metal/metal_battle_axe_particles_20x20.png,100,15988b2735c6511572ac601303bbcb087562e180788536c93aac16c74ea77f14,,PATCH4-1.0.0,PASS
PATCH4-ASSET-00185,04_Element_Particle_Icons_175/Metal/metal_battle_helmet_particles_20x20.png,100,15988b2735c6511572ac601303bbcb087562e180788536c93aac16c74ea77f14,,PATCH4-1.0.0,PASS
PATCH4-ASSET-00186,04_Element_Particle_Icons_175/Metal/metal_carved_wood_amulet_particles_20x20.png,100,fbdf97eb79366aef22ee5604c0d7b7f4fc00cfaf6febe5f6c86508e69f82d986,,PATCH4-1.0.0,PASS
PATCH4-ASSET-00187,04_Element_Particle_Icons_175/Metal/metal_chainmail_armor_particles_20x20.png,100,05adbb4ca0128a59e30608a3f7d74552bef5a567976601033bca66fb77405a13,,PATCH4-1.0.0,PASS
PATCH4-ASSET-00188,04_Element_Particle_Icons_175/Metal/metal_chainmail_pants_particles_20x20.png,100,fbdf97eb79366aef22ee5604c0d7b7f4fc00cfaf6febe5f6c86508e69f82d986,,PATCH4-1.0.0,PASS
PATCH4-ASSET-00189,04_Element_Particle_Icons_175/Metal/metal_cloth_armor_particles_20x20.png,100,fbdf97eb79366aef22ee5604c0d7b7f4fc00cfaf6febe5f6c86508e69f82d986,,PATCH4-1.0.0,PASS
PATCH4-ASSET-00190,04_Element_Particle_Icons_175/Metal/metal_cloth_pants_particles_20x20.png,100,fbdf97eb79366aef22ee5604c0d7b7f4fc00cfaf6febe5f6c86508e69f82d986,,PATCH4-1.0.0,PASS
PATCH4-ASSET-00191,04_Element_Particle_Icons_175/Metal/metal_dragon_head_helmet_particles_20x20.png,100,05adbb4ca0128a59e30608a3f7d74552bef5a567976601033bca66fb77405a13,,PATCH4-1.0.0,PASS
PATCH4-ASSET-00192,04_Element_Particle_Icons_175/Metal/metal_dragon_scale_armor_particles_20x20.png,100,05adbb4ca0128a59e30608a3f7d74552bef5a567976601033bca66fb77405a13,,PATCH4-1.0.0,PASS
PATCH4-ASSET-00193,04_Element_Particle_Icons_175/Metal/metal_dragon_scale_legs_particles_20x20.png,100,fbdf97eb79366aef22ee5604c0d7b7f4fc00cfaf6febe5f6c86508e69f82d986,,PATCH4-1.0.0,PASS
PATCH4-ASSET-00194,04_Element_Particle_Icons_175/Metal/metal_dragon_walk_boots_particles_20x20.png,100,4e73f836a316dc62b00b88ef93272dfc2239fc2a2bfe08e51632c7b331f3d832,,PATCH4-1.0.0,PASS
PATCH4-ASSET-00195,04_Element_Particle_Icons_175/Metal/metal_engraved_copper_ring_particles_20x20.png,100,fbdf97eb79366aef22ee5604c0d7b7f4fc00cfaf6febe5f6c86508e69f82d986,,PATCH4-1.0.0,PASS
PATCH4-ASSET-00196,04_Element_Particle_Icons_175/Metal/metal_great_axe_particles_20x20.png,100,4e73f836a316dc62b00b88ef93272dfc2239fc2a2bfe08e51632c7b331f3d832,,PATCH4-1.0.0,PASS
PATCH4-ASSET-00197,04_Element_Particle_Icons_175/Metal/metal_great_sword_particles_20x20.png,100,fbdf97eb79366aef22ee5604c0d7b7f4fc00cfaf6febe5f6c86508e69f82d986,,PATCH4-1.0.0,PASS
PATCH4-ASSET-00198,04_Element_Particle_Icons_175/Metal/metal_hand_axe_particles_20x20.png,100,fbdf97eb79366aef22ee5604c0d7b7f4fc00cfaf6febe5f6c86508e69f82d986,,PATCH4-1.0.0,PASS
PATCH4-ASSET-00199,04_Element_Particle_Icons_175/Metal/metal_heavy_crossbow_particles_20x20.png,100,15988b2735c6511572ac601303bbcb087562e180788536c93aac16c74ea77f14,,PATCH4-1.0.0,PASS
PATCH4-ASSET-00200,04_Element_Particle_Icons_175/Metal/metal_hunting_bow_particles_20x20.png,100,5085fc7c2c76c3626b8757c9077839a6adfaf73c2581c238b452062862f971e0,,PATCH4-1.0.0,PASS
PATCH4-ASSET-00201,04_Element_Particle_Icons_175/Metal/metal_iron_helmet_particles_20x20.png,100,15988b2735c6511572ac601303bbcb087562e180788536c93aac16c74ea77f14,,PATCH4-1.0.0,PASS
PATCH4-ASSET-00202,04_Element_Particle_Icons_175/Metal/metal_iron_toe_boots_particles_20x20.png,100,4e73f836a316dc62b00b88ef93272dfc2239fc2a2bfe08e51632c7b331f3d832,,PATCH4-1.0.0,PASS
PATCH4-ASSET-00203,04_Element_Particle_Icons_175/Metal/metal_knight_helmet_particles_20x20.png,100,15988b2735c6511572ac601303bbcb087562e180788536c93aac16c74ea77f14,,PATCH4-1.0.0,PASS
PATCH4-ASSET-00204,04_Element_Particle_Icons_175/Metal/metal_leather_armor_particles_20x20.png,100,15988b2735c6511572ac601303bbcb087562e180788536c93aac16c74ea77f14,,PATCH4-1.0.0,PASS
PATCH4-ASSET-00205,04_Element_Particle_Icons_175/Metal/metal_leather_boots_particles_20x20.png,100,4e73f836a316dc62b00b88ef93272dfc2239fc2a2bfe08e51632c7b331f3d832,,PATCH4-1.0.0,PASS
PATCH4-ASSET-00206,04_Element_Particle_Icons_175/Metal/metal_leather_cap_particles_20x20.png,100,fbdf97eb79366aef22ee5604c0d7b7f4fc00cfaf6febe5f6c86508e69f82d986,,PATCH4-1.0.0,PASS
PATCH4-ASSET-00207,04_Element_Particle_Icons_175/Metal/metal_leather_pants_particles_20x20.png,100,fbdf97eb79366aef22ee5604c0d7b7f4fc00cfaf6febe5f6c86508e69f82d986,,PATCH4-1.0.0,PASS
PATCH4-ASSET-00208,04_Element_Particle_Icons_175/Metal/metal_long_sword_particles_20x20.png,100,1d2dac23cc920d771569369c3889c15fd4d593d79e61994ad4a20c8920a113fe,,PATCH4-1.0.0,PASS
PATCH4-ASSET-00209,04_Element_Particle_Icons_175/Metal/metal_longbow_particles_20x20.png,100,8d469bd8bc992329939cad5a242849bbe9863d09a227eaf5337a10691b2f9ecc,,PATCH4-1.0.0,PASS
PATCH4-ASSET-00210,04_Element_Particle_Icons_175/Metal/metal_plate_armor_particles_20x20.png,100,15988b2735c6511572ac601303bbcb087562e180788536c93aac16c74ea77f14,,PATCH4-1.0.0,PASS
PATCH4-ASSET-00211,04_Element_Particle_Icons_175/Metal/metal_plate_greaves_particles_20x20.png,100,fbdf97eb79366aef22ee5604c0d7b7f4fc00cfaf6febe5f6c86508e69f82d986,,PATCH4-1.0.0,PASS
PATCH4-ASSET-00212,04_Element_Particle_Icons_175/Metal/metal_rapier_particles_20x20.png,100,1d2dac23cc920d771569369c3889c15fd4d593d79e61994ad4a20c8920a113fe,,PATCH4-1.0.0,PASS
PATCH4-ASSET-00213,04_Element_Particle_Icons_175/Metal/metal_sacred_relic_particles_20x20.png,100,fbdf97eb79366aef22ee5604c0d7b7f4fc00cfaf6febe5f6c86508e69f82d986,,PATCH4-1.0.0,PASS
PATCH4-ASSET-00214,04_Element_Particle_Icons_175/Metal/metal_short_sword_particles_20x20.png,100,1d2dac23cc920d771569369c3889c15fd4d593d79e61994ad4a20c8920a113fe,,PATCH4-1.0.0,PASS
PATCH4-ASSET-00215,04_Element_Particle_Icons_175/Metal/metal_silver_badge_particles_20x20.png,100,fbdf97eb79366aef22ee5604c0d7b7f4fc00cfaf6febe5f6c86508e69f82d986,,PATCH4-1.0.0,PASS
PATCH4-ASSET-00216,04_Element_Particle_Icons_175/Metal/metal_straw_sandals_particles_20x20.png,100,4e73f836a316dc62b00b88ef93272dfc2239fc2a2bfe08e51632c7b331f3d832,,PATCH4-1.0.0,PASS
PATCH4-ASSET-00217,04_Element_Particle_Icons_175/Metal/metal_whisper_orb_particles_20x20.png,100,fbdf97eb79366aef22ee5604c0d7b7f4fc00cfaf6febe5f6c86508e69f82d986,,PATCH4-1.0.0,PASS
PATCH4-ASSET-00218,04_Element_Particle_Icons_175/Metal/metal_wind_boots_particles_20x20.png,100,4e73f836a316dc62b00b88ef93272dfc2239fc2a2bfe08e51632c7b331f3d832,,PATCH4-1.0.0,PASS
PATCH4-ASSET-00219,04_Element_Particle_Icons_175/Particle_Contact_Sheets/accessory_earth_final_color_4x.png,4273,e24e7428444a265d4c6f185ad3a6640f51384d30594bfb645c3aad923b853d25,,PATCH4-1.0.0,PASS
PATCH4-ASSET-00220,04_Element_Particle_Icons_175/Particle_Contact_Sheets/accessory_earth_final_grayscale_4x.png,4153,1bfbf666156b156e9d6dcbf29143f3484acd70b6a85b51e7166a008922aac7a9,,PATCH4-1.0.0,PASS
PATCH4-ASSET-00221,04_Element_Particle_Icons_175/Particle_Contact_Sheets/accessory_earth_particles_8x.png,4017,942b9a4d7547a524f39b2f285ef7619296d6351dc5130a4e64beaf8ff0c6e433,,PATCH4-1.0.0,PASS
PATCH4-ASSET-00222,04_Element_Particle_Icons_175/Particle_Contact_Sheets/accessory_fire_final_color_4x.png,4311,7ffdceff4cdd13d479f71051ad1ea4fdd9bc28fd90b304cc885f3f1af97a3216,,PATCH4-1.0.0,PASS
PATCH4-ASSET-00223,04_Element_Particle_Icons_175/Particle_Contact_Sheets/accessory_fire_final_grayscale_4x.png,4176,b5ce3726daecaede400feccb4a81c4eccc6a945622c11978c93fb8e4352d4178,,PATCH4-1.0.0,PASS
PATCH4-ASSET-00224,04_Element_Particle_Icons_175/Particle_Contact_Sheets/accessory_fire_particles_8x.png,4052,c0aa57d3b2cfc764280440ef851f4c24a9e253fd2ad144613fe3346dada99490,,PATCH4-1.0.0,PASS
PATCH4-ASSET-00225,04_Element_Particle_Icons_175/Particle_Contact_Sheets/accessory_metal_final_color_4x.png,4298,83217ccbdc9ae4418a54038ce09670b4fd61995b0050640833cd825b40dc863e,,PATCH4-1.0.0,PASS
PATCH4-ASSET-00226,04_Element_Particle_Icons_175/Particle_Contact_Sheets/accessory_metal_final_grayscale_4x.png,4172,63878a3f41a7773dbb41cfb05b92f0526c17d4c7028e979a54eb52d013ed2710,,PATCH4-1.0.0,PASS
PATCH4-ASSET-00227,04_Element_Particle_Icons_175/Particle_Contact_Sheets/accessory_metal_particles_8x.png,4023,b4547e4cb7c1add488d9e9aa61522bb0b175515316c06932e7e243fc46076e7b,,PATCH4-1.0.0,PASS
PATCH4-ASSET-00228,04_Element_Particle_Icons_175/Particle_Contact_Sheets/accessory_water_final_color_4x.png,4321,eafb20b6db97ac3344e4ffe44ff16a25e3d76dc4df3f85686f0154ec83bc1d10,,PATCH4-1.0.0,PASS
PATCH4-ASSET-00229,04_Element_Particle_Icons_175/Particle_Contact_Sheets/accessory_water_final_grayscale_4x.png,4189,31e15e67c87d9de6b2cb5370bc61df37de0e61b802c0463b2f8c29b7c35f4092,,PATCH4-1.0.0,PASS
PATCH4-ASSET-00230,04_Element_Particle_Icons_175/Particle_Contact_Sheets/accessory_water_particles_8x.png,4069,e1d1e85d717a0c1d4d71516d4f741a086566cd76a5fd8bbd712c15594d8dd057,,PATCH4-1.0.0,PASS
PATCH4-ASSET-00231,04_Element_Particle_Icons_175/Particle_Contact_Sheets/accessory_wood_final_color_4x.png,4289,63d7f46cbbed20a54260352b6e6030c4b298381b2a3e65105e4aeebd484be07e,,PATCH4-1.0.0,PASS
PATCH4-ASSET-00232,04_Element_Particle_Icons_175/Particle_Contact_Sheets/accessory_wood_final_grayscale_4x.png,4169,7b1cd3a8d591de7de8e7842d6c28b09941f8e24cf4376ca2813426dde67e313e,,PATCH4-1.0.0,PASS
PATCH4-ASSET-00233,04_Element_Particle_Icons_175/Particle_Contact_Sheets/accessory_wood_particles_8x.png,4025,623258f06840461f2b7abdf0ddb37d17b6cdd4ee82d432850f16f5a4286eaee4,,PATCH4-1.0.0,PASS
PATCH4-ASSET-00234,04_Element_Particle_Icons_175/Particle_Contact_Sheets/armor_earth_final_color_4x.png,3611,5e416cf1b3dc76ed349e74fd474b0ab274889445a595dabe016a888e8499f340,,PATCH4-1.0.0,PASS
PATCH4-ASSET-00235,04_Element_Particle_Icons_175/Particle_Contact_Sheets/armor_earth_final_grayscale_4x.png,3484,5c23b1ccf3e2b50260209e32c9abbdaedbd0b560ee799c7d382f5b8bffe37145,,PATCH4-1.0.0,PASS
PATCH4-ASSET-00236,04_Element_Particle_Icons_175/Particle_Contact_Sheets/armor_earth_particles_8x.png,3267,865d64f2bf2e910d041a069c13030f2062bffb87dacad27e77389be27c148522,,PATCH4-1.0.0,PASS
PATCH4-ASSET-00237,04_Element_Particle_Icons_175/Particle_Contact_Sheets/armor_fire_final_color_4x.png,3642,1f2cd74aaed8e9f200669e4ab74da755e5bb27e62d69bf4962a5af9bfb557c16,,PATCH4-1.0.0,PASS
PATCH4-ASSET-00238,04_Element_Particle_Icons_175/Particle_Contact_Sheets/armor_fire_final_grayscale_4x.png,3518,07fa42c3b619093d6255ed3339cdc4721c654d55c1a9a049d5d3389eb3a2cabb,,PATCH4-1.0.0,PASS
PATCH4-ASSET-00239,04_Element_Particle_Icons_175/Particle_Contact_Sheets/armor_fire_particles_8x.png,3318,8cd296f2c97a6945b3627129783eeac9e8366b3e2e189b2aa724c576dce08e7e,,PATCH4-1.0.0,PASS
PATCH4-ASSET-00240,04_Element_Particle_Icons_175/Particle_Contact_Sheets/armor_metal_final_color_4x.png,3609,558239241d024f7a1426411507bbb483b8f88625e3b0f9bdb2274dd9808560f3,,PATCH4-1.0.0,PASS
PATCH4-ASSET-00241,04_Element_Particle_Icons_175/Particle_Contact_Sheets/armor_metal_final_grayscale_4x.png,3493,187307dde35d37411cdb8f49134571943f1faaec27804bfa048efb2444ae6bfe,,PATCH4-1.0.0,PASS
PATCH4-ASSET-00242,04_Element_Particle_Icons_175/Particle_Contact_Sheets/armor_metal_particles_8x.png,3244,4464a15101524fa5d8bb85b714c6b5f34fe2702bedb156ab55b5a0b61825d2bf,,PATCH4-1.0.0,PASS
PATCH4-ASSET-00243,04_Element_Particle_Icons_175/Particle_Contact_Sheets/armor_water_final_color_4x.png,3608,abb633b068e9b8b4ef820501f1f5ff7efa09dabc083ab3f127017c22beca315c,,PATCH4-1.0.0,PASS
PATCH4-ASSET-00244,04_Element_Particle_Icons_175/Particle_Contact_Sheets/armor_water_final_grayscale_4x.png,3482,5c41f0ab6cc1586a6fad7f61d29c742b91f68a460c7d6040971a7ad83ff71dd1,,PATCH4-1.0.0,PASS
PATCH4-ASSET-00245,04_Element_Particle_Icons_175/Particle_Contact_Sheets/armor_water_particles_8x.png,3281,aa43cb39747e8e48e50e97a9790805587fa4ab2bee48bb11e73870cb21fdac32,,PATCH4-1.0.0,PASS
PATCH4-ASSET-00246,04_Element_Particle_Icons_175/Particle_Contact_Sheets/armor_wood_final_color_4x.png,3584,3872dbcee200597bd06af240243979b1da8649b5395fd0f7c6418bf14490f288,,PATCH4-1.0.0,PASS
PATCH4-ASSET-00247,04_Element_Particle_Icons_175/Particle_Contact_Sheets/armor_wood_final_grayscale_4x.png,3456,1861171cfa8f667ebd9efd11972298fa19c7cc6713eb3c46b333a6b1afacb975,,PATCH4-1.0.0,PASS
PATCH4-ASSET-00248,04_Element_Particle_Icons_175/Particle_Contact_Sheets/armor_wood_particles_8x.png,3236,3f60aa09a3247c1445b41823a79d15eec0dc92eb78e348692d456226ec7afd4a,,PATCH4-1.0.0,PASS
PATCH4-ASSET-00249,04_Element_Particle_Icons_175/Particle_Contact_Sheets/boots_earth_final_color_4x.png,3508,bdd72abed0e460e081467c0b88f783d2f80dac476c9733d0ff3955e517d55cdb,,PATCH4-1.0.0,PASS
PATCH4-ASSET-00250,04_Element_Particle_Icons_175/Particle_Contact_Sheets/boots_earth_final_grayscale_4x.png,3413,4802611b99a71477c554cd0d406f7def8fd233e1a486cabde73cd6ead3e4cb0f,,PATCH4-1.0.0,PASS
PATCH4-ASSET-00251,04_Element_Particle_Icons_175/Particle_Contact_Sheets/boots_earth_particles_8x.png,3349,704fcdecfbcadc80fcb4f5e7dd3a54428a112131c6eee3bf68feabf4c466e9aa,,PATCH4-1.0.0,PASS
PATCH4-ASSET-00252,04_Element_Particle_Icons_175/Particle_Contact_Sheets/boots_fire_final_color_4x.png,3518,c2549bc08dd852833e30966892b12d262c74172c759106acf5a98fda2bdf8507,,PATCH4-1.0.0,PASS
PATCH4-ASSET-00253,04_Element_Particle_Icons_175/Particle_Contact_Sheets/boots_fire_final_grayscale_4x.png,3418,5b81c8f2df11313ea9d8bcfc9cd40bd65db60845387a3c4fe13930c076e1fa43,,PATCH4-1.0.0,PASS
PATCH4-ASSET-00254,04_Element_Particle_Icons_175/Particle_Contact_Sheets/boots_fire_particles_8x.png,3377,e51209a51937182d224463d10bc284c61cb233e4acd8130e8d37cfab75548949,,PATCH4-1.0.0,PASS
PATCH4-ASSET-00255,04_Element_Particle_Icons_175/Particle_Contact_Sheets/boots_metal_final_color_4x.png,3490,502c58416f055afd51069a7f16b4a7659e75f28367da3273fe3d5bf2af5ba25b,,PATCH4-1.0.0,PASS
PATCH4-ASSET-00256,04_Element_Particle_Icons_175/Particle_Contact_Sheets/boots_metal_final_grayscale_4x.png,3394,59cf143e37c3970453bec1b7f177217a840c3656796a9ed54e93addc7e568f93,,PATCH4-1.0.0,PASS
PATCH4-ASSET-00257,04_Element_Particle_Icons_175/Particle_Contact_Sheets/boots_metal_particles_8x.png,3357,d41a329aa92e3cf5e9cc23376055b3817bed42fe72f1a8b732c575f9e5fadc06,,PATCH4-1.0.0,PASS
PATCH4-ASSET-00258,04_Element_Particle_Icons_175/Particle_Contact_Sheets/boots_water_final_color_4x.png,3546,a78f6d2de243c7bd984af08258d8166394996fe889c0f4364a4bb498dcd9bd48,,PATCH4-1.0.0,PASS
PATCH4-ASSET-00259,04_Element_Particle_Icons_175/Particle_Contact_Sheets/boots_water_final_grayscale_4x.png,3448,7a99cdd4c3f3bb01f52f99414c134f34c8d11a600ea6de47a390479054345a06,,PATCH4-1.0.0,PASS
PATCH4-ASSET-00260,04_Element_Particle_Icons_175/Particle_Contact_Sheets/boots_water_particles_8x.png,3404,5fe33bf1fba89a8ecef0bdbe76ffa09f0d90c72afc57e1a72dd4e6b7fd1764f7,,PATCH4-1.0.0,PASS
PATCH4-ASSET-00261,04_Element_Particle_Icons_175/Particle_Contact_Sheets/boots_wood_final_color_4x.png,3488,464cc21bae554a8c96e10a15a5c0fad048093107fb4330023adf07fc0579fd03,,PATCH4-1.0.0,PASS
PATCH4-ASSET-00262,04_Element_Particle_Icons_175/Particle_Contact_Sheets/boots_wood_final_grayscale_4x.png,3385,c7799abb33172cba98a88660a2a83dcdad7240767cf8399099975104eac3c944,,PATCH4-1.0.0,PASS
PATCH4-ASSET-00263,04_Element_Particle_Icons_175/Particle_Contact_Sheets/boots_wood_particles_8x.png,3360,fcf642cec16ba5f3aeb8f8410be0ae3b0b6c297e661ff60a82d0a0e822d722a7,,PATCH4-1.0.0,PASS
PATCH4-ASSET-00264,04_Element_Particle_Icons_175/Particle_Contact_Sheets/helmet_earth_final_color_4x.png,3466,0798f05ff04b4c7e63416323cb988884e52d5048628975b267c7c4502f5dd1ce,,PATCH4-1.0.0,PASS
PATCH4-ASSET-00265,04_Element_Particle_Icons_175/Particle_Contact_Sheets/helmet_earth_final_grayscale_4x.png,3365,c37773d1651c8ddb863d5c8dee24053398f61c3a34e493ad5b33adef864da393,,PATCH4-1.0.0,PASS
PATCH4-ASSET-00266,04_Element_Particle_Icons_175/Particle_Contact_Sheets/helmet_earth_particles_8x.png,3315,0caff2c301bb63af1346e03157a3d87ddf06478eb7bcf0e205a44f4d9559897d,,PATCH4-1.0.0,PASS
PATCH4-ASSET-00267,04_Element_Particle_Icons_175/Particle_Contact_Sheets/helmet_fire_final_color_4x.png,3482,e66403399c342a8cad53f2b2d8414fa75c2054277d0dc3c26e579735d2961511,,PATCH4-1.0.0,PASS
PATCH4-ASSET-00268,04_Element_Particle_Icons_175/Particle_Contact_Sheets/helmet_fire_final_grayscale_4x.png,3375,335027e6ebdc3ab50573b450243919f237f01b59a0da3a1470b632c88720058b,,PATCH4-1.0.0,PASS
PATCH4-ASSET-00269,04_Element_Particle_Icons_175/Particle_Contact_Sheets/helmet_fire_particles_8x.png,3338,4e55f75d596cb66efd9b422d2f070bbde582190f18c7947dd74b4ece0aa82167,,PATCH4-1.0.0,PASS
PATCH4-ASSET-00270,04_Element_Particle_Icons_175/Particle_Contact_Sheets/helmet_metal_final_color_4x.png,3468,0578b58124dc1a52a63e14522217a61e13aa158a6fa24f38405d8b47cbdddaf2,,PATCH4-1.0.0,PASS
PATCH4-ASSET-00271,04_Element_Particle_Icons_175/Particle_Contact_Sheets/helmet_metal_final_grayscale_4x.png,3366,5b4c603095fe420f696e1d0c424e4b801b759970b81fa46a86c493824f5af761,,PATCH4-1.0.0,PASS
PATCH4-ASSET-00272,04_Element_Particle_Icons_175/Particle_Contact_Sheets/helmet_metal_particles_8x.png,3316,4723004c49518048a3a300dee9e119a2f4642ba415867832bc6c6c9a59a7db83,,PATCH4-1.0.0,PASS
PATCH4-ASSET-00273,04_Element_Particle_Icons_175/Particle_Contact_Sheets/helmet_water_final_color_4x.png,3505,241a0f627d1ac547a30111c0d8c030303dee0903149b57f02c6ef565b9b927e3,,PATCH4-1.0.0,PASS
PATCH4-ASSET-00274,04_Element_Particle_Icons_175/Particle_Contact_Sheets/helmet_water_final_grayscale_4x.png,3393,bcb5acd99adeab813b88a35eba790c9d876463a33fd9bb960a99a25bf00ff9f1,,PATCH4-1.0.0,PASS
PATCH4-ASSET-00275,04_Element_Particle_Icons_175/Particle_Contact_Sheets/helmet_water_particles_8x.png,3371,9a8540cb0e38bf14b7bc202b5696d741e07c46e076c918d0ef51b78c9d4f0213,,PATCH4-1.0.0,PASS
PATCH4-ASSET-00276,04_Element_Particle_Icons_175/Particle_Contact_Sheets/helmet_wood_final_color_4x.png,3478,d50b24e66fffb32326d35df9c218121e79870885489d23574a51c352e9aef1ca,,PATCH4-1.0.0,PASS
PATCH4-ASSET-00277,04_Element_Particle_Icons_175/Particle_Contact_Sheets/helmet_wood_final_grayscale_4x.png,3367,e153a157099320d9fdcc492968ebb3d4a522b86965b02af19bad4922dbae8214,,PATCH4-1.0.0,PASS
PATCH4-ASSET-00278,04_Element_Particle_Icons_175/Particle_Contact_Sheets/helmet_wood_particles_8x.png,3324,b6b36f8e2a5d84f736686ade460f58e4a68aec43a33a0477b9d2c6c0c8cbd041,,PATCH4-1.0.0,PASS
PATCH4-ASSET-00279,04_Element_Particle_Icons_175/Particle_Contact_Sheets/pants_earth_final_color_4x.png,4015,983f6b2e920042b73bb8ad32cb4ba523ff24e3cbeac6b7bd2e692abeff1c0de2,,PATCH4-1.0.0,PASS
PATCH4-ASSET-00280,04_Element_Particle_Icons_175/Particle_Contact_Sheets/pants_earth_final_grayscale_4x.png,3791,39fcb8c0398a41b61d75579b7f325f01016a08ab484101b77b584c28ee81438c,,PATCH4-1.0.0,PASS
PATCH4-ASSET-00281,04_Element_Particle_Icons_175/Particle_Contact_Sheets/pants_earth_particles_8x.png,3639,c6534359fb919a90b75757402f82be3108efc2f3389a9e39d6124b430c251105,,PATCH4-1.0.0,PASS
PATCH4-ASSET-00282,04_Element_Particle_Icons_175/Particle_Contact_Sheets/pants_fire_final_color_4x.png,4034,4424318528eee106b981409506e45942e632e229266b8f5a3ed5be9d50bfc98b,,PATCH4-1.0.0,PASS
PATCH4-ASSET-00283,04_Element_Particle_Icons_175/Particle_Contact_Sheets/pants_fire_final_grayscale_4x.png,3830,f5bc5e9f59ca92e1611ceb3059465e4fac4e0d882482b1ae4a56c89151cf3a4f,,PATCH4-1.0.0,PASS
PATCH4-ASSET-00284,04_Element_Particle_Icons_175/Particle_Contact_Sheets/pants_fire_particles_8x.png,3679,7699c5018d51ae7af239e9b1cd879b75f0965015450085aa818351d783904a07,,PATCH4-1.0.0,PASS
PATCH4-ASSET-00285,04_Element_Particle_Icons_175/Particle_Contact_Sheets/pants_metal_final_color_4x.png,4010,92f667794ddc45085eec2dbfc5e813b9f62ea437486c5213ecf911fd80835151,,PATCH4-1.0.0,PASS
PATCH4-ASSET-00286,04_Element_Particle_Icons_175/Particle_Contact_Sheets/pants_metal_final_grayscale_4x.png,3789,194a8eabe44dc1a2f400c2409246359338df12eb2208bec1449c5846760ac641,,PATCH4-1.0.0,PASS
PATCH4-ASSET-00287,04_Element_Particle_Icons_175/Particle_Contact_Sheets/pants_metal_particles_8x.png,3647,04d9f662c94b648593336ce2b881690e09177278ec1706a3dfc7752377c83c04,,PATCH4-1.0.0,PASS
PATCH4-ASSET-00288,04_Element_Particle_Icons_175/Particle_Contact_Sheets/pants_water_final_color_4x.png,4023,6d5fe250553612122c6dbcb34eb2bda047c1d96c2062373ecaf1d002450d54e0,,PATCH4-1.0.0,PASS
PATCH4-ASSET-00289,04_Element_Particle_Icons_175/Particle_Contact_Sheets/pants_water_final_grayscale_4x.png,3799,da7cb090052c36169d348779e34056521c06486532caf3572a03a2c8fd5479b2,,PATCH4-1.0.0,PASS
PATCH4-ASSET-00290,04_Element_Particle_Icons_175/Particle_Contact_Sheets/pants_water_particles_8x.png,3697,f30946f0093a7fe670b29b3347a194c6a527046425b29fc5f34063f5bd9418ad,,PATCH4-1.0.0,PASS
PATCH4-ASSET-00291,04_Element_Particle_Icons_175/Particle_Contact_Sheets/pants_wood_final_color_4x.png,4022,6427c92eecf72a506bdf5c76dcba569970f298c40316d5d92c217ad98cbe6a72,,PATCH4-1.0.0,PASS
PATCH4-ASSET-00292,04_Element_Particle_Icons_175/Particle_Contact_Sheets/pants_wood_final_grayscale_4x.png,3780,cee580ec02d79c7aba2cf19e040b7b54d1a680878ba5be98180f7cf9f83d69ab,,PATCH4-1.0.0,PASS
PATCH4-ASSET-00293,04_Element_Particle_Icons_175/Particle_Contact_Sheets/pants_wood_particles_8x.png,3653,8e96fb067a11059f0951e8c39daf1fbb85e634c568eaf14c03376d3cbb979a69,,PATCH4-1.0.0,PASS
PATCH4-ASSET-00294,04_Element_Particle_Icons_175/Particle_Contact_Sheets/weapon_earth_final_color_4x.png,7009,c3788311095d9163e853b99a6fa8aa54c0f8adb55672b49fa3a42075195afa37,,PATCH4-1.0.0,PASS
PATCH4-ASSET-00295,04_Element_Particle_Icons_175/Particle_Contact_Sheets/weapon_earth_final_grayscale_4x.png,6851,f96bfbb6a9450b319c19b9e325c2074b8e17e9de386d6e8dfbb61053dcc2b991,,PATCH4-1.0.0,PASS
PATCH4-ASSET-00296,04_Element_Particle_Icons_175/Particle_Contact_Sheets/weapon_earth_particles_8x.png,6581,3580cb5cd8fcccaad6e5bda59f2125a01243c5b0d41cfaea664c8b41c0a5ba53,,PATCH4-1.0.0,PASS
PATCH4-ASSET-00297,04_Element_Particle_Icons_175/Particle_Contact_Sheets/weapon_fire_final_color_4x.png,7039,e0b25528d2b54d4eb6c5a2d2a155336ad1de8d30afe40744cb2e4d969e034a6c,,PATCH4-1.0.0,PASS
PATCH4-ASSET-00298,04_Element_Particle_Icons_175/Particle_Contact_Sheets/weapon_fire_final_grayscale_4x.png,6843,1b63b69d4b3b1e82bdfc19b6336581d6636c183c0fab5a68544e7fb6c4df23a3,,PATCH4-1.0.0,PASS
PATCH4-ASSET-00299,04_Element_Particle_Icons_175/Particle_Contact_Sheets/weapon_fire_particles_8x.png,6681,0c1b0889ae5483ff9d4df4b5ce9edbb64724904df27ef9ca54b95c625f676f2a,,PATCH4-1.0.0,PASS
PATCH4-ASSET-00300,04_Element_Particle_Icons_175/Particle_Contact_Sheets/weapon_metal_final_color_4x.png,7004,c922535835192f8cca654c3c3cb40d6e00b6be79582a2761e5a4073d54f1f024,,PATCH4-1.0.0,PASS
PATCH4-ASSET-00301,04_Element_Particle_Icons_175/Particle_Contact_Sheets/weapon_metal_final_grayscale_4x.png,6830,fe462e7fc97fc61c935cae34c2b145f7c54d97bc40300afb6154a3f6e3cc5a2e,,PATCH4-1.0.0,PASS
PATCH4-ASSET-00302,04_Element_Particle_Icons_175/Particle_Contact_Sheets/weapon_metal_particles_8x.png,6641,269d06f670600cdbdcaadaa10639f41a0582ed8a32807a1fa1459fc3c6be45fe,,PATCH4-1.0.0,PASS
PATCH4-ASSET-00303,04_Element_Particle_Icons_175/Particle_Contact_Sheets/weapon_water_final_color_4x.png,7037,d8a1b945311e095c30713bbffae19587c2ea18615f3fcc8a3ba27988278a7f37,,PATCH4-1.0.0,PASS
PATCH4-ASSET-00304,04_Element_Particle_Icons_175/Particle_Contact_Sheets/weapon_water_final_grayscale_4x.png,6859,f77c90b92badb2f4ab86ee20438f689d326b82cfb254aff63fcaa7ae1ed3a50f,,PATCH4-1.0.0,PASS
PATCH4-ASSET-00305,04_Element_Particle_Icons_175/Particle_Contact_Sheets/weapon_water_particles_8x.png,6719,324a101458869f6f7333f821952c55602f295c8f99f79e5363527c557a340854,,PATCH4-1.0.0,PASS
PATCH4-ASSET-00306,04_Element_Particle_Icons_175/Particle_Contact_Sheets/weapon_wood_final_color_4x.png,6988,40f3870c02a12c0ffb449fda0a4bb9a9b56e24806a182aee1dbd719e8a036937,,PATCH4-1.0.0,PASS
PATCH4-ASSET-00307,04_Element_Particle_Icons_175/Particle_Contact_Sheets/weapon_wood_final_grayscale_4x.png,6813,3f476b8c5c30e28c7972e8d7383de5ebd23987cec601d1f16143c69416f6593d,,PATCH4-1.0.0,PASS
PATCH4-ASSET-00308,04_Element_Particle_Icons_175/Particle_Contact_Sheets/weapon_wood_particles_8x.png,6622,efd380f936498fae2cf3d2880659d2d711529fc38db81869d34d01630dffd816,,PATCH4-1.0.0,PASS
PATCH4-ASSET-00309,04_Element_Particle_Icons_175/Particle_Pixel_Budget_175.csv,54262,7f939196a061c3abe4c2f459eac115e449985b8486dcd8d7b26d96883c3f6278,,PATCH4-1.0.0,PASS
PATCH4-ASSET-00310,04_Element_Particle_Icons_175/Water/water_battle_axe_particles_20x20.png,92,654c568d755376b563429439c0c2010377160e743b546482d8f1b44eeea9d2a0,,PATCH4-1.0.0,PASS
PATCH4-ASSET-00311,04_Element_Particle_Icons_175/Water/water_battle_helmet_particles_20x20.png,92,654c568d755376b563429439c0c2010377160e743b546482d8f1b44eeea9d2a0,,PATCH4-1.0.0,PASS
PATCH4-ASSET-00312,04_Element_Particle_Icons_175/Water/water_carved_wood_amulet_particles_20x20.png,92,654c568d755376b563429439c0c2010377160e743b546482d8f1b44eeea9d2a0,,PATCH4-1.0.0,PASS
PATCH4-ASSET-00313,04_Element_Particle_Icons_175/Water/water_chainmail_armor_particles_20x20.png,92,654c568d755376b563429439c0c2010377160e743b546482d8f1b44eeea9d2a0,,PATCH4-1.0.0,PASS
PATCH4-ASSET-00314,04_Element_Particle_Icons_175/Water/water_chainmail_pants_particles_20x20.png,92,10ed03e43ecefbf94ed62c04a0262f901f9da95cfc015d5f3d66e4cad42d1ff2,,PATCH4-1.0.0,PASS
PATCH4-ASSET-00315,04_Element_Particle_Icons_175/Water/water_cloth_armor_particles_20x20.png,92,654c568d755376b563429439c0c2010377160e743b546482d8f1b44eeea9d2a0,,PATCH4-1.0.0,PASS
PATCH4-ASSET-00316,04_Element_Particle_Icons_175/Water/water_cloth_pants_particles_20x20.png,92,10ed03e43ecefbf94ed62c04a0262f901f9da95cfc015d5f3d66e4cad42d1ff2,,PATCH4-1.0.0,PASS
PATCH4-ASSET-00317,04_Element_Particle_Icons_175/Water/water_dragon_head_helmet_particles_20x20.png,92,654c568d755376b563429439c0c2010377160e743b546482d8f1b44eeea9d2a0,,PATCH4-1.0.0,PASS
PATCH4-ASSET-00318,04_Element_Particle_Icons_175/Water/water_dragon_scale_armor_particles_20x20.png,92,a973aa8cc97d91a30e35faec60ecc8a165c2c40bbb7bfda607ec3a5097d0a74e,,PATCH4-1.0.0,PASS
PATCH4-ASSET-00319,04_Element_Particle_Icons_175/Water/water_dragon_scale_legs_particles_20x20.png,92,10ed03e43ecefbf94ed62c04a0262f901f9da95cfc015d5f3d66e4cad42d1ff2,,PATCH4-1.0.0,PASS
PATCH4-ASSET-00320,04_Element_Particle_Icons_175/Water/water_dragon_walk_boots_particles_20x20.png,92,8d20f337ca13d7370b2b4ef531a0d0912b37b2b8df649311d4990e393489c1c4,,PATCH4-1.0.0,PASS
PATCH4-ASSET-00321,04_Element_Particle_Icons_175/Water/water_engraved_copper_ring_particles_20x20.png,92,654c568d755376b563429439c0c2010377160e743b546482d8f1b44eeea9d2a0,,PATCH4-1.0.0,PASS
PATCH4-ASSET-00322,04_Element_Particle_Icons_175/Water/water_great_axe_particles_20x20.png,92,654c568d755376b563429439c0c2010377160e743b546482d8f1b44eeea9d2a0,,PATCH4-1.0.0,PASS
PATCH4-ASSET-00323,04_Element_Particle_Icons_175/Water/water_great_sword_particles_20x20.png,92,654c568d755376b563429439c0c2010377160e743b546482d8f1b44eeea9d2a0,,PATCH4-1.0.0,PASS
PATCH4-ASSET-00324,04_Element_Particle_Icons_175/Water/water_hand_axe_particles_20x20.png,92,6970f4219bd722202e5521205582839631d56f30d598a07f18b5e296ffd55b88,,PATCH4-1.0.0,PASS
PATCH4-ASSET-00325,04_Element_Particle_Icons_175/Water/water_heavy_crossbow_particles_20x20.png,92,d918f8780276ce436d236b639fb0bf397bbf9d56f394df91d5a29c392d15648c,,PATCH4-1.0.0,PASS
PATCH4-ASSET-00326,04_Element_Particle_Icons_175/Water/water_hunting_bow_particles_20x20.png,91,8ffb61386f5f0b57d11b4b9b7842b5712d701f1a48445c9917a74e683107c501,,PATCH4-1.0.0,PASS
PATCH4-ASSET-00327,04_Element_Particle_Icons_175/Water/water_iron_helmet_particles_20x20.png,92,654c568d755376b563429439c0c2010377160e743b546482d8f1b44eeea9d2a0,,PATCH4-1.0.0,PASS
PATCH4-ASSET-00328,04_Element_Particle_Icons_175/Water/water_iron_toe_boots_particles_20x20.png,92,8d20f337ca13d7370b2b4ef531a0d0912b37b2b8df649311d4990e393489c1c4,,PATCH4-1.0.0,PASS
PATCH4-ASSET-00329,04_Element_Particle_Icons_175/Water/water_knight_helmet_particles_20x20.png,92,654c568d755376b563429439c0c2010377160e743b546482d8f1b44eeea9d2a0,,PATCH4-1.0.0,PASS
PATCH4-ASSET-00330,04_Element_Particle_Icons_175/Water/water_leather_armor_particles_20x20.png,92,a973aa8cc97d91a30e35faec60ecc8a165c2c40bbb7bfda607ec3a5097d0a74e,,PATCH4-1.0.0,PASS
PATCH4-ASSET-00331,04_Element_Particle_Icons_175/Water/water_leather_boots_particles_20x20.png,92,8d20f337ca13d7370b2b4ef531a0d0912b37b2b8df649311d4990e393489c1c4,,PATCH4-1.0.0,PASS
PATCH4-ASSET-00332,04_Element_Particle_Icons_175/Water/water_leather_cap_particles_20x20.png,92,d918f8780276ce436d236b639fb0bf397bbf9d56f394df91d5a29c392d15648c,,PATCH4-1.0.0,PASS
PATCH4-ASSET-00333,04_Element_Particle_Icons_175/Water/water_leather_pants_particles_20x20.png,92,10ed03e43ecefbf94ed62c04a0262f901f9da95cfc015d5f3d66e4cad42d1ff2,,PATCH4-1.0.0,PASS
PATCH4-ASSET-00334,04_Element_Particle_Icons_175/Water/water_long_sword_particles_20x20.png,92,654c568d755376b563429439c0c2010377160e743b546482d8f1b44eeea9d2a0,,PATCH4-1.0.0,PASS
PATCH4-ASSET-00335,04_Element_Particle_Icons_175/Water/water_longbow_particles_20x20.png,92,d918f8780276ce436d236b639fb0bf397bbf9d56f394df91d5a29c392d15648c,,PATCH4-1.0.0,PASS
PATCH4-ASSET-00336,04_Element_Particle_Icons_175/Water/water_plate_armor_particles_20x20.png,92,a973aa8cc97d91a30e35faec60ecc8a165c2c40bbb7bfda607ec3a5097d0a74e,,PATCH4-1.0.0,PASS
PATCH4-ASSET-00337,04_Element_Particle_Icons_175/Water/water_plate_greaves_particles_20x20.png,92,10ed03e43ecefbf94ed62c04a0262f901f9da95cfc015d5f3d66e4cad42d1ff2,,PATCH4-1.0.0,PASS
PATCH4-ASSET-00338,04_Element_Particle_Icons_175/Water/water_rapier_particles_20x20.png,92,654c568d755376b563429439c0c2010377160e743b546482d8f1b44eeea9d2a0,,PATCH4-1.0.0,PASS
PATCH4-ASSET-00339,04_Element_Particle_Icons_175/Water/water_sacred_relic_particles_20x20.png,92,654c568d755376b563429439c0c2010377160e743b546482d8f1b44eeea9d2a0,,PATCH4-1.0.0,PASS
PATCH4-ASSET-00340,04_Element_Particle_Icons_175/Water/water_short_sword_particles_20x20.png,92,d918f8780276ce436d236b639fb0bf397bbf9d56f394df91d5a29c392d15648c,,PATCH4-1.0.0,PASS
PATCH4-ASSET-00341,04_Element_Particle_Icons_175/Water/water_silver_badge_particles_20x20.png,92,654c568d755376b563429439c0c2010377160e743b546482d8f1b44eeea9d2a0,,PATCH4-1.0.0,PASS
PATCH4-ASSET-00342,04_Element_Particle_Icons_175/Water/water_straw_sandals_particles_20x20.png,92,8d20f337ca13d7370b2b4ef531a0d0912b37b2b8df649311d4990e393489c1c4,,PATCH4-1.0.0,PASS
PATCH4-ASSET-00343,04_Element_Particle_Icons_175/Water/water_whisper_orb_particles_20x20.png,92,654c568d755376b563429439c0c2010377160e743b546482d8f1b44eeea9d2a0,,PATCH4-1.0.0,PASS
PATCH4-ASSET-00344,04_Element_Particle_Icons_175/Water/water_wind_boots_particles_20x20.png,92,8d20f337ca13d7370b2b4ef531a0d0912b37b2b8df649311d4990e393489c1c4,,PATCH4-1.0.0,PASS
PATCH4-ASSET-00345,04_Element_Particle_Icons_175/Wood/wood_battle_axe_particles_20x20.png,91,32a7cacc4b5364a78dd86090eeb1110bebe4c022b714d5ddd8d343dfc32685a1,,PATCH4-1.0.0,PASS
PATCH4-ASSET-00346,04_Element_Particle_Icons_175/Wood/wood_battle_helmet_particles_20x20.png,91,d0efa54083f81cd3621fb2665e725dcc482a18747df9744c89b2d28347cdb0f0,,PATCH4-1.0.0,PASS
PATCH4-ASSET-00347,04_Element_Particle_Icons_175/Wood/wood_carved_wood_amulet_particles_20x20.png,91,d0efa54083f81cd3621fb2665e725dcc482a18747df9744c89b2d28347cdb0f0,,PATCH4-1.0.0,PASS
PATCH4-ASSET-00348,04_Element_Particle_Icons_175/Wood/wood_chainmail_armor_particles_20x20.png,91,d0efa54083f81cd3621fb2665e725dcc482a18747df9744c89b2d28347cdb0f0,,PATCH4-1.0.0,PASS
PATCH4-ASSET-00349,04_Element_Particle_Icons_175/Wood/wood_chainmail_pants_particles_20x20.png,91,75601f801a64a56c6621842c1c2efc694c4c80c1f9008f2ad8f022b14dc3e234,,PATCH4-1.0.0,PASS
PATCH4-ASSET-00350,04_Element_Particle_Icons_175/Wood/wood_cloth_armor_particles_20x20.png,91,d0efa54083f81cd3621fb2665e725dcc482a18747df9744c89b2d28347cdb0f0,,PATCH4-1.0.0,PASS
PATCH4-ASSET-00351,04_Element_Particle_Icons_175/Wood/wood_cloth_pants_particles_20x20.png,91,75601f801a64a56c6621842c1c2efc694c4c80c1f9008f2ad8f022b14dc3e234,,PATCH4-1.0.0,PASS
PATCH4-ASSET-00352,04_Element_Particle_Icons_175/Wood/wood_dragon_head_helmet_particles_20x20.png,91,d0efa54083f81cd3621fb2665e725dcc482a18747df9744c89b2d28347cdb0f0,,PATCH4-1.0.0,PASS
PATCH4-ASSET-00353,04_Element_Particle_Icons_175/Wood/wood_dragon_scale_armor_particles_20x20.png,91,75601f801a64a56c6621842c1c2efc694c4c80c1f9008f2ad8f022b14dc3e234,,PATCH4-1.0.0,PASS
PATCH4-ASSET-00354,04_Element_Particle_Icons_175/Wood/wood_dragon_scale_legs_particles_20x20.png,91,75601f801a64a56c6621842c1c2efc694c4c80c1f9008f2ad8f022b14dc3e234,,PATCH4-1.0.0,PASS
PATCH4-ASSET-00355,04_Element_Particle_Icons_175/Wood/wood_dragon_walk_boots_particles_20x20.png,91,79163989cf6d37f2a26f0f8ef915720c9c29070c4d88ba2737426201825ade3f,,PATCH4-1.0.0,PASS
PATCH4-ASSET-00356,04_Element_Particle_Icons_175/Wood/wood_engraved_copper_ring_particles_20x20.png,91,d0efa54083f81cd3621fb2665e725dcc482a18747df9744c89b2d28347cdb0f0,,PATCH4-1.0.0,PASS
PATCH4-ASSET-00357,04_Element_Particle_Icons_175/Wood/wood_great_axe_particles_20x20.png,91,d0efa54083f81cd3621fb2665e725dcc482a18747df9744c89b2d28347cdb0f0,,PATCH4-1.0.0,PASS
PATCH4-ASSET-00358,04_Element_Particle_Icons_175/Wood/wood_great_sword_particles_20x20.png,91,d0efa54083f81cd3621fb2665e725dcc482a18747df9744c89b2d28347cdb0f0,,PATCH4-1.0.0,PASS
PATCH4-ASSET-00359,04_Element_Particle_Icons_175/Wood/wood_hand_axe_particles_20x20.png,91,32a7cacc4b5364a78dd86090eeb1110bebe4c022b714d5ddd8d343dfc32685a1,,PATCH4-1.0.0,PASS
PATCH4-ASSET-00360,04_Element_Particle_Icons_175/Wood/wood_heavy_crossbow_particles_20x20.png,91,d0efa54083f81cd3621fb2665e725dcc482a18747df9744c89b2d28347cdb0f0,,PATCH4-1.0.0,PASS
PATCH4-ASSET-00361,04_Element_Particle_Icons_175/Wood/wood_hunting_bow_particles_20x20.png,90,df0610edda419687b5bbff7794e8f4c9d074df49ac22cc233cc59b8fb727a0a5,,PATCH4-1.0.0,PASS
PATCH4-ASSET-00362,04_Element_Particle_Icons_175/Wood/wood_iron_helmet_particles_20x20.png,91,d0efa54083f81cd3621fb2665e725dcc482a18747df9744c89b2d28347cdb0f0,,PATCH4-1.0.0,PASS
PATCH4-ASSET-00363,04_Element_Particle_Icons_175/Wood/wood_iron_toe_boots_particles_20x20.png,91,79163989cf6d37f2a26f0f8ef915720c9c29070c4d88ba2737426201825ade3f,,PATCH4-1.0.0,PASS
PATCH4-ASSET-00364,04_Element_Particle_Icons_175/Wood/wood_knight_helmet_particles_20x20.png,91,d0efa54083f81cd3621fb2665e725dcc482a18747df9744c89b2d28347cdb0f0,,PATCH4-1.0.0,PASS
PATCH4-ASSET-00365,04_Element_Particle_Icons_175/Wood/wood_leather_armor_particles_20x20.png,91,75601f801a64a56c6621842c1c2efc694c4c80c1f9008f2ad8f022b14dc3e234,,PATCH4-1.0.0,PASS
PATCH4-ASSET-00366,04_Element_Particle_Icons_175/Wood/wood_leather_boots_particles_20x20.png,91,79163989cf6d37f2a26f0f8ef915720c9c29070c4d88ba2737426201825ade3f,,PATCH4-1.0.0,PASS
PATCH4-ASSET-00367,04_Element_Particle_Icons_175/Wood/wood_leather_cap_particles_20x20.png,91,554b38a797d4c77e12fb6364a544e9c11f0eaacb73249187357eb0f96212549b,,PATCH4-1.0.0,PASS
PATCH4-ASSET-00368,04_Element_Particle_Icons_175/Wood/wood_leather_pants_particles_20x20.png,91,75601f801a64a56c6621842c1c2efc694c4c80c1f9008f2ad8f022b14dc3e234,,PATCH4-1.0.0,PASS
PATCH4-ASSET-00369,04_Element_Particle_Icons_175/Wood/wood_long_sword_particles_20x20.png,91,d0efa54083f81cd3621fb2665e725dcc482a18747df9744c89b2d28347cdb0f0,,PATCH4-1.0.0,PASS
PATCH4-ASSET-00370,04_Element_Particle_Icons_175/Wood/wood_longbow_particles_20x20.png,91,554b38a797d4c77e12fb6364a544e9c11f0eaacb73249187357eb0f96212549b,,PATCH4-1.0.0,PASS
PATCH4-ASSET-00371,04_Element_Particle_Icons_175/Wood/wood_plate_armor_particles_20x20.png,91,75601f801a64a56c6621842c1c2efc694c4c80c1f9008f2ad8f022b14dc3e234,,PATCH4-1.0.0,PASS
PATCH4-ASSET-00372,04_Element_Particle_Icons_175/Wood/wood_plate_greaves_particles_20x20.png,91,75601f801a64a56c6621842c1c2efc694c4c80c1f9008f2ad8f022b14dc3e234,,PATCH4-1.0.0,PASS
PATCH4-ASSET-00373,04_Element_Particle_Icons_175/Wood/wood_rapier_particles_20x20.png,91,d0efa54083f81cd3621fb2665e725dcc482a18747df9744c89b2d28347cdb0f0,,PATCH4-1.0.0,PASS
PATCH4-ASSET-00374,04_Element_Particle_Icons_175/Wood/wood_sacred_relic_particles_20x20.png,91,d0efa54083f81cd3621fb2665e725dcc482a18747df9744c89b2d28347cdb0f0,,PATCH4-1.0.0,PASS
PATCH4-ASSET-00375,04_Element_Particle_Icons_175/Wood/wood_short_sword_particles_20x20.png,91,554b38a797d4c77e12fb6364a544e9c11f0eaacb73249187357eb0f96212549b,,PATCH4-1.0.0,PASS
PATCH4-ASSET-00376,04_Element_Particle_Icons_175/Wood/wood_silver_badge_particles_20x20.png,91,d0efa54083f81cd3621fb2665e725dcc482a18747df9744c89b2d28347cdb0f0,,PATCH4-1.0.0,PASS
PATCH4-ASSET-00377,04_Element_Particle_Icons_175/Wood/wood_straw_sandals_particles_20x20.png,91,79163989cf6d37f2a26f0f8ef915720c9c29070c4d88ba2737426201825ade3f,,PATCH4-1.0.0,PASS
PATCH4-ASSET-00378,04_Element_Particle_Icons_175/Wood/wood_whisper_orb_particles_20x20.png,91,d0efa54083f81cd3621fb2665e725dcc482a18747df9744c89b2d28347cdb0f0,,PATCH4-1.0.0,PASS
PATCH4-ASSET-00379,04_Element_Particle_Icons_175/Wood/wood_wind_boots_particles_20x20.png,91,79163989cf6d37f2a26f0f8ef915720c9c29070c4d88ba2737426201825ade3f,,PATCH4-1.0.0,PASS
PATCH4-ASSET-00380,05_Element_Particle_40x208_Layers_175/Earth/earth_battle_axe_particles_40x208.png,141,a0bb769ec03442018ea494b0600bb71b85fd2061d5d82ef70fe26b81af79a7e9,,PATCH4-1.0.0,PASS
PATCH4-ASSET-00381,05_Element_Particle_40x208_Layers_175/Earth/earth_battle_helmet_particles_40x208.png,142,c3ac7ebf56bc5d03ed5a3ef12d56da49daae7e1c07808107012f5def97f21da7,,PATCH4-1.0.0,PASS
PATCH4-ASSET-00382,05_Element_Particle_40x208_Layers_175/Earth/earth_carved_wood_amulet_particles_40x208.png,140,c3483c91b6c840337e5a02d550e6b2b2bc1682cb3f4444b8062e6c7b967da8a5,,PATCH4-1.0.0,PASS
PATCH4-ASSET-00383,05_Element_Particle_40x208_Layers_175/Earth/earth_chainmail_armor_particles_40x208.png,142,a6c6554663386dba5a079a6f3e5a88268abf600055c3e96364d4326ea82bd7b4,,PATCH4-1.0.0,PASS
PATCH4-ASSET-00384,05_Element_Particle_40x208_Layers_175/Earth/earth_chainmail_pants_particles_40x208.png,141,908ecb92a08f5cfddd8cd5a48087013a6c3fc572b72ac832e38af2578e2450b7,,PATCH4-1.0.0,PASS
PATCH4-ASSET-00385,05_Element_Particle_40x208_Layers_175/Earth/earth_cloth_armor_particles_40x208.png,142,a6c6554663386dba5a079a6f3e5a88268abf600055c3e96364d4326ea82bd7b4,,PATCH4-1.0.0,PASS
PATCH4-ASSET-00386,05_Element_Particle_40x208_Layers_175/Earth/earth_cloth_pants_particles_40x208.png,141,908ecb92a08f5cfddd8cd5a48087013a6c3fc572b72ac832e38af2578e2450b7,,PATCH4-1.0.0,PASS
PATCH4-ASSET-00387,05_Element_Particle_40x208_Layers_175/Earth/earth_dragon_head_helmet_particles_40x208.png,141,52ed9daece2bbb2e2c97537b8b791545ab0486913ce601cbdfdcc51ca134552e,,PATCH4-1.0.0,PASS
PATCH4-ASSET-00388,05_Element_Particle_40x208_Layers_175/Earth/earth_dragon_scale_armor_particles_40x208.png,142,a6c6554663386dba5a079a6f3e5a88268abf600055c3e96364d4326ea82bd7b4,,PATCH4-1.0.0,PASS
PATCH4-ASSET-00389,05_Element_Particle_40x208_Layers_175/Earth/earth_dragon_scale_legs_particles_40x208.png,141,908ecb92a08f5cfddd8cd5a48087013a6c3fc572b72ac832e38af2578e2450b7,,PATCH4-1.0.0,PASS
PATCH4-ASSET-00390,05_Element_Particle_40x208_Layers_175/Earth/earth_dragon_walk_boots_particles_40x208.png,142,d8e4b88d8dc4ba78aa3f31d34f98d2572198943d9bfc7286e3ff983077b012ec,,PATCH4-1.0.0,PASS
PATCH4-ASSET-00391,05_Element_Particle_40x208_Layers_175/Earth/earth_engraved_copper_ring_particles_40x208.png,141,3f73f109f9649487bf8fd0fe5ccdec6a6d29ae6daf96ee02255178d8247e95d0,,PATCH4-1.0.0,PASS
PATCH4-ASSET-00392,05_Element_Particle_40x208_Layers_175/Earth/earth_great_axe_particles_40x208.png,141,a0bb769ec03442018ea494b0600bb71b85fd2061d5d82ef70fe26b81af79a7e9,,PATCH4-1.0.0,PASS
PATCH4-ASSET-00393,05_Element_Particle_40x208_Layers_175/Earth/earth_great_sword_particles_40x208.png,141,bf8587d1375cf051c84b70a61023036dfb258b2ef3d12d1eef544d4c25045494,,PATCH4-1.0.0,PASS
PATCH4-ASSET-00394,05_Element_Particle_40x208_Layers_175/Earth/earth_hand_axe_particles_40x208.png,141,a0bb769ec03442018ea494b0600bb71b85fd2061d5d82ef70fe26b81af79a7e9,,PATCH4-1.0.0,PASS
PATCH4-ASSET-00395,05_Element_Particle_40x208_Layers_175/Earth/earth_heavy_crossbow_particles_40x208.png,145,145159b13dfd7dffaab215f39e296802341d4416b47f562cc5c80a9db464f515,,PATCH4-1.0.0,PASS
PATCH4-ASSET-00396,05_Element_Particle_40x208_Layers_175/Earth/earth_hunting_bow_particles_40x208.png,141,ac18731a74b58f512e72b182f0c5c30b8ef4840d5544b0849a15f5a10b811f73,,PATCH4-1.0.0,PASS
PATCH4-ASSET-00397,05_Element_Particle_40x208_Layers_175/Earth/earth_iron_helmet_particles_40x208.png,142,c3ac7ebf56bc5d03ed5a3ef12d56da49daae7e1c07808107012f5def97f21da7,,PATCH4-1.0.0,PASS
PATCH4-ASSET-00398,05_Element_Particle_40x208_Layers_175/Earth/earth_iron_toe_boots_particles_40x208.png,142,d8e4b88d8dc4ba78aa3f31d34f98d2572198943d9bfc7286e3ff983077b012ec,,PATCH4-1.0.0,PASS
PATCH4-ASSET-00399,05_Element_Particle_40x208_Layers_175/Earth/earth_knight_helmet_particles_40x208.png,142,c3ac7ebf56bc5d03ed5a3ef12d56da49daae7e1c07808107012f5def97f21da7,,PATCH4-1.0.0,PASS
PATCH4-ASSET-00400,05_Element_Particle_40x208_Layers_175/Earth/earth_leather_armor_particles_40x208.png,142,a6c6554663386dba5a079a6f3e5a88268abf600055c3e96364d4326ea82bd7b4,,PATCH4-1.0.0,PASS
PATCH4-ASSET-00401,05_Element_Particle_40x208_Layers_175/Earth/earth_leather_boots_particles_40x208.png,142,d8e4b88d8dc4ba78aa3f31d34f98d2572198943d9bfc7286e3ff983077b012ec,,PATCH4-1.0.0,PASS
PATCH4-ASSET-00402,05_Element_Particle_40x208_Layers_175/Earth/earth_leather_cap_particles_40x208.png,142,c3ac7ebf56bc5d03ed5a3ef12d56da49daae7e1c07808107012f5def97f21da7,,PATCH4-1.0.0,PASS
PATCH4-ASSET-00403,05_Element_Particle_40x208_Layers_175/Earth/earth_leather_pants_particles_40x208.png,141,908ecb92a08f5cfddd8cd5a48087013a6c3fc572b72ac832e38af2578e2450b7,,PATCH4-1.0.0,PASS
PATCH4-ASSET-00404,05_Element_Particle_40x208_Layers_175/Earth/earth_long_sword_particles_40x208.png,141,4069a5a820e711e3ac6cffc3f7d7ae3042c9811d04e2a706430a0ff62c909773,,PATCH4-1.0.0,PASS
PATCH4-ASSET-00405,05_Element_Particle_40x208_Layers_175/Earth/earth_longbow_particles_40x208.png,141,706bfcbbd07d6f6c3181863a5ab7d4592ac91f95dabdb3ba0864509636be3d20,,PATCH4-1.0.0,PASS
PATCH4-ASSET-00406,05_Element_Particle_40x208_Layers_175/Earth/earth_plate_armor_particles_40x208.png,142,a6c6554663386dba5a079a6f3e5a88268abf600055c3e96364d4326ea82bd7b4,,PATCH4-1.0.0,PASS
PATCH4-ASSET-00407,05_Element_Particle_40x208_Layers_175/Earth/earth_plate_greaves_particles_40x208.png,141,908ecb92a08f5cfddd8cd5a48087013a6c3fc572b72ac832e38af2578e2450b7,,PATCH4-1.0.0,PASS
PATCH4-ASSET-00408,05_Element_Particle_40x208_Layers_175/Earth/earth_rapier_particles_40x208.png,141,4069a5a820e711e3ac6cffc3f7d7ae3042c9811d04e2a706430a0ff62c909773,,PATCH4-1.0.0,PASS
PATCH4-ASSET-00409,05_Element_Particle_40x208_Layers_175/Earth/earth_sacred_relic_particles_40x208.png,139,f7fea21e677b0be9c9651bc8f6544a4dc5fdb7fdd225c7c6bf9657ff556c7f0f,,PATCH4-1.0.0,PASS
PATCH4-ASSET-00410,05_Element_Particle_40x208_Layers_175/Earth/earth_short_sword_particles_40x208.png,141,4069a5a820e711e3ac6cffc3f7d7ae3042c9811d04e2a706430a0ff62c909773,,PATCH4-1.0.0,PASS
PATCH4-ASSET-00411,05_Element_Particle_40x208_Layers_175/Earth/earth_silver_badge_particles_40x208.png,140,b6f8c7099c2cdf902d5e79782f93579decf6817ce787fe0ee949e31b1efbed74,,PATCH4-1.0.0,PASS
PATCH4-ASSET-00412,05_Element_Particle_40x208_Layers_175/Earth/earth_straw_sandals_particles_40x208.png,142,d8e4b88d8dc4ba78aa3f31d34f98d2572198943d9bfc7286e3ff983077b012ec,,PATCH4-1.0.0,PASS
PATCH4-ASSET-00413,05_Element_Particle_40x208_Layers_175/Earth/earth_whisper_orb_particles_40x208.png,142,96aa10f6b17592f3a75b8700bc6b00a4e8df4a7eb43531e258a5583746a0c628,,PATCH4-1.0.0,PASS
PATCH4-ASSET-00414,05_Element_Particle_40x208_Layers_175/Earth/earth_wind_boots_particles_40x208.png,142,d8e4b88d8dc4ba78aa3f31d34f98d2572198943d9bfc7286e3ff983077b012ec,,PATCH4-1.0.0,PASS
PATCH4-ASSET-00415,05_Element_Particle_40x208_Layers_175/Fire/fire_battle_axe_particles_40x208.png,152,71b9f5201de998bc545aaf179212a441e474acee271bd7a0f7bd8c287e8aff8e,,PATCH4-1.0.0,PASS
PATCH4-ASSET-00416,05_Element_Particle_40x208_Layers_175/Fire/fire_battle_helmet_particles_40x208.png,156,f26608eb0fe3044cf9747b9cb1275fbc375d2219ecda7e4842b2bacfb4049531,,PATCH4-1.0.0,PASS
PATCH4-ASSET-00417,05_Element_Particle_40x208_Layers_175/Fire/fire_carved_wood_amulet_particles_40x208.png,153,92788a077c245984a665592ab33ba44b1e75a486bdae68be6460beebce87c5c4,,PATCH4-1.0.0,PASS
PATCH4-ASSET-00418,05_Element_Particle_40x208_Layers_175/Fire/fire_chainmail_armor_particles_40x208.png,157,a7d9ca7b479d6ab0e4093951aceeb55ac95514aa311da503db7c6ed9823fe833,,PATCH4-1.0.0,PASS
PATCH4-ASSET-00419,05_Element_Particle_40x208_Layers_175/Fire/fire_chainmail_pants_particles_40x208.png,153,f1aa47b7ddfa497def95a74cdd1e76804a66ff63f5d99173b30518d12f7582df,,PATCH4-1.0.0,PASS
PATCH4-ASSET-00420,05_Element_Particle_40x208_Layers_175/Fire/fire_cloth_armor_particles_40x208.png,157,a7d9ca7b479d6ab0e4093951aceeb55ac95514aa311da503db7c6ed9823fe833,,PATCH4-1.0.0,PASS
PATCH4-ASSET-00421,05_Element_Particle_40x208_Layers_175/Fire/fire_cloth_pants_particles_40x208.png,153,f1aa47b7ddfa497def95a74cdd1e76804a66ff63f5d99173b30518d12f7582df,,PATCH4-1.0.0,PASS
PATCH4-ASSET-00422,05_Element_Particle_40x208_Layers_175/Fire/fire_dragon_head_helmet_particles_40x208.png,154,7a84f2a9b81a1a503d961358251402b74f86903a613efdd7a3cdc7b8eda70e08,,PATCH4-1.0.0,PASS
PATCH4-ASSET-00423,05_Element_Particle_40x208_Layers_175/Fire/fire_dragon_scale_armor_particles_40x208.png,157,a7d9ca7b479d6ab0e4093951aceeb55ac95514aa311da503db7c6ed9823fe833,,PATCH4-1.0.0,PASS
PATCH4-ASSET-00424,05_Element_Particle_40x208_Layers_175/Fire/fire_dragon_scale_legs_particles_40x208.png,153,f1aa47b7ddfa497def95a74cdd1e76804a66ff63f5d99173b30518d12f7582df,,PATCH4-1.0.0,PASS
PATCH4-ASSET-00425,05_Element_Particle_40x208_Layers_175/Fire/fire_dragon_walk_boots_particles_40x208.png,151,baf6bacc138dec937f548ec64597a34fff799c1d8deb5c6f474209433aee6e14,,PATCH4-1.0.0,PASS
PATCH4-ASSET-00426,05_Element_Particle_40x208_Layers_175/Fire/fire_engraved_copper_ring_particles_40x208.png,155,cf98d5847aef36012a25419bb2b4e1ad177767ec0076f537985234d09f1e5ecf,,PATCH4-1.0.0,PASS
PATCH4-ASSET-00427,05_Element_Particle_40x208_Layers_175/Fire/fire_great_axe_particles_40x208.png,152,71b9f5201de998bc545aaf179212a441e474acee271bd7a0f7bd8c287e8aff8e,,PATCH4-1.0.0,PASS
PATCH4-ASSET-00428,05_Element_Particle_40x208_Layers_175/Fire/fire_great_sword_particles_40x208.png,152,2e5c577a43755afe497d00ce53bf8cc9ce82635977bb6ca8dc264028010ec6e3,,PATCH4-1.0.0,PASS
PATCH4-ASSET-00429,05_Element_Particle_40x208_Layers_175/Fire/fire_hand_axe_particles_40x208.png,152,71b9f5201de998bc545aaf179212a441e474acee271bd7a0f7bd8c287e8aff8e,,PATCH4-1.0.0,PASS
PATCH4-ASSET-00430,05_Element_Particle_40x208_Layers_175/Fire/fire_heavy_crossbow_particles_40x208.png,155,83e48b86392e6ad7da6189f439e467da8f556f632c1d36f86284362fe6337e7f,,PATCH4-1.0.0,PASS
PATCH4-ASSET-00431,05_Element_Particle_40x208_Layers_175/Fire/fire_hunting_bow_particles_40x208.png,155,5fea104b55136451a9b16ba1fd87d14f57cfd64b6f59cae79d90035ece4eae7f,,PATCH4-1.0.0,PASS
PATCH4-ASSET-00432,05_Element_Particle_40x208_Layers_175/Fire/fire_iron_helmet_particles_40x208.png,156,f26608eb0fe3044cf9747b9cb1275fbc375d2219ecda7e4842b2bacfb4049531,,PATCH4-1.0.0,PASS
PATCH4-ASSET-00433,05_Element_Particle_40x208_Layers_175/Fire/fire_iron_toe_boots_particles_40x208.png,151,baf6bacc138dec937f548ec64597a34fff799c1d8deb5c6f474209433aee6e14,,PATCH4-1.0.0,PASS
PATCH4-ASSET-00434,05_Element_Particle_40x208_Layers_175/Fire/fire_knight_helmet_particles_40x208.png,156,f26608eb0fe3044cf9747b9cb1275fbc375d2219ecda7e4842b2bacfb4049531,,PATCH4-1.0.0,PASS
PATCH4-ASSET-00435,05_Element_Particle_40x208_Layers_175/Fire/fire_leather_armor_particles_40x208.png,157,a7d9ca7b479d6ab0e4093951aceeb55ac95514aa311da503db7c6ed9823fe833,,PATCH4-1.0.0,PASS
PATCH4-ASSET-00436,05_Element_Particle_40x208_Layers_175/Fire/fire_leather_boots_particles_40x208.png,151,baf6bacc138dec937f548ec64597a34fff799c1d8deb5c6f474209433aee6e14,,PATCH4-1.0.0,PASS
PATCH4-ASSET-00437,05_Element_Particle_40x208_Layers_175/Fire/fire_leather_cap_particles_40x208.png,156,f26608eb0fe3044cf9747b9cb1275fbc375d2219ecda7e4842b2bacfb4049531,,PATCH4-1.0.0,PASS
PATCH4-ASSET-00438,05_Element_Particle_40x208_Layers_175/Fire/fire_leather_pants_particles_40x208.png,153,f1aa47b7ddfa497def95a74cdd1e76804a66ff63f5d99173b30518d12f7582df,,PATCH4-1.0.0,PASS
PATCH4-ASSET-00439,05_Element_Particle_40x208_Layers_175/Fire/fire_long_sword_particles_40x208.png,151,d6c1109d2a11903465ec6f3dcea1853e8050c2ce12d8054555ca198da6940bda,,PATCH4-1.0.0,PASS
PATCH4-ASSET-00440,05_Element_Particle_40x208_Layers_175/Fire/fire_longbow_particles_40x208.png,153,f953b0c2e352e118954e540c4cfc593903476422843461b7cc692acf83928a32,,PATCH4-1.0.0,PASS
PATCH4-ASSET-00441,05_Element_Particle_40x208_Layers_175/Fire/fire_plate_armor_particles_40x208.png,157,a7d9ca7b479d6ab0e4093951aceeb55ac95514aa311da503db7c6ed9823fe833,,PATCH4-1.0.0,PASS
PATCH4-ASSET-00442,05_Element_Particle_40x208_Layers_175/Fire/fire_plate_greaves_particles_40x208.png,153,f1aa47b7ddfa497def95a74cdd1e76804a66ff63f5d99173b30518d12f7582df,,PATCH4-1.0.0,PASS
PATCH4-ASSET-00443,05_Element_Particle_40x208_Layers_175/Fire/fire_rapier_particles_40x208.png,151,d6c1109d2a11903465ec6f3dcea1853e8050c2ce12d8054555ca198da6940bda,,PATCH4-1.0.0,PASS
PATCH4-ASSET-00444,05_Element_Particle_40x208_Layers_175/Fire/fire_sacred_relic_particles_40x208.png,154,fbe52409a8539477a0e52a90f0f22344f9e83646d1d78b3987aab4117b042129,,PATCH4-1.0.0,PASS
PATCH4-ASSET-00445,05_Element_Particle_40x208_Layers_175/Fire/fire_short_sword_particles_40x208.png,151,d6c1109d2a11903465ec6f3dcea1853e8050c2ce12d8054555ca198da6940bda,,PATCH4-1.0.0,PASS
PATCH4-ASSET-00446,05_Element_Particle_40x208_Layers_175/Fire/fire_silver_badge_particles_40x208.png,153,0fb03c13bfff7be7ca156b15c077f560b601440c5263460e40cdce622ee2e43e,,PATCH4-1.0.0,PASS
PATCH4-ASSET-00447,05_Element_Particle_40x208_Layers_175/Fire/fire_straw_sandals_particles_40x208.png,151,baf6bacc138dec937f548ec64597a34fff799c1d8deb5c6f474209433aee6e14,,PATCH4-1.0.0,PASS
PATCH4-ASSET-00448,05_Element_Particle_40x208_Layers_175/Fire/fire_whisper_orb_particles_40x208.png,154,ef3b6a92e9c7082235986ff3a14ac263a5dbee9ca9013b0ae121cfcfdac9f4e4,,PATCH4-1.0.0,PASS
PATCH4-ASSET-00449,05_Element_Particle_40x208_Layers_175/Fire/fire_wind_boots_particles_40x208.png,151,baf6bacc138dec937f548ec64597a34fff799c1d8deb5c6f474209433aee6e14,,PATCH4-1.0.0,PASS
PATCH4-ASSET-00450,05_Element_Particle_40x208_Layers_175/Metal/metal_battle_axe_particles_40x208.png,148,fc342f0699163b1f10c90c9f83e6c305d3e21d9e9bb60567cfc7f86c79da2346,,PATCH4-1.0.0,PASS
PATCH4-ASSET-00451,05_Element_Particle_40x208_Layers_175/Metal/metal_battle_helmet_particles_40x208.png,151,388dab99a6584c689825b12f70b0e6a7995eb487a6fbda998b68b2a4a9ff6667,,PATCH4-1.0.0,PASS
PATCH4-ASSET-00452,05_Element_Particle_40x208_Layers_175/Metal/metal_carved_wood_amulet_particles_40x208.png,148,1139fb291549b157aa5eada70b370cab99b4760c7603d2c43fe9fc3b37e961c8,,PATCH4-1.0.0,PASS
PATCH4-ASSET-00453,05_Element_Particle_40x208_Layers_175/Metal/metal_chainmail_armor_particles_40x208.png,148,2887217037e4aa63854a3254db2906d2bc17af15b95c9cb45b46061d38776eaa,,PATCH4-1.0.0,PASS
PATCH4-ASSET-00454,05_Element_Particle_40x208_Layers_175/Metal/metal_chainmail_pants_particles_40x208.png,149,d767369e6166ef19c7118211e1950aebac624453e56b2750705ae306d455b77c,,PATCH4-1.0.0,PASS
PATCH4-ASSET-00455,05_Element_Particle_40x208_Layers_175/Metal/metal_cloth_armor_particles_40x208.png,148,2887217037e4aa63854a3254db2906d2bc17af15b95c9cb45b46061d38776eaa,,PATCH4-1.0.0,PASS
PATCH4-ASSET-00456,05_Element_Particle_40x208_Layers_175/Metal/metal_cloth_pants_particles_40x208.png,149,d767369e6166ef19c7118211e1950aebac624453e56b2750705ae306d455b77c,,PATCH4-1.0.0,PASS
PATCH4-ASSET-00457,05_Element_Particle_40x208_Layers_175/Metal/metal_dragon_head_helmet_particles_40x208.png,150,22b54cb14abc566a067ff406d94aee3ae8dc3181e22f1d3833882771b9678d12,,PATCH4-1.0.0,PASS
PATCH4-ASSET-00458,05_Element_Particle_40x208_Layers_175/Metal/metal_dragon_scale_armor_particles_40x208.png,148,2887217037e4aa63854a3254db2906d2bc17af15b95c9cb45b46061d38776eaa,,PATCH4-1.0.0,PASS
PATCH4-ASSET-00459,05_Element_Particle_40x208_Layers_175/Metal/metal_dragon_scale_legs_particles_40x208.png,149,d767369e6166ef19c7118211e1950aebac624453e56b2750705ae306d455b77c,,PATCH4-1.0.0,PASS
PATCH4-ASSET-00460,05_Element_Particle_40x208_Layers_175/Metal/metal_dragon_walk_boots_particles_40x208.png,151,61d7dfa76d8c615e5676710c908e009f4c61fa150d62aea16000fb1144d5a89f,,PATCH4-1.0.0,PASS
PATCH4-ASSET-00461,05_Element_Particle_40x208_Layers_175/Metal/metal_engraved_copper_ring_particles_40x208.png,150,bc67ad22f7cc184e5901dfe7d5cfaaf64057fc09c2249ced27aaa2f42784ef26,,PATCH4-1.0.0,PASS
PATCH4-ASSET-00462,05_Element_Particle_40x208_Layers_175/Metal/metal_great_axe_particles_40x208.png,148,fc342f0699163b1f10c90c9f83e6c305d3e21d9e9bb60567cfc7f86c79da2346,,PATCH4-1.0.0,PASS
PATCH4-ASSET-00463,05_Element_Particle_40x208_Layers_175/Metal/metal_great_sword_particles_40x208.png,149,7ef3e87fba4e538671b1fa2cd757a674d12753ab3d188b14416932a97fe51b06,,PATCH4-1.0.0,PASS
PATCH4-ASSET-00464,05_Element_Particle_40x208_Layers_175/Metal/metal_hand_axe_particles_40x208.png,148,fc342f0699163b1f10c90c9f83e6c305d3e21d9e9bb60567cfc7f86c79da2346,,PATCH4-1.0.0,PASS
PATCH4-ASSET-00465,05_Element_Particle_40x208_Layers_175/Metal/metal_heavy_crossbow_particles_40x208.png,150,5a2bd8809757e22e7356e7df47971c3fd9bf6e8c1e0fdd01240a2d1866237b8d,,PATCH4-1.0.0,PASS
PATCH4-ASSET-00466,05_Element_Particle_40x208_Layers_175/Metal/metal_hunting_bow_particles_40x208.png,149,2f17ffcd5f7822d807b3517c694cdf297a026e5d14c73c83ee063d518874a99e,,PATCH4-1.0.0,PASS
PATCH4-ASSET-00467,05_Element_Particle_40x208_Layers_175/Metal/metal_iron_helmet_particles_40x208.png,151,388dab99a6584c689825b12f70b0e6a7995eb487a6fbda998b68b2a4a9ff6667,,PATCH4-1.0.0,PASS
PATCH4-ASSET-00468,05_Element_Particle_40x208_Layers_175/Metal/metal_iron_toe_boots_particles_40x208.png,151,61d7dfa76d8c615e5676710c908e009f4c61fa150d62aea16000fb1144d5a89f,,PATCH4-1.0.0,PASS
PATCH4-ASSET-00469,05_Element_Particle_40x208_Layers_175/Metal/metal_knight_helmet_particles_40x208.png,151,388dab99a6584c689825b12f70b0e6a7995eb487a6fbda998b68b2a4a9ff6667,,PATCH4-1.0.0,PASS
PATCH4-ASSET-00470,05_Element_Particle_40x208_Layers_175/Metal/metal_leather_armor_particles_40x208.png,148,2887217037e4aa63854a3254db2906d2bc17af15b95c9cb45b46061d38776eaa,,PATCH4-1.0.0,PASS
PATCH4-ASSET-00471,05_Element_Particle_40x208_Layers_175/Metal/metal_leather_boots_particles_40x208.png,151,61d7dfa76d8c615e5676710c908e009f4c61fa150d62aea16000fb1144d5a89f,,PATCH4-1.0.0,PASS
PATCH4-ASSET-00472,05_Element_Particle_40x208_Layers_175/Metal/metal_leather_cap_particles_40x208.png,151,388dab99a6584c689825b12f70b0e6a7995eb487a6fbda998b68b2a4a9ff6667,,PATCH4-1.0.0,PASS
PATCH4-ASSET-00473,05_Element_Particle_40x208_Layers_175/Metal/metal_leather_pants_particles_40x208.png,149,d767369e6166ef19c7118211e1950aebac624453e56b2750705ae306d455b77c,,PATCH4-1.0.0,PASS
PATCH4-ASSET-00474,05_Element_Particle_40x208_Layers_175/Metal/metal_long_sword_particles_40x208.png,149,5a319f2ed73c6168432a211051435338394875ea4729b9952ff2e3c944e9b11a,,PATCH4-1.0.0,PASS
PATCH4-ASSET-00475,05_Element_Particle_40x208_Layers_175/Metal/metal_longbow_particles_40x208.png,149,cef8aef7041aa056b2eceb5a2c97a4f6c2d0f4f0526fb2ec2f26ed0f9c95b2e8,,PATCH4-1.0.0,PASS
PATCH4-ASSET-00476,05_Element_Particle_40x208_Layers_175/Metal/metal_plate_armor_particles_40x208.png,148,2887217037e4aa63854a3254db2906d2bc17af15b95c9cb45b46061d38776eaa,,PATCH4-1.0.0,PASS
PATCH4-ASSET-00477,05_Element_Particle_40x208_Layers_175/Metal/metal_plate_greaves_particles_40x208.png,149,d767369e6166ef19c7118211e1950aebac624453e56b2750705ae306d455b77c,,PATCH4-1.0.0,PASS
PATCH4-ASSET-00478,05_Element_Particle_40x208_Layers_175/Metal/metal_rapier_particles_40x208.png,149,5a319f2ed73c6168432a211051435338394875ea4729b9952ff2e3c944e9b11a,,PATCH4-1.0.0,PASS
PATCH4-ASSET-00479,05_Element_Particle_40x208_Layers_175/Metal/metal_sacred_relic_particles_40x208.png,147,d210328ca996b0c676842f871a637769ac7e84f5cd3256a99658c84280ce4072,,PATCH4-1.0.0,PASS
PATCH4-ASSET-00480,05_Element_Particle_40x208_Layers_175/Metal/metal_short_sword_particles_40x208.png,149,5a319f2ed73c6168432a211051435338394875ea4729b9952ff2e3c944e9b11a,,PATCH4-1.0.0,PASS
PATCH4-ASSET-00481,05_Element_Particle_40x208_Layers_175/Metal/metal_silver_badge_particles_40x208.png,148,4effd1a27aebb5dc922dc6e3dfd7898c5bc022f07a4de2a6a222c3b768957387,,PATCH4-1.0.0,PASS
PATCH4-ASSET-00482,05_Element_Particle_40x208_Layers_175/Metal/metal_straw_sandals_particles_40x208.png,151,61d7dfa76d8c615e5676710c908e009f4c61fa150d62aea16000fb1144d5a89f,,PATCH4-1.0.0,PASS
PATCH4-ASSET-00483,05_Element_Particle_40x208_Layers_175/Metal/metal_whisper_orb_particles_40x208.png,149,731406d51aa7536450a7473154a54929a2567f7fda77d8264ea11d643fd41e91,,PATCH4-1.0.0,PASS
PATCH4-ASSET-00484,05_Element_Particle_40x208_Layers_175/Metal/metal_wind_boots_particles_40x208.png,151,61d7dfa76d8c615e5676710c908e009f4c61fa150d62aea16000fb1144d5a89f,,PATCH4-1.0.0,PASS
PATCH4-ASSET-00485,05_Element_Particle_40x208_Layers_175/Water/water_battle_axe_particles_40x208.png,143,b1fb09526540c2f7f0210bfad7eed9863312de7e495b0a897332eb1bca13e7cd,,PATCH4-1.0.0,PASS
PATCH4-ASSET-00486,05_Element_Particle_40x208_Layers_175/Water/water_battle_helmet_particles_40x208.png,145,7a97ea46621aa9e429414ff82e748d55514822128a6356755a1c3ab2a76f54d5,,PATCH4-1.0.0,PASS
PATCH4-ASSET-00487,05_Element_Particle_40x208_Layers_175/Water/water_carved_wood_amulet_particles_40x208.png,146,bcfe268f6a18cc1eca282d39a3f3f6986a22b055886340f2f1691b63e5377edc,,PATCH4-1.0.0,PASS
PATCH4-ASSET-00488,05_Element_Particle_40x208_Layers_175/Water/water_chainmail_armor_particles_40x208.png,145,da9eaf854af2c174759f762da1586de9652253318317a6f8b53ab2cd12579915,,PATCH4-1.0.0,PASS
PATCH4-ASSET-00489,05_Element_Particle_40x208_Layers_175/Water/water_chainmail_pants_particles_40x208.png,146,23749ed9b6c3d362b069774373a4a5351294dfdf05b37e33249e4de149aa1c8d,,PATCH4-1.0.0,PASS
PATCH4-ASSET-00490,05_Element_Particle_40x208_Layers_175/Water/water_cloth_armor_particles_40x208.png,145,da9eaf854af2c174759f762da1586de9652253318317a6f8b53ab2cd12579915,,PATCH4-1.0.0,PASS
PATCH4-ASSET-00491,05_Element_Particle_40x208_Layers_175/Water/water_cloth_pants_particles_40x208.png,146,23749ed9b6c3d362b069774373a4a5351294dfdf05b37e33249e4de149aa1c8d,,PATCH4-1.0.0,PASS
PATCH4-ASSET-00492,05_Element_Particle_40x208_Layers_175/Water/water_dragon_head_helmet_particles_40x208.png,146,638e8431c6bfc1ee38d656710227df1f42e6033c7d230a3fc4a677d6a4423c52,,PATCH4-1.0.0,PASS
PATCH4-ASSET-00493,05_Element_Particle_40x208_Layers_175/Water/water_dragon_scale_armor_particles_40x208.png,145,da9eaf854af2c174759f762da1586de9652253318317a6f8b53ab2cd12579915,,PATCH4-1.0.0,PASS
PATCH4-ASSET-00494,05_Element_Particle_40x208_Layers_175/Water/water_dragon_scale_legs_particles_40x208.png,146,23749ed9b6c3d362b069774373a4a5351294dfdf05b37e33249e4de149aa1c8d,,PATCH4-1.0.0,PASS
PATCH4-ASSET-00495,05_Element_Particle_40x208_Layers_175/Water/water_dragon_walk_boots_particles_40x208.png,143,7e5f29e95a1528f9ea6326cd4dc20e84e8bb5dba3dd61098e7c6b34087b95715,,PATCH4-1.0.0,PASS
PATCH4-ASSET-00496,05_Element_Particle_40x208_Layers_175/Water/water_engraved_copper_ring_particles_40x208.png,143,abcf751fc5f586ad65aeb2fffaaf89918391f2d02f9658bbb70119a4d34a33f4,,PATCH4-1.0.0,PASS
PATCH4-ASSET-00497,05_Element_Particle_40x208_Layers_175/Water/water_great_axe_particles_40x208.png,143,b1fb09526540c2f7f0210bfad7eed9863312de7e495b0a897332eb1bca13e7cd,,PATCH4-1.0.0,PASS
PATCH4-ASSET-00498,05_Element_Particle_40x208_Layers_175/Water/water_great_sword_particles_40x208.png,143,fedee0defe035774aaa42447d35cbb2d8311695de1e847b90469afbe620d0173,,PATCH4-1.0.0,PASS
PATCH4-ASSET-00499,05_Element_Particle_40x208_Layers_175/Water/water_hand_axe_particles_40x208.png,143,b1fb09526540c2f7f0210bfad7eed9863312de7e495b0a897332eb1bca13e7cd,,PATCH4-1.0.0,PASS
PATCH4-ASSET-00500,05_Element_Particle_40x208_Layers_175/Water/water_heavy_crossbow_particles_40x208.png,144,958904dcb7c96790607faa71ba422909eef39943150fa17059e1d09e58184289,,PATCH4-1.0.0,PASS
PATCH4-ASSET-00501,05_Element_Particle_40x208_Layers_175/Water/water_hunting_bow_particles_40x208.png,147,bbcd63e8fa23c5d86cce358637545b45fb4d3f374ad9d0764284dbc6969bd1f0,,PATCH4-1.0.0,PASS
PATCH4-ASSET-00502,05_Element_Particle_40x208_Layers_175/Water/water_iron_helmet_particles_40x208.png,145,7a97ea46621aa9e429414ff82e748d55514822128a6356755a1c3ab2a76f54d5,,PATCH4-1.0.0,PASS
PATCH4-ASSET-00503,05_Element_Particle_40x208_Layers_175/Water/water_iron_toe_boots_particles_40x208.png,143,7e5f29e95a1528f9ea6326cd4dc20e84e8bb5dba3dd61098e7c6b34087b95715,,PATCH4-1.0.0,PASS
PATCH4-ASSET-00504,05_Element_Particle_40x208_Layers_175/Water/water_knight_helmet_particles_40x208.png,145,7a97ea46621aa9e429414ff82e748d55514822128a6356755a1c3ab2a76f54d5,,PATCH4-1.0.0,PASS
PATCH4-ASSET-00505,05_Element_Particle_40x208_Layers_175/Water/water_leather_armor_particles_40x208.png,145,da9eaf854af2c174759f762da1586de9652253318317a6f8b53ab2cd12579915,,PATCH4-1.0.0,PASS
PATCH4-ASSET-00506,05_Element_Particle_40x208_Layers_175/Water/water_leather_boots_particles_40x208.png,143,7e5f29e95a1528f9ea6326cd4dc20e84e8bb5dba3dd61098e7c6b34087b95715,,PATCH4-1.0.0,PASS
PATCH4-ASSET-00507,05_Element_Particle_40x208_Layers_175/Water/water_leather_cap_particles_40x208.png,145,7a97ea46621aa9e429414ff82e748d55514822128a6356755a1c3ab2a76f54d5,,PATCH4-1.0.0,PASS
PATCH4-ASSET-00508,05_Element_Particle_40x208_Layers_175/Water/water_leather_pants_particles_40x208.png,146,23749ed9b6c3d362b069774373a4a5351294dfdf05b37e33249e4de149aa1c8d,,PATCH4-1.0.0,PASS
PATCH4-ASSET-00509,05_Element_Particle_40x208_Layers_175/Water/water_long_sword_particles_40x208.png,143,c2c60cb45a07abfa5dee52eda3fb15b81d4412284ca42a9d1e870289d1be7e55,,PATCH4-1.0.0,PASS
PATCH4-ASSET-00510,05_Element_Particle_40x208_Layers_175/Water/water_longbow_particles_40x208.png,144,846552e1b49b998af6c050e19c711912447477b681e0296759fcee5732da2d30,,PATCH4-1.0.0,PASS
PATCH4-ASSET-00511,05_Element_Particle_40x208_Layers_175/Water/water_plate_armor_particles_40x208.png,145,da9eaf854af2c174759f762da1586de9652253318317a6f8b53ab2cd12579915,,PATCH4-1.0.0,PASS
PATCH4-ASSET-00512,05_Element_Particle_40x208_Layers_175/Water/water_plate_greaves_particles_40x208.png,146,23749ed9b6c3d362b069774373a4a5351294dfdf05b37e33249e4de149aa1c8d,,PATCH4-1.0.0,PASS
PATCH4-ASSET-00513,05_Element_Particle_40x208_Layers_175/Water/water_rapier_particles_40x208.png,143,5d1801a5550f0c2b1b88104b243c95831dbda91f63d69386fd2ffe312806c7ba,,PATCH4-1.0.0,PASS
PATCH4-ASSET-00514,05_Element_Particle_40x208_Layers_175/Water/water_sacred_relic_particles_40x208.png,146,3f99a9d837d966839f8e2dd70499f83ead707a171c860872c229cdcc278b5a6a,,PATCH4-1.0.0,PASS
PATCH4-ASSET-00515,05_Element_Particle_40x208_Layers_175/Water/water_short_sword_particles_40x208.png,143,c2c60cb45a07abfa5dee52eda3fb15b81d4412284ca42a9d1e870289d1be7e55,,PATCH4-1.0.0,PASS
PATCH4-ASSET-00516,05_Element_Particle_40x208_Layers_175/Water/water_silver_badge_particles_40x208.png,146,e4c2d95c0d7d5811703c32955b74c87df8f3ea8e6efd6e05d4025a8cb67dcf76,,PATCH4-1.0.0,PASS
PATCH4-ASSET-00517,05_Element_Particle_40x208_Layers_175/Water/water_straw_sandals_particles_40x208.png,143,7e5f29e95a1528f9ea6326cd4dc20e84e8bb5dba3dd61098e7c6b34087b95715,,PATCH4-1.0.0,PASS
PATCH4-ASSET-00518,05_Element_Particle_40x208_Layers_175/Water/water_whisper_orb_particles_40x208.png,146,56d7408def3a12582139ba7c30b151df0fa647feec702753a86e38aea6c2e19d,,PATCH4-1.0.0,PASS
PATCH4-ASSET-00519,05_Element_Particle_40x208_Layers_175/Water/water_wind_boots_particles_40x208.png,143,7e5f29e95a1528f9ea6326cd4dc20e84e8bb5dba3dd61098e7c6b34087b95715,,PATCH4-1.0.0,PASS
PATCH4-ASSET-00520,05_Element_Particle_40x208_Layers_175/Wood/wood_battle_axe_particles_40x208.png,143,878a09178644ca938ce7af795f95d3cd3432fb676a6a16539d8111449500b721,,PATCH4-1.0.0,PASS
PATCH4-ASSET-00521,05_Element_Particle_40x208_Layers_175/Wood/wood_battle_helmet_particles_40x208.png,143,14fd0a74e5784bd4cd9db6fe0615ed1e00c502dccba263193d97760b871b6c3b,,PATCH4-1.0.0,PASS
PATCH4-ASSET-00522,05_Element_Particle_40x208_Layers_175/Wood/wood_carved_wood_amulet_particles_40x208.png,146,ed163b9679970dc952708ef220d195eb677bc7e7a11f880ceb5420a44e332d9d,,PATCH4-1.0.0,PASS
PATCH4-ASSET-00523,05_Element_Particle_40x208_Layers_175/Wood/wood_chainmail_armor_particles_40x208.png,144,082fe04e7eddffe18465fdca9a03cb7c060a8dbfdc4899093ff0f904a65a672e,,PATCH4-1.0.0,PASS
PATCH4-ASSET-00524,05_Element_Particle_40x208_Layers_175/Wood/wood_chainmail_pants_particles_40x208.png,145,9550e39f56bfdefcb92a7159bff12345f2a7b4096e5395bb790434b59372996f,,PATCH4-1.0.0,PASS
PATCH4-ASSET-00525,05_Element_Particle_40x208_Layers_175/Wood/wood_cloth_armor_particles_40x208.png,144,082fe04e7eddffe18465fdca9a03cb7c060a8dbfdc4899093ff0f904a65a672e,,PATCH4-1.0.0,PASS
PATCH4-ASSET-00526,05_Element_Particle_40x208_Layers_175/Wood/wood_cloth_pants_particles_40x208.png,145,9550e39f56bfdefcb92a7159bff12345f2a7b4096e5395bb790434b59372996f,,PATCH4-1.0.0,PASS
PATCH4-ASSET-00527,05_Element_Particle_40x208_Layers_175/Wood/wood_dragon_head_helmet_particles_40x208.png,146,eeb8e8a66ffb2867f68668456b9dfb59d55ca9bfbefba8d8375b4b43476d16d5,,PATCH4-1.0.0,PASS
PATCH4-ASSET-00528,05_Element_Particle_40x208_Layers_175/Wood/wood_dragon_scale_armor_particles_40x208.png,144,082fe04e7eddffe18465fdca9a03cb7c060a8dbfdc4899093ff0f904a65a672e,,PATCH4-1.0.0,PASS
PATCH4-ASSET-00529,05_Element_Particle_40x208_Layers_175/Wood/wood_dragon_scale_legs_particles_40x208.png,145,9550e39f56bfdefcb92a7159bff12345f2a7b4096e5395bb790434b59372996f,,PATCH4-1.0.0,PASS
PATCH4-ASSET-00530,05_Element_Particle_40x208_Layers_175/Wood/wood_dragon_walk_boots_particles_40x208.png,143,ad4f4b9c3b9673e214c7e35997b169dc0f4fd12f85c7766c311549cb19669947,,PATCH4-1.0.0,PASS
PATCH4-ASSET-00531,05_Element_Particle_40x208_Layers_175/Wood/wood_engraved_copper_ring_particles_40x208.png,145,f46b665a8589abd7e3b69443ed26a988bb316cf777926348bd49da48d6ba9c11,,PATCH4-1.0.0,PASS
PATCH4-ASSET-00532,05_Element_Particle_40x208_Layers_175/Wood/wood_great_axe_particles_40x208.png,143,878a09178644ca938ce7af795f95d3cd3432fb676a6a16539d8111449500b721,,PATCH4-1.0.0,PASS
PATCH4-ASSET-00533,05_Element_Particle_40x208_Layers_175/Wood/wood_great_sword_particles_40x208.png,143,560ffa5d722c4cdaf7ed41a1211f88dab4f56ca75c82b9ccb7fa1cd6b9ba56dd,,PATCH4-1.0.0,PASS
PATCH4-ASSET-00534,05_Element_Particle_40x208_Layers_175/Wood/wood_hand_axe_particles_40x208.png,143,878a09178644ca938ce7af795f95d3cd3432fb676a6a16539d8111449500b721,,PATCH4-1.0.0,PASS
PATCH4-ASSET-00535,05_Element_Particle_40x208_Layers_175/Wood/wood_heavy_crossbow_particles_40x208.png,143,b5357413e8eacb2ec1b0a1854e3ff8e7682b90ecb78facc2a712897f4db3389f,,PATCH4-1.0.0,PASS
PATCH4-ASSET-00536,05_Element_Particle_40x208_Layers_175/Wood/wood_hunting_bow_particles_40x208.png,143,bab24eebfd2008eda14735c2691f0d9e3933a308f9d12519a32842c9eee5c2d9,,PATCH4-1.0.0,PASS
PATCH4-ASSET-00537,05_Element_Particle_40x208_Layers_175/Wood/wood_iron_helmet_particles_40x208.png,143,14fd0a74e5784bd4cd9db6fe0615ed1e00c502dccba263193d97760b871b6c3b,,PATCH4-1.0.0,PASS
PATCH4-ASSET-00538,05_Element_Particle_40x208_Layers_175/Wood/wood_iron_toe_boots_particles_40x208.png,143,ad4f4b9c3b9673e214c7e35997b169dc0f4fd12f85c7766c311549cb19669947,,PATCH4-1.0.0,PASS
PATCH4-ASSET-00539,05_Element_Particle_40x208_Layers_175/Wood/wood_knight_helmet_particles_40x208.png,143,14fd0a74e5784bd4cd9db6fe0615ed1e00c502dccba263193d97760b871b6c3b,,PATCH4-1.0.0,PASS
PATCH4-ASSET-00540,05_Element_Particle_40x208_Layers_175/Wood/wood_leather_armor_particles_40x208.png,144,082fe04e7eddffe18465fdca9a03cb7c060a8dbfdc4899093ff0f904a65a672e,,PATCH4-1.0.0,PASS
PATCH4-ASSET-00541,05_Element_Particle_40x208_Layers_175/Wood/wood_leather_boots_particles_40x208.png,143,ad4f4b9c3b9673e214c7e35997b169dc0f4fd12f85c7766c311549cb19669947,,PATCH4-1.0.0,PASS
PATCH4-ASSET-00542,05_Element_Particle_40x208_Layers_175/Wood/wood_leather_cap_particles_40x208.png,143,14fd0a74e5784bd4cd9db6fe0615ed1e00c502dccba263193d97760b871b6c3b,,PATCH4-1.0.0,PASS
PATCH4-ASSET-00543,05_Element_Particle_40x208_Layers_175/Wood/wood_leather_pants_particles_40x208.png,145,9550e39f56bfdefcb92a7159bff12345f2a7b4096e5395bb790434b59372996f,,PATCH4-1.0.0,PASS
PATCH4-ASSET-00544,05_Element_Particle_40x208_Layers_175/Wood/wood_long_sword_particles_40x208.png,146,006e577d8bb82aa84d209bf6431e36397cd212686b9580da6673d2c694165fec,,PATCH4-1.0.0,PASS
PATCH4-ASSET-00545,05_Element_Particle_40x208_Layers_175/Wood/wood_longbow_particles_40x208.png,145,838f6a21ec0e6731f27f6f90f435f5af7e5aefbaba1e8de3cf9e6286a96ff3d3,,PATCH4-1.0.0,PASS
PATCH4-ASSET-00546,05_Element_Particle_40x208_Layers_175/Wood/wood_plate_armor_particles_40x208.png,144,082fe04e7eddffe18465fdca9a03cb7c060a8dbfdc4899093ff0f904a65a672e,,PATCH4-1.0.0,PASS
PATCH4-ASSET-00547,05_Element_Particle_40x208_Layers_175/Wood/wood_plate_greaves_particles_40x208.png,145,9550e39f56bfdefcb92a7159bff12345f2a7b4096e5395bb790434b59372996f,,PATCH4-1.0.0,PASS
PATCH4-ASSET-00548,05_Element_Particle_40x208_Layers_175/Wood/wood_rapier_particles_40x208.png,146,006e577d8bb82aa84d209bf6431e36397cd212686b9580da6673d2c694165fec,,PATCH4-1.0.0,PASS
PATCH4-ASSET-00549,05_Element_Particle_40x208_Layers_175/Wood/wood_sacred_relic_particles_40x208.png,144,c0f02c90f88f0b43cbee9c32e2d3f712362e02046867afa1afe07503f5b9f733,,PATCH4-1.0.0,PASS
PATCH4-ASSET-00550,05_Element_Particle_40x208_Layers_175/Wood/wood_short_sword_particles_40x208.png,146,006e577d8bb82aa84d209bf6431e36397cd212686b9580da6673d2c694165fec,,PATCH4-1.0.0,PASS
PATCH4-ASSET-00551,05_Element_Particle_40x208_Layers_175/Wood/wood_silver_badge_particles_40x208.png,146,b59344031710f33e78f29744b587855ec7c51331e8f8cafbcce24ae300323236,,PATCH4-1.0.0,PASS
PATCH4-ASSET-00552,05_Element_Particle_40x208_Layers_175/Wood/wood_straw_sandals_particles_40x208.png,143,ad4f4b9c3b9673e214c7e35997b169dc0f4fd12f85c7766c311549cb19669947,,PATCH4-1.0.0,PASS
PATCH4-ASSET-00553,05_Element_Particle_40x208_Layers_175/Wood/wood_whisper_orb_particles_40x208.png,147,ae29d674ec3bdc9480b3243f6d22bf3128e37008a93aa27b3a2df18e7a5243cf,,PATCH4-1.0.0,PASS
PATCH4-ASSET-00554,05_Element_Particle_40x208_Layers_175/Wood/wood_wind_boots_particles_40x208.png,143,ad4f4b9c3b9673e214c7e35997b169dc0f4fd12f85c7766c311549cb19669947,,PATCH4-1.0.0,PASS
PATCH4-ASSET-00555,06_Final_Element_Icons_175/Earth/earth_battle_axe_final_20x20.png,225,395e84f81c531751b560b57e24fb2aa3c7c9fe1c22ae4cefd24d87cd0ee3d372,,PATCH4-1.0.0,PASS
PATCH4-ASSET-00556,06_Final_Element_Icons_175/Earth/earth_battle_helmet_final_20x20.png,259,11bc8454882c45ee66d5e8c2793c108a1d21de5451d16723bd85c5456f5deadf,,PATCH4-1.0.0,PASS
PATCH4-ASSET-00557,06_Final_Element_Icons_175/Earth/earth_carved_wood_amulet_final_20x20.png,201,c0d719bc69ebd4a0db0c28d8be477e237f32c1b9226978e16161c7a19a9ce014,,PATCH4-1.0.0,PASS
PATCH4-ASSET-00558,06_Final_Element_Icons_175/Earth/earth_chainmail_armor_final_20x20.png,256,a7850a29c039cfb720e4ee9412a1f5e775c4519a389fed4ab39338d47fb26c13,,PATCH4-1.0.0,PASS
PATCH4-ASSET-00559,06_Final_Element_Icons_175/Earth/earth_chainmail_pants_final_20x20.png,278,da36d6c9a4ec553fb35bf5fb39cd01a4843a091957dee32aea05e83f5d3a4c20,,PATCH4-1.0.0,PASS
PATCH4-ASSET-00560,06_Final_Element_Icons_175/Earth/earth_cloth_armor_final_20x20.png,222,e5ca5d193fe7cce5ef99e800519b0b5e152b8d57307d7156dba66f7260784e0b,,PATCH4-1.0.0,PASS
PATCH4-ASSET-00561,06_Final_Element_Icons_175/Earth/earth_cloth_pants_final_20x20.png,264,47d4dc875f487ec9c3f779d094db2526fe8a803723f51abcc4b6d537c81c0ad0,,PATCH4-1.0.0,PASS
PATCH4-ASSET-00562,06_Final_Element_Icons_175/Earth/earth_dragon_head_helmet_final_20x20.png,232,60929613664d0c21ae063390993b6bb640300876e32adb19b73a9e92e547199c,,PATCH4-1.0.0,PASS
PATCH4-ASSET-00563,06_Final_Element_Icons_175/Earth/earth_dragon_scale_armor_final_20x20.png,233,1c0e0ff09ee1d69f5c99d243c9f1a3808822a85442c3e28972f6086538551455,,PATCH4-1.0.0,PASS
PATCH4-ASSET-00564,06_Final_Element_Icons_175/Earth/earth_dragon_scale_legs_final_20x20.png,291,dd47eee35df2691ba62abd8b84c71ebcd52f038c2a62600cfd0520d5642103ad,,PATCH4-1.0.0,PASS
PATCH4-ASSET-00565,06_Final_Element_Icons_175/Earth/earth_dragon_walk_boots_final_20x20.png,213,cf1254ab255ab430074d73c5eb2da2543912cc6929f9ba368f47673bfcb37ec5,,PATCH4-1.0.0,PASS
PATCH4-ASSET-00566,06_Final_Element_Icons_175/Earth/earth_engraved_copper_ring_final_20x20.png,211,ad063f76fe693e7c626f858bb5aa7823539970107bd03017cedcbe2e2e09c4dc,,PATCH4-1.0.0,PASS
PATCH4-ASSET-00567,06_Final_Element_Icons_175/Earth/earth_great_axe_final_20x20.png,237,ffb1a2ec5d547f2a2dc88d3bada3ded1a5b0450cba8b5c345a3e508ba97e19d2,,PATCH4-1.0.0,PASS
PATCH4-ASSET-00568,06_Final_Element_Icons_175/Earth/earth_great_sword_final_20x20.png,185,863c9cc35f1387b7d8ccbe17961b9996854ce94e1e7a0fa188c82283392e7b88,,PATCH4-1.0.0,PASS
PATCH4-ASSET-00569,06_Final_Element_Icons_175/Earth/earth_hand_axe_final_20x20.png,226,4e8c0cd6dbbb4ff0691fbc7b56fb89b20ec2d11534009269f52fe9dfcafe757b,,PATCH4-1.0.0,PASS
PATCH4-ASSET-00570,06_Final_Element_Icons_175/Earth/earth_heavy_crossbow_final_20x20.png,271,af985a18bf12cdf168169a0eb884edb671dbea30150dd5a1f06752770d7c5b5e,,PATCH4-1.0.0,PASS
PATCH4-ASSET-00571,06_Final_Element_Icons_175/Earth/earth_hunting_bow_final_20x20.png,190,26f56384cc43f4264af3d9f6d1705e51617e3403464fbd57c94fb7ea23c3e2da,,PATCH4-1.0.0,PASS
PATCH4-ASSET-00572,06_Final_Element_Icons_175/Earth/earth_iron_helmet_final_20x20.png,201,9fd20b0bb2a7ab2a60c77535d40c248af2e71c1acd93bc53a7318ead4515453e,,PATCH4-1.0.0,PASS
PATCH4-ASSET-00573,06_Final_Element_Icons_175/Earth/earth_iron_toe_boots_final_20x20.png,231,a3b56d047991231e69b69a83729f90e465f447a72ad986f71ded5bea6a39714e,,PATCH4-1.0.0,PASS
PATCH4-ASSET-00574,06_Final_Element_Icons_175/Earth/earth_knight_helmet_final_20x20.png,232,0d8c90fdbce0fd354fb015e17011721957408e250745ee1b049413f902bfa9c8,,PATCH4-1.0.0,PASS
PATCH4-ASSET-00575,06_Final_Element_Icons_175/Earth/earth_leather_armor_final_20x20.png,238,f979ceb22a44aaf88af6bc9905ae72554a41413e39900d32d9b7f1e338e6738d,,PATCH4-1.0.0,PASS
PATCH4-ASSET-00576,06_Final_Element_Icons_175/Earth/earth_leather_boots_final_20x20.png,213,a75c79f48bc6fd201b16ede1470dddac16745b74e6d4abdbbb9e9b8b4da3b900,,PATCH4-1.0.0,PASS
PATCH4-ASSET-00577,06_Final_Element_Icons_175/Earth/earth_leather_cap_final_20x20.png,199,0bf13befe87635316d270eb566fda148314e9f4fc43cdedaa70c7477b61704ed,,PATCH4-1.0.0,PASS
PATCH4-ASSET-00578,06_Final_Element_Icons_175/Earth/earth_leather_pants_final_20x20.png,253,5843036d68094d10700c4d4aa9324c8bc9bf2841b6f6bac0bcb4fa5858f4543c,,PATCH4-1.0.0,PASS
PATCH4-ASSET-00579,06_Final_Element_Icons_175/Earth/earth_long_sword_final_20x20.png,176,7b3a0ad51ddae5335ffb0019fbc0d7e8f296dabadd689b18a9985d02deb19fac,,PATCH4-1.0.0,PASS
PATCH4-ASSET-00580,06_Final_Element_Icons_175/Earth/earth_longbow_final_20x20.png,245,9026d1aaaed691ce2ea0d071baef4d7a5f2cf00be864baaa3221ed562d1d72b1,,PATCH4-1.0.0,PASS
PATCH4-ASSET-00581,06_Final_Element_Icons_175/Earth/earth_plate_armor_final_20x20.png,219,4b43188e8e6536a62c8fca8aadef5d7b85beef69002c6021fc7337d34b4bb20d,,PATCH4-1.0.0,PASS
PATCH4-ASSET-00582,06_Final_Element_Icons_175/Earth/earth_plate_greaves_final_20x20.png,272,ad518edc89dec01e6d5e0e15ad5195c355b7372a2c32113f9d015eb9615ad4c1,,PATCH4-1.0.0,PASS
PATCH4-ASSET-00583,06_Final_Element_Icons_175/Earth/earth_rapier_final_20x20.png,221,4d0e7c0357853b6ca175380947c95ef66323634fbbd8da96292b6bac5324a56c,,PATCH4-1.0.0,PASS
PATCH4-ASSET-00584,06_Final_Element_Icons_175/Earth/earth_sacred_relic_final_20x20.png,203,fc2a7d90984f0ada012e69ae799bbced15c8e66fba0b1076faa0bb1d38a115dc,,PATCH4-1.0.0,PASS
PATCH4-ASSET-00585,06_Final_Element_Icons_175/Earth/earth_short_sword_final_20x20.png,181,156ec8dc343721853cd6c6e35e9ce9ef2c4ae553db53cd40b9d1062bf70455b9,,PATCH4-1.0.0,PASS
PATCH4-ASSET-00586,06_Final_Element_Icons_175/Earth/earth_silver_badge_final_20x20.png,230,2b230c89349c6d322bcc04c1ac0814457b7eee5a6c4955bd453003eeb43b8989,,PATCH4-1.0.0,PASS
PATCH4-ASSET-00587,06_Final_Element_Icons_175/Earth/earth_straw_sandals_final_20x20.png,258,f217398353a4bfb40187fd32132c7c8fc5a8d5aacebfabd383ae24aaf8bcd6f7,,PATCH4-1.0.0,PASS
PATCH4-ASSET-00588,06_Final_Element_Icons_175/Earth/earth_whisper_orb_final_20x20.png,220,70347c04250d0ba7d17b407b5f9329c0925ec948c0d312d5d8272d52cfbb0c68,,PATCH4-1.0.0,PASS
PATCH4-ASSET-00589,06_Final_Element_Icons_175/Earth/earth_wind_boots_final_20x20.png,245,58f9f6465dc37bd00635da15e0f24766904258969f3cf53cfb51a0fca2ebef05,,PATCH4-1.0.0,PASS
PATCH4-ASSET-00590,06_Final_Element_Icons_175/Fire/fire_battle_axe_final_20x20.png,233,965f84160b94bb36530bf7bff9a5f56adb0da527d06a0aa7c47f92696a849e90,,PATCH4-1.0.0,PASS
PATCH4-ASSET-00591,06_Final_Element_Icons_175/Fire/fire_battle_helmet_final_20x20.png,275,99945563aac07b1e699056316341b45f4476dc5ecbfeb8f0846a87c982000648,,PATCH4-1.0.0,PASS
PATCH4-ASSET-00592,06_Final_Element_Icons_175/Fire/fire_carved_wood_amulet_final_20x20.png,193,6d36e96dcc9683b0daa13882fe98a9f406907ec1fde1cc77e61ed9b70f86b634,,PATCH4-1.0.0,PASS
PATCH4-ASSET-00593,06_Final_Element_Icons_175/Fire/fire_chainmail_armor_final_20x20.png,270,5d4b333ad5088b263f1252e43cfc6272c1c8d4e08c21c335e42b2b5d9de8886d,,PATCH4-1.0.0,PASS
PATCH4-ASSET-00594,06_Final_Element_Icons_175/Fire/fire_chainmail_pants_final_20x20.png,296,3a50d74b95341a23bcc0fb6b7ceaa07bed7a1ffa8add38515d4deb40fb49267f,,PATCH4-1.0.0,PASS
PATCH4-ASSET-00595,06_Final_Element_Icons_175/Fire/fire_cloth_armor_final_20x20.png,225,aac02e8038d3a811171cd9ac6954b10c08c15120133e50bfaa8734577660d578,,PATCH4-1.0.0,PASS
PATCH4-ASSET-00596,06_Final_Element_Icons_175/Fire/fire_cloth_pants_final_20x20.png,279,698ad06100ec322db97820a54f597a91f38e89aabbd59e985eaec7f8b201d774,,PATCH4-1.0.0,PASS
PATCH4-ASSET-00597,06_Final_Element_Icons_175/Fire/fire_dragon_head_helmet_final_20x20.png,251,3628e37932a3998304e5d5c24d3de124bd0dfebca355a01b86a2ad0779b43078,,PATCH4-1.0.0,PASS
PATCH4-ASSET-00598,06_Final_Element_Icons_175/Fire/fire_dragon_scale_armor_final_20x20.png,255,ec12e3c20bf3abb807bbd9cc9fedeb595e5954925527385732a8a340e622a75b,,PATCH4-1.0.0,PASS
PATCH4-ASSET-00599,06_Final_Element_Icons_175/Fire/fire_dragon_scale_legs_final_20x20.png,305,057505bf86d6932ef596370597791344d74fee53c29f69696275ad8afe01f0e9,,PATCH4-1.0.0,PASS
PATCH4-ASSET-00600,06_Final_Element_Icons_175/Fire/fire_dragon_walk_boots_final_20x20.png,223,c1dbadcb41412684eabdbc76f2daca7e98115a2c613820e021c15012f966bee5,,PATCH4-1.0.0,PASS
PATCH4-ASSET-00601,06_Final_Element_Icons_175/Fire/fire_engraved_copper_ring_final_20x20.png,217,e588d560a9aefa4c69a70ae526422408e668b0fcf346e0a6695a810039d4fee5,,PATCH4-1.0.0,PASS
PATCH4-ASSET-00602,06_Final_Element_Icons_175/Fire/fire_great_axe_final_20x20.png,243,e0a5d204866809caae5e1ea68d356fc508f46e766a2996db2d91a6055b888818,,PATCH4-1.0.0,PASS
PATCH4-ASSET-00603,06_Final_Element_Icons_175/Fire/fire_great_sword_final_20x20.png,195,49053100debba88699de179311b06c6523e58e88c069e3159d1a379d486f9a3d,,PATCH4-1.0.0,PASS
PATCH4-ASSET-00604,06_Final_Element_Icons_175/Fire/fire_hand_axe_final_20x20.png,238,d4fc2e27f860e20dbbabbfe5196b78433767c49b673fa34df83c463dcc5e2d41,,PATCH4-1.0.0,PASS
PATCH4-ASSET-00605,06_Final_Element_Icons_175/Fire/fire_heavy_crossbow_final_20x20.png,263,a0bea1b01f75df3129277394d98d34c653596376d14db8723fa8ca365c217757,,PATCH4-1.0.0,PASS
PATCH4-ASSET-00606,06_Final_Element_Icons_175/Fire/fire_hunting_bow_final_20x20.png,196,11a3f293aa21ba5982c3830e85b231322724371cf345f7e48851d34cb19f7b9b,,PATCH4-1.0.0,PASS
PATCH4-ASSET-00607,06_Final_Element_Icons_175/Fire/fire_iron_helmet_final_20x20.png,216,ba31ec66d2e5ebf21280a2a3c3700565f3b6c1ea1e5658ad16cca2ad2eaffab3,,PATCH4-1.0.0,PASS
PATCH4-ASSET-00608,06_Final_Element_Icons_175/Fire/fire_iron_toe_boots_final_20x20.png,243,5cb33c16c8b888983d8e85408f797afb6db9aa44188710dd8cd82c68b21a556d,,PATCH4-1.0.0,PASS
PATCH4-ASSET-00609,06_Final_Element_Icons_175/Fire/fire_knight_helmet_final_20x20.png,248,44e239df07311b7b364cd12821971497ff52823d5287fcc9459d1b69e8a32c31,,PATCH4-1.0.0,PASS
PATCH4-ASSET-00610,06_Final_Element_Icons_175/Fire/fire_leather_armor_final_20x20.png,265,4edce51dd764db3f6f4daefa0103b183208c7c92f8c9d97290b92216c0f73eaa,,PATCH4-1.0.0,PASS
PATCH4-ASSET-00611,06_Final_Element_Icons_175/Fire/fire_leather_boots_final_20x20.png,223,2b3fc3232d1d315bffb64ed43b93dff3bb7082b0e842a215176fe20868cbb2c5,,PATCH4-1.0.0,PASS
PATCH4-ASSET-00612,06_Final_Element_Icons_175/Fire/fire_leather_cap_final_20x20.png,234,c5a1cd84edbcefdf4d0762028440f5d8e77bdc7855dc196b26f0232b516a1346,,PATCH4-1.0.0,PASS
PATCH4-ASSET-00613,06_Final_Element_Icons_175/Fire/fire_leather_pants_final_20x20.png,268,b04f1311bae6a2c6a6cb8ef9494259530f8033a2895b3bf34b633ebc2ee72dca,,PATCH4-1.0.0,PASS
PATCH4-ASSET-00614,06_Final_Element_Icons_175/Fire/fire_long_sword_final_20x20.png,184,92c5e422b43926da97755851cf8720012d2eaed29af8159d1770514992b2d925,,PATCH4-1.0.0,PASS
PATCH4-ASSET-00615,06_Final_Element_Icons_175/Fire/fire_longbow_final_20x20.png,239,21ff1e26ac7a40e4a08c772922847ad5d10ebeac10790da85830296b60f629bb,,PATCH4-1.0.0,PASS
PATCH4-ASSET-00616,06_Final_Element_Icons_175/Fire/fire_plate_armor_final_20x20.png,236,c83efd478ecc3617ec23de833a3a242d9e377888d37f48ff2333a6d5e00b9925,,PATCH4-1.0.0,PASS
PATCH4-ASSET-00617,06_Final_Element_Icons_175/Fire/fire_plate_greaves_final_20x20.png,283,d731899115acdc3fe0f1385cc33b39ccfde531f3ec24c3ae31d9373f93604177,,PATCH4-1.0.0,PASS
PATCH4-ASSET-00618,06_Final_Element_Icons_175/Fire/fire_rapier_final_20x20.png,225,8c38c0ba4139f29c0bec29ef41b225f8b15d6aa3659b93507fe1bbeb75805a66,,PATCH4-1.0.0,PASS
PATCH4-ASSET-00619,06_Final_Element_Icons_175/Fire/fire_sacred_relic_final_20x20.png,209,21a945776f94eeedee3169dd60e0bc936536804cac0543a681902dc6a5c1599a,,PATCH4-1.0.0,PASS
PATCH4-ASSET-00620,06_Final_Element_Icons_175/Fire/fire_short_sword_final_20x20.png,183,49cc78701b7ab0006a1241bb01e96e5529ce72ff6f02b8075970d6a0ec55a781,,PATCH4-1.0.0,PASS
PATCH4-ASSET-00621,06_Final_Element_Icons_175/Fire/fire_silver_badge_final_20x20.png,226,04ecc7eae1b2f874ee23ca1031bc73f7dd02316dd2d27083e36aa503c8560852,,PATCH4-1.0.0,PASS
PATCH4-ASSET-00622,06_Final_Element_Icons_175/Fire/fire_straw_sandals_final_20x20.png,267,5b849f8dd3ff86a151e39dab081b703e84dea79dbe5c9fa97ab6c12ae539d584,,PATCH4-1.0.0,PASS
PATCH4-ASSET-00623,06_Final_Element_Icons_175/Fire/fire_whisper_orb_final_20x20.png,227,6ae20ee8a8880aea4f52248c5a5fd9fcbbdc01e0b976064b5938be5052a33582,,PATCH4-1.0.0,PASS
PATCH4-ASSET-00624,06_Final_Element_Icons_175/Fire/fire_wind_boots_final_20x20.png,252,d27407743fe3c72ab0a489592ae15644cec8a3dc90b5ef1f1c60559b59c053e0,,PATCH4-1.0.0,PASS
PATCH4-ASSET-00625,06_Final_Element_Icons_175/Metal/metal_battle_axe_final_20x20.png,235,af64627629c5b2b973ba98d1dc77e42c4b42bcbf8437bb526e1cebb832d34e69,,PATCH4-1.0.0,PASS
PATCH4-ASSET-00626,06_Final_Element_Icons_175/Metal/metal_battle_helmet_final_20x20.png,278,fff7f6664f4c2df2dc0e9974667c0709367fe82212c5155165a528a55b097786,,PATCH4-1.0.0,PASS
PATCH4-ASSET-00627,06_Final_Element_Icons_175/Metal/metal_carved_wood_amulet_final_20x20.png,203,89a5f17c224e2efd69644cc98938440a37d4c8c6dc95403a2f9156cf7846b3c7,,PATCH4-1.0.0,PASS
PATCH4-ASSET-00628,06_Final_Element_Icons_175/Metal/metal_chainmail_armor_final_20x20.png,266,b410cb5ce45bbd92a7a137c798a35a19713c2f04aada9c76cb64ebcc8b7b73eb,,PATCH4-1.0.0,PASS
PATCH4-ASSET-00629,06_Final_Element_Icons_175/Metal/metal_chainmail_pants_final_20x20.png,284,d5bbac81d07f4db99eec5febf2ac229fa5a1bcfeb729e84dcbad2745ed8b3ece,,PATCH4-1.0.0,PASS
PATCH4-ASSET-00630,06_Final_Element_Icons_175/Metal/metal_cloth_armor_final_20x20.png,237,2c418798a0accf7cf4522788921425c5bb83584337853926fc4e41f4ecdc46c1,,PATCH4-1.0.0,PASS
PATCH4-ASSET-00631,06_Final_Element_Icons_175/Metal/metal_cloth_pants_final_20x20.png,270,934cf81c523f222939b2cecb4355032431d1f894c4a3627eb5922e6955461292,,PATCH4-1.0.0,PASS
PATCH4-ASSET-00632,06_Final_Element_Icons_175/Metal/metal_dragon_head_helmet_final_20x20.png,236,3f6eb0eab0c7d3fa5539fbdcec3f1100cdf81a29b65f11fced7eabb198a5bb90,,PATCH4-1.0.0,PASS
PATCH4-ASSET-00633,06_Final_Element_Icons_175/Metal/metal_dragon_scale_armor_final_20x20.png,236,b7273d020e7ead2968bda6d89e43cc4699fc78a13ad7a0fa3b6b0bb2e35a043c,,PATCH4-1.0.0,PASS
PATCH4-ASSET-00634,06_Final_Element_Icons_175/Metal/metal_dragon_scale_legs_final_20x20.png,297,0586821ba63cfc41777fdf6425e365c9a830043d7dbaad948616d0185aea0ec1,,PATCH4-1.0.0,PASS
PATCH4-ASSET-00635,06_Final_Element_Icons_175/Metal/metal_dragon_walk_boots_final_20x20.png,203,ce12949b31d33fafa76b4d29811837719c10780db3c61ddac66df696abea62ba,,PATCH4-1.0.0,PASS
PATCH4-ASSET-00636,06_Final_Element_Icons_175/Metal/metal_engraved_copper_ring_final_20x20.png,220,860ed8bb8bae2fce94c5c957bd382bff96b727ef73a881412b7d18a7237e246f,,PATCH4-1.0.0,PASS
PATCH4-ASSET-00637,06_Final_Element_Icons_175/Metal/metal_great_axe_final_20x20.png,246,79cb714003d9eb442cadf2d063c0d55cfbca30ebe52ae850774cd6a024abb0c7,,PATCH4-1.0.0,PASS
PATCH4-ASSET-00638,06_Final_Element_Icons_175/Metal/metal_great_sword_final_20x20.png,190,6fe272b7cceb7005d2a92b22e4d036eca8be3ececdf1146bf2149062898491c0,,PATCH4-1.0.0,PASS
PATCH4-ASSET-00639,06_Final_Element_Icons_175/Metal/metal_hand_axe_final_20x20.png,224,4e021663a987d3ce4a3a6778148d8447e1380c2a2c7cf1df7d444baee4ac6724,,PATCH4-1.0.0,PASS
PATCH4-ASSET-00640,06_Final_Element_Icons_175/Metal/metal_heavy_crossbow_final_20x20.png,268,06d785bafbddf7b737f9f4c7808a1f11d9c78da486c19a3ca579ea74699dcdab,,PATCH4-1.0.0,PASS
PATCH4-ASSET-00641,06_Final_Element_Icons_175/Metal/metal_hunting_bow_final_20x20.png,195,dcb02e33b5039fe0188d78baf087e2f6e94ed2430acd06c513d5032a816ea29a,,PATCH4-1.0.0,PASS
PATCH4-ASSET-00642,06_Final_Element_Icons_175/Metal/metal_iron_helmet_final_20x20.png,220,1c90f2880a4fa8ec18d771bbfc5c00b6334a7b1c5dda58b09e14016b9eb1a973,,PATCH4-1.0.0,PASS
PATCH4-ASSET-00643,06_Final_Element_Icons_175/Metal/metal_iron_toe_boots_final_20x20.png,223,8429167d2044fc9f638d123761d00ceb1c5193a967933f9a4ae0f242263e0743,,PATCH4-1.0.0,PASS
PATCH4-ASSET-00644,06_Final_Element_Icons_175/Metal/metal_knight_helmet_final_20x20.png,250,dc51bf8f3f5741414992bfc4a2959fb7df23db0dcbc901f5358abcf260d6f38c,,PATCH4-1.0.0,PASS
PATCH4-ASSET-00645,06_Final_Element_Icons_175/Metal/metal_leather_armor_final_20x20.png,243,2087fbf7500de66d74485f48b5ab494b6a46cc76206ada27179f2862e81b092e,,PATCH4-1.0.0,PASS
PATCH4-ASSET-00646,06_Final_Element_Icons_175/Metal/metal_leather_boots_final_20x20.png,204,b5389336c771146568e702ca2a8e932266bea9efbbad8b4791d45702a268aad5,,PATCH4-1.0.0,PASS
PATCH4-ASSET-00647,06_Final_Element_Icons_175/Metal/metal_leather_cap_final_20x20.png,215,b9b4504824fac101d3bc84b357c1d74f4359e8b9606d0710856537c76105072c,,PATCH4-1.0.0,PASS
PATCH4-ASSET-00648,06_Final_Element_Icons_175/Metal/metal_leather_pants_final_20x20.png,259,fcaac340fa5aad7c35196627e6fdb4f9ea09e9c69b60562374cf4473847cdd15,,PATCH4-1.0.0,PASS
PATCH4-ASSET-00649,06_Final_Element_Icons_175/Metal/metal_long_sword_final_20x20.png,184,76e74bccdc9761260741ce90a1706cd3e6ca310cd5d82d9040014161d35f2c72,,PATCH4-1.0.0,PASS
PATCH4-ASSET-00650,06_Final_Element_Icons_175/Metal/metal_longbow_final_20x20.png,244,8d3da137a8935d6ee7a9ed95562940da83dbfac440a07d00a4aac310497c201a,,PATCH4-1.0.0,PASS
PATCH4-ASSET-00651,06_Final_Element_Icons_175/Metal/metal_plate_armor_final_20x20.png,222,0d7d8fc6bb25cff2ef721399ca474ed5b160387a33efd3d5f8a1f98a80e1f4c2,,PATCH4-1.0.0,PASS
PATCH4-ASSET-00652,06_Final_Element_Icons_175/Metal/metal_plate_greaves_final_20x20.png,280,1aa4985c883b61d2ec1d9ade7c945cd69afa0a4c05225c592bf782ad896a0347,,PATCH4-1.0.0,PASS
PATCH4-ASSET-00653,06_Final_Element_Icons_175/Metal/metal_rapier_final_20x20.png,232,aef92910e210a30baa0069880f6b61bd6bd95f9e8ff93f4e97c16b23f86ed436,,PATCH4-1.0.0,PASS
PATCH4-ASSET-00654,06_Final_Element_Icons_175/Metal/metal_sacred_relic_final_20x20.png,214,d5317372f89e4ca4fd6ec2a853c359db6aa8358cc9dd0f4e733821dd7cef080e,,PATCH4-1.0.0,PASS
PATCH4-ASSET-00655,06_Final_Element_Icons_175/Metal/metal_short_sword_final_20x20.png,183,9744774a925c4a9ab528af45a414eb22e254b823702b5feb53f1f1ee17dc9d8e,,PATCH4-1.0.0,PASS
PATCH4-ASSET-00656,06_Final_Element_Icons_175/Metal/metal_silver_badge_final_20x20.png,235,ea04b3c077395500081250c2f98eae4f4243c30bfb4888a478df59b24f494108,,PATCH4-1.0.0,PASS
PATCH4-ASSET-00657,06_Final_Element_Icons_175/Metal/metal_straw_sandals_final_20x20.png,248,44faaeb7b28eb9f9d0ed5d19cbb64740fc06bc26853d13d4551cc10ac53a44c8,,PATCH4-1.0.0,PASS
PATCH4-ASSET-00658,06_Final_Element_Icons_175/Metal/metal_whisper_orb_final_20x20.png,224,43787fcc6ac85e7076dfd9734b66db587b0223ef973d382636ee86789da122d3,,PATCH4-1.0.0,PASS
PATCH4-ASSET-00659,06_Final_Element_Icons_175/Metal/metal_wind_boots_final_20x20.png,236,befb8dbd1728d0962bc32aef90e6b34da625d2803e1cc838c6b926b038450254,,PATCH4-1.0.0,PASS
PATCH4-ASSET-00660,06_Final_Element_Icons_175/Per_Base_Contact_Sheets/battle_axe_five_elements_8x.png,3133,85dc8bb52ff43a7af8a0e42359c45c0aa02ae596cfee09be3010c01c755b44b4,,PATCH4-1.0.0,PASS
PATCH4-ASSET-00661,06_Final_Element_Icons_175/Per_Base_Contact_Sheets/battle_helmet_five_elements_8x.png,3149,0f5ce5c1f8603012eba4e5e3eb192e444cbbcf58932425bc328f3a142ddfae28,,PATCH4-1.0.0,PASS
PATCH4-ASSET-00662,06_Final_Element_Icons_175/Per_Base_Contact_Sheets/carved_wood_amulet_five_elements_8x.png,2992,47c7c70502387e7772e4ee12cb7bfddf81d495de5c0c628a6d1f9fe20c821e51,,PATCH4-1.0.0,PASS
PATCH4-ASSET-00663,06_Final_Element_Icons_175/Per_Base_Contact_Sheets/chainmail_armor_five_elements_8x.png,3134,f58bf112b545b48ad7c9d6444bce8221ca6e279614c9df8a651ce813e538c6af,,PATCH4-1.0.0,PASS
PATCH4-ASSET-00664,06_Final_Element_Icons_175/Per_Base_Contact_Sheets/chainmail_pants_five_elements_8x.png,3177,adc7d44cd5e76f7ab6c10c3ca2c189f3e3b41388c9d62a94557178eadfc0fa02,,PATCH4-1.0.0,PASS
PATCH4-ASSET-00665,06_Final_Element_Icons_175/Per_Base_Contact_Sheets/cloth_armor_five_elements_8x.png,3050,9075d52ee0e9ef20ec3b91840b95005570535eba795dd226dd76c07dfa2b392e,,PATCH4-1.0.0,PASS
PATCH4-ASSET-00666,06_Final_Element_Icons_175/Per_Base_Contact_Sheets/cloth_pants_five_elements_8x.png,3119,60a9bf21605e0bea94aa90433da353412cacd5b757bafc17784c6a41c8b881ba,,PATCH4-1.0.0,PASS
PATCH4-ASSET-00667,06_Final_Element_Icons_175/Per_Base_Contact_Sheets/dragon_head_helmet_five_elements_8x.png,3072,8da212197a6a46205f42a32ed03b9033305df9a917f9969badea237fcf7ab84e,,PATCH4-1.0.0,PASS
PATCH4-ASSET-00668,06_Final_Element_Icons_175/Per_Base_Contact_Sheets/dragon_scale_armor_five_elements_8x.png,3027,8513033b3989fec7789b2f149d91f0ca43ea9df06e81d800a52e14e6cfa3c94f,,PATCH4-1.0.0,PASS
PATCH4-ASSET-00669,06_Final_Element_Icons_175/Per_Base_Contact_Sheets/dragon_scale_legs_five_elements_8x.png,3175,67bac693ea253b17b7b561d8ff7b8979ee8800ea1bbe3d5dc8c0feda58537672,,PATCH4-1.0.0,PASS
PATCH4-ASSET-00670,06_Final_Element_Icons_175/Per_Base_Contact_Sheets/dragon_walk_boots_five_elements_8x.png,2987,79d485eccd8da90907e7f66bec157382ed5c5ce04083d8de03aef75fcedce1e6,,PATCH4-1.0.0,PASS
PATCH4-ASSET-00671,06_Final_Element_Icons_175/Per_Base_Contact_Sheets/engraved_copper_ring_five_elements_8x.png,3019,01b14649714280a92b0c4891f4f461db70e2ff8407c05ece8debcbb6d5ff4bd7,,PATCH4-1.0.0,PASS
PATCH4-ASSET-00672,06_Final_Element_Icons_175/Per_Base_Contact_Sheets/great_axe_five_elements_8x.png,3222,9e79285101e85ccc41d55562efc4d3a64abbaf8e638dcd8b236e6e1132712ac7,,PATCH4-1.0.0,PASS
PATCH4-ASSET-00673,06_Final_Element_Icons_175/Per_Base_Contact_Sheets/great_sword_five_elements_8x.png,2889,3c8eb4fd80ab899e463a486b826ec51c838fd22542630158e92df1b7559866e9,,PATCH4-1.0.0,PASS
PATCH4-ASSET-00674,06_Final_Element_Icons_175/Per_Base_Contact_Sheets/hand_axe_five_elements_8x.png,3092,0e324d282885746219fe646be0ca99fac939c3d797c2584014dbc7948f538121,,PATCH4-1.0.0,PASS
PATCH4-ASSET-00675,06_Final_Element_Icons_175/Per_Base_Contact_Sheets/heavy_crossbow_five_elements_8x.png,3131,620ae3ccd6bf084c3670cca7bb885f3ba58b71f8880c26ea5b9987ee86721845,,PATCH4-1.0.0,PASS
PATCH4-ASSET-00676,06_Final_Element_Icons_175/Per_Base_Contact_Sheets/hunting_bow_five_elements_8x.png,3053,3703fa1e4cc097998439a7805690b4217efc2b7e461f65620d6f382491862234,,PATCH4-1.0.0,PASS
PATCH4-ASSET-00677,06_Final_Element_Icons_175/Per_Base_Contact_Sheets/iron_helmet_five_elements_8x.png,3013,16761f862a65d0b1ded181f2d5ab3e9cf72e41b05fca547cc6a841e4b21bfe38,,PATCH4-1.0.0,PASS
PATCH4-ASSET-00678,06_Final_Element_Icons_175/Per_Base_Contact_Sheets/iron_toe_boots_five_elements_8x.png,3029,5386c6db9f800057246083e9bd45970824bf052e5205d485ce2624fe2b68b0f8,,PATCH4-1.0.0,PASS
PATCH4-ASSET-00679,06_Final_Element_Icons_175/Per_Base_Contact_Sheets/knight_helmet_five_elements_8x.png,3047,913464347bce1d1fddd17dea9d7e9af07ce75862c8a74128bd7c2372d99ee70d,,PATCH4-1.0.0,PASS
PATCH4-ASSET-00680,06_Final_Element_Icons_175/Per_Base_Contact_Sheets/leather_armor_five_elements_8x.png,3072,76c0b85d77c3c79972c540c3f2d87b8a94ffb3a48609784da617f5816a93fe22,,PATCH4-1.0.0,PASS
PATCH4-ASSET-00681,06_Final_Element_Icons_175/Per_Base_Contact_Sheets/leather_boots_five_elements_8x.png,2993,32081e8b257ad41a1fab41b7d6998f3ae932d1ff53ffffa675091eb49eb08f15,,PATCH4-1.0.0,PASS
PATCH4-ASSET-00682,06_Final_Element_Icons_175/Per_Base_Contact_Sheets/leather_cap_five_elements_8x.png,2971,de73699365ddbd0b836d379f1a51c6b7d6e9a13d5347900ce5c0e9fd9dcd08d4,,PATCH4-1.0.0,PASS
PATCH4-ASSET-00683,06_Final_Element_Icons_175/Per_Base_Contact_Sheets/leather_pants_five_elements_8x.png,3128,de7ae835b7da2c1f4f6a028c31c5a99ceec66dd3454bca2df4df1ea3aefdb881,,PATCH4-1.0.0,PASS
PATCH4-ASSET-00684,06_Final_Element_Icons_175/Per_Base_Contact_Sheets/long_sword_five_elements_8x.png,2904,821b7aec4185fcc421e2214704cb641c087e132447b963060391529b8b53b6f8,,PATCH4-1.0.0,PASS
PATCH4-ASSET-00685,06_Final_Element_Icons_175/Per_Base_Contact_Sheets/longbow_five_elements_8x.png,3148,47e50619751703faa7458cb8b29277632d4983f12d1638c2de1dc17eb0e34c00,,PATCH4-1.0.0,PASS
PATCH4-ASSET-00686,06_Final_Element_Icons_175/Per_Base_Contact_Sheets/plate_armor_five_elements_8x.png,3018,477147c860a40749dc93b98fa8c1dc89ee13b00e9867d4632fae6b90f7ea3fc2,,PATCH4-1.0.0,PASS
PATCH4-ASSET-00687,06_Final_Element_Icons_175/Per_Base_Contact_Sheets/plate_greaves_five_elements_8x.png,3175,24351f9f6f856d6c841b6c698110861ef334a743f261605265e93deca56333c4,,PATCH4-1.0.0,PASS
PATCH4-ASSET-00688,06_Final_Element_Icons_175/Per_Base_Contact_Sheets/rapier_five_elements_8x.png,2957,4bd1bc482ea0b00f59d0714d8e33253a78f2e795357ff63a891a0a82c94771a3,,PATCH4-1.0.0,PASS
PATCH4-ASSET-00689,06_Final_Element_Icons_175/Per_Base_Contact_Sheets/sacred_relic_five_elements_8x.png,2940,09a15e23dd13901371639f33f46812400d91f6b482b0972fcedc3675c4e9c81c,,PATCH4-1.0.0,PASS
PATCH4-ASSET-00690,06_Final_Element_Icons_175/Per_Base_Contact_Sheets/short_sword_five_elements_8x.png,2905,3e95bf87a2a54fa5d8b90badd6d73ee4be5d9de74a47ae870f3afce2d62c41c3,,PATCH4-1.0.0,PASS
PATCH4-ASSET-00691,06_Final_Element_Icons_175/Per_Base_Contact_Sheets/silver_badge_five_elements_8x.png,3056,390ed5cec3cb6ec4f6285fd32a133c4503fa5c1271355f60676d2d187cea5347,,PATCH4-1.0.0,PASS
PATCH4-ASSET-00692,06_Final_Element_Icons_175/Per_Base_Contact_Sheets/straw_sandals_five_elements_8x.png,3058,5ec404c46253be4936f55c26819492f0a89bceb427dc60d78a88959a1de09f21,,PATCH4-1.0.0,PASS
PATCH4-ASSET-00693,06_Final_Element_Icons_175/Per_Base_Contact_Sheets/whisper_orb_five_elements_8x.png,3007,4cc0e52c122d5f9ccd13dec627221114ffe01a612828c4252f7afb31ade1969a,,PATCH4-1.0.0,PASS
PATCH4-ASSET-00694,06_Final_Element_Icons_175/Per_Base_Contact_Sheets/wind_boots_five_elements_8x.png,3071,1fa7ebf13127973c140f8deefa3b262d3395c6dfae4f0f44dff4a39b031756ab,,PATCH4-1.0.0,PASS
PATCH4-ASSET-00695,06_Final_Element_Icons_175/Water/water_battle_axe_final_20x20.png,228,ed29b1d474242762bc87bc09b386900b79b9867bab01c67fd834ce36d9394ebb,,PATCH4-1.0.0,PASS
PATCH4-ASSET-00696,06_Final_Element_Icons_175/Water/water_battle_helmet_final_20x20.png,266,898052d15c48b42490b594844e4145cb25f3907c6576121158370dffd14fc42d,,PATCH4-1.0.0,PASS
PATCH4-ASSET-00697,06_Final_Element_Icons_175/Water/water_carved_wood_amulet_final_20x20.png,209,5ec14641c7bbeb230bea86c6aaed0a52f9be6be5b405bd9da93f420b71169c9d,,PATCH4-1.0.0,PASS
PATCH4-ASSET-00698,06_Final_Element_Icons_175/Water/water_chainmail_armor_final_20x20.png,256,3c36bbda216de9e721a954e89b068e7f34f2d04081a3838da0fe5e6be2978bcd,,PATCH4-1.0.0,PASS
PATCH4-ASSET-00699,06_Final_Element_Icons_175/Water/water_chainmail_pants_final_20x20.png,276,b2e9dfb0030b295ee776cf9dbfcc98225dbacc821c3565d6279ab2d7b28f1842,,PATCH4-1.0.0,PASS
PATCH4-ASSET-00700,06_Final_Element_Icons_175/Water/water_cloth_armor_final_20x20.png,230,e711f96d9be14c5c37f150792f07c84c758848a9a77bfca93194bc32cc991a4e,,PATCH4-1.0.0,PASS
PATCH4-ASSET-00701,06_Final_Element_Icons_175/Water/water_cloth_pants_final_20x20.png,264,dbd5fc797f407ab56726dfa95066c38296036643ad8b26f9d862006d9ecb039b,,PATCH4-1.0.0,PASS
PATCH4-ASSET-00702,06_Final_Element_Icons_175/Water/water_dragon_head_helmet_final_20x20.png,235,463aec8437f9d8b78c154c1a3554c7beda7f78153f0f0b6c8929e9c6b5721c00,,PATCH4-1.0.0,PASS
PATCH4-ASSET-00703,06_Final_Element_Icons_175/Water/water_dragon_scale_armor_final_20x20.png,230,c48188e91f7046ed13c92c14710e2d4559eeb5ce8e20abdc31bcb00a9944fde9,,PATCH4-1.0.0,PASS
PATCH4-ASSET-00704,06_Final_Element_Icons_175/Water/water_dragon_scale_legs_final_20x20.png,301,c16e395c44a3d3312c07d451c2dad8751b5b067a199694151fceb07304976e2b,,PATCH4-1.0.0,PASS
PATCH4-ASSET-00705,06_Final_Element_Icons_175/Water/water_dragon_walk_boots_final_20x20.png,209,3d5c23f5d901830a667b4e87d707086dd781d5370ce26f7742de4cd41c528e7e,,PATCH4-1.0.0,PASS
PATCH4-ASSET-00706,06_Final_Element_Icons_175/Water/water_engraved_copper_ring_final_20x20.png,219,bb23aefb846b42d1931d1c0074000e921a9b5a0c9a6272bb82f7206064d17ea2,,PATCH4-1.0.0,PASS
PATCH4-ASSET-00707,06_Final_Element_Icons_175/Water/water_great_axe_final_20x20.png,244,1348adde096e1691a28837946412fae5db00083353037893929c19aabfd3d030,,PATCH4-1.0.0,PASS
PATCH4-ASSET-00708,06_Final_Element_Icons_175/Water/water_great_sword_final_20x20.png,190,fe937b462590cf5c394bc3fef1306f66e2e461e09ca6b9fa2550f4db495761d9,,PATCH4-1.0.0,PASS
PATCH4-ASSET-00709,06_Final_Element_Icons_175/Water/water_hand_axe_final_20x20.png,222,e05fbbd7208442d3eee0337b7e205418bfb655e5593ca8c9b3d21f34053fd621,,PATCH4-1.0.0,PASS
PATCH4-ASSET-00710,06_Final_Element_Icons_175/Water/water_heavy_crossbow_final_20x20.png,263,851ec92f58d2039ee80a0e9e18a54264a7259896128cafb85af66b728361db34,,PATCH4-1.0.0,PASS
PATCH4-ASSET-00711,06_Final_Element_Icons_175/Water/water_hunting_bow_final_20x20.png,193,7f75c3b862a7032aacc9c920f509f1130740cc8bf2f23efdf33ef5f8a3819454,,PATCH4-1.0.0,PASS
PATCH4-ASSET-00712,06_Final_Element_Icons_175/Water/water_iron_helmet_final_20x20.png,203,9516a5f7c6358927bd2efe034d452071d8787290a2d01293b61ba9c90db79cf5,,PATCH4-1.0.0,PASS
PATCH4-ASSET-00713,06_Final_Element_Icons_175/Water/water_iron_toe_boots_final_20x20.png,229,2e27d879ef406e9b113f98f3fabd4e45f11250174fd170bcc1ad65e318a36d7d,,PATCH4-1.0.0,PASS
PATCH4-ASSET-00714,06_Final_Element_Icons_175/Water/water_knight_helmet_final_20x20.png,234,70c05c143c6083977653cf28a9e11e1f6a8ea20e1b20dee3b4b8a0d59c347364,,PATCH4-1.0.0,PASS
PATCH4-ASSET-00715,06_Final_Element_Icons_175/Water/water_leather_armor_final_20x20.png,241,1cefdaa11c1e76abda2bc70c2b87128c3519082d2bf3a163b207396f5af1c920,,PATCH4-1.0.0,PASS
PATCH4-ASSET-00716,06_Final_Element_Icons_175/Water/water_leather_boots_final_20x20.png,209,226f4c6c33848e996ca152d01bad7c0bed517f75ec10b565978365426d8861e8,,PATCH4-1.0.0,PASS
PATCH4-ASSET-00717,06_Final_Element_Icons_175/Water/water_leather_cap_final_20x20.png,202,f5b9c5f5ae8f6a580e49afef9354f75d16e90e450d6c14603399950bf649bc6b,,PATCH4-1.0.0,PASS
PATCH4-ASSET-00718,06_Final_Element_Icons_175/Water/water_leather_pants_final_20x20.png,253,d670728686d19036cfa38e0aabe08a78537f3632621acf58c10bcb9150f87257,,PATCH4-1.0.0,PASS
PATCH4-ASSET-00719,06_Final_Element_Icons_175/Water/water_long_sword_final_20x20.png,188,7e1f13f26d845c631e060f3db857e42a6c5fa0cfe4487819b744c555273b0f63,,PATCH4-1.0.0,PASS
PATCH4-ASSET-00720,06_Final_Element_Icons_175/Water/water_longbow_final_20x20.png,220,c3d70a300379f12696144365845fe1e4af8f40850e6bf974c22a6606ac1c9548,,PATCH4-1.0.0,PASS
PATCH4-ASSET-00721,06_Final_Element_Icons_175/Water/water_plate_armor_final_20x20.png,223,8a9d1132693ec5de3a7200e08fae8c61124f6513250b5ecb54597093d19d99dd,,PATCH4-1.0.0,PASS
PATCH4-ASSET-00722,06_Final_Element_Icons_175/Water/water_plate_greaves_final_20x20.png,292,b966bf727176294d9e71dc93ccc2d8807e3aab3addb87db0509964d3bd9bb70e,,PATCH4-1.0.0,PASS
PATCH4-ASSET-00723,06_Final_Element_Icons_175/Water/water_rapier_final_20x20.png,211,b79867780d8bcc56c0cfd39ce5e9732fe1a0091ff829ef78e898fcbe28ade82d,,PATCH4-1.0.0,PASS
PATCH4-ASSET-00724,06_Final_Element_Icons_175/Water/water_sacred_relic_final_20x20.png,214,620bf0efb3987f1cc566b221ab3913435791fbd6b367812a6e884f354b187f6b,,PATCH4-1.0.0,PASS
PATCH4-ASSET-00725,06_Final_Element_Icons_175/Water/water_short_sword_final_20x20.png,190,a24e4d8546dcae6082c181fda93223661e078e301d579b701a6bebdd8ef773fb,,PATCH4-1.0.0,PASS
PATCH4-ASSET-00726,06_Final_Element_Icons_175/Water/water_silver_badge_final_20x20.png,233,a0977ac29c27838fffa192348ec4cee1077cc169fb32c55cf32f18a3f472405c,,PATCH4-1.0.0,PASS
PATCH4-ASSET-00727,06_Final_Element_Icons_175/Water/water_straw_sandals_final_20x20.png,248,4e5ccf34864cb010c5ac67b0027bfc494ba2db464bad8caf33a12b8d29721205,,PATCH4-1.0.0,PASS
PATCH4-ASSET-00728,06_Final_Element_Icons_175/Water/water_whisper_orb_final_20x20.png,218,d3c602bab775ce62675dbc05046baffa0d24c80d3667c353d0aed571dbb42751,,PATCH4-1.0.0,PASS
PATCH4-ASSET-00729,06_Final_Element_Icons_175/Water/water_wind_boots_final_20x20.png,242,0444656bb943e86dfc2b1e9445bfb7200eba6e7e5212d0e57051b51e4a334ff9,,PATCH4-1.0.0,PASS
PATCH4-ASSET-00730,06_Final_Element_Icons_175/Wood/wood_battle_axe_final_20x20.png,225,68644f7795e947abf815e44ef1979143b5bb8de8cca4a5dd70a8c53092098067,,PATCH4-1.0.0,PASS
PATCH4-ASSET-00731,06_Final_Element_Icons_175/Wood/wood_battle_helmet_final_20x20.png,263,11586107a0cd2827b255bf009aa1038ba4af717e9687b170808ab51187bac86d,,PATCH4-1.0.0,PASS
PATCH4-ASSET-00732,06_Final_Element_Icons_175/Wood/wood_carved_wood_amulet_final_20x20.png,199,afbc64525c696d44f5190c5b188db0cff50c4bb7eda9f4db2e60af40808bfa80,,PATCH4-1.0.0,PASS
PATCH4-ASSET-00733,06_Final_Element_Icons_175/Wood/wood_chainmail_armor_final_20x20.png,249,12cd2ea7fb17824a9916a3e0d7ee0e7e3b985f4644230de42acae6e710537458,,PATCH4-1.0.0,PASS
PATCH4-ASSET-00734,06_Final_Element_Icons_175/Wood/wood_chainmail_pants_final_20x20.png,277,60ca5c72688955558db815d58e71b25b82830c550af33f679941774359222a03,,PATCH4-1.0.0,PASS
PATCH4-ASSET-00735,06_Final_Element_Icons_175/Wood/wood_cloth_armor_final_20x20.png,228,6d94cb500ecb49bf2709b4f25dbb716d5e6c3c12238a8a4be8bd91bab7c1dae8,,PATCH4-1.0.0,PASS
PATCH4-ASSET-00736,06_Final_Element_Icons_175/Wood/wood_cloth_pants_final_20x20.png,264,797537834d03a2c43cb47a6f980962d898f75006c387297e5b3c4fd7ca425dc1,,PATCH4-1.0.0,PASS
PATCH4-ASSET-00737,06_Final_Element_Icons_175/Wood/wood_dragon_head_helmet_final_20x20.png,235,103ebb7b972638e82ff4c5587c275a14fe5999e358cdbeccf00c8f403ddf6494,,PATCH4-1.0.0,PASS
PATCH4-ASSET-00738,06_Final_Element_Icons_175/Wood/wood_dragon_scale_armor_final_20x20.png,229,35d0ca6147eb5f0eba5cc376cc0f6778709ad09fa36ecd368676bbca8fcc2277,,PATCH4-1.0.0,PASS
PATCH4-ASSET-00739,06_Final_Element_Icons_175/Wood/wood_dragon_scale_legs_final_20x20.png,291,8256d7f4c6b75f98899986abc2594632979397315614a6d8dc79a27680b09cc4,,PATCH4-1.0.0,PASS
PATCH4-ASSET-00740,06_Final_Element_Icons_175/Wood/wood_dragon_walk_boots_final_20x20.png,205,96c11a8f2a5ea50499b2ad95fe651ef39583ac7b5eaff67a6147851e5b365fe8,,PATCH4-1.0.0,PASS
PATCH4-ASSET-00741,06_Final_Element_Icons_175/Wood/wood_engraved_copper_ring_final_20x20.png,208,90b4a443bf3570dcd9bb5c96bc6268c8f261d8cbde537f65a2f37b913aea301e,,PATCH4-1.0.0,PASS
PATCH4-ASSET-00742,06_Final_Element_Icons_175/Wood/wood_great_axe_final_20x20.png,246,be9de395ca48c2a9ddd1c2b99ac14b3877146f5976330575d350f9f9a9a9ca91,,PATCH4-1.0.0,PASS
PATCH4-ASSET-00743,06_Final_Element_Icons_175/Wood/wood_great_sword_final_20x20.png,178,974ebf2add53570ddb32b8b85c76aad7c06a88beeb0348bb406eeb37a6b073d4,,PATCH4-1.0.0,PASS
PATCH4-ASSET-00744,06_Final_Element_Icons_175/Wood/wood_hand_axe_final_20x20.png,220,97cc491419c01cd2f1e83aa7d32c766c181435d9b0609688c7fc543d033f4d72,,PATCH4-1.0.0,PASS
PATCH4-ASSET-00745,06_Final_Element_Icons_175/Wood/wood_heavy_crossbow_final_20x20.png,260,a357dac89b21b284de8382c26ae94a3d83709f6fbbb7f1f52b01dac54e4809c8,,PATCH4-1.0.0,PASS
PATCH4-ASSET-00746,06_Final_Element_Icons_175/Wood/wood_hunting_bow_final_20x20.png,183,928b9060467c9a02b5c255c44ee3996e4ca68dde35c8eafe398bf0dde3928aab,,PATCH4-1.0.0,PASS
PATCH4-ASSET-00747,06_Final_Element_Icons_175/Wood/wood_iron_helmet_final_20x20.png,202,66bb1c88608ac5091ef65e6170bb5768b3af283e9acb50b646a8dd9db59d8fbc,,PATCH4-1.0.0,PASS
PATCH4-ASSET-00748,06_Final_Element_Icons_175/Wood/wood_iron_toe_boots_final_20x20.png,225,126d9ebaa1456629a97279fe57670f17e7a3b98b381df4d7ca9348dca82bbbc6,,PATCH4-1.0.0,PASS
PATCH4-ASSET-00749,06_Final_Element_Icons_175/Wood/wood_knight_helmet_final_20x20.png,233,54494012024d75f28091f133602052d45b301b4c9b438441286c93607ce4dd10,,PATCH4-1.0.0,PASS
PATCH4-ASSET-00750,06_Final_Element_Icons_175/Wood/wood_leather_armor_final_20x20.png,240,6572250ee7ac7c86bc93e149e052acd1e1bb32e22ba9b0821fdfaa44fffc8227,,PATCH4-1.0.0,PASS
PATCH4-ASSET-00751,06_Final_Element_Icons_175/Wood/wood_leather_boots_final_20x20.png,206,e9b19a12aaf27dab8a459380d4aeafd2e3366bdd2677ada42707570fb6f3cccf,,PATCH4-1.0.0,PASS
PATCH4-ASSET-00752,06_Final_Element_Icons_175/Wood/wood_leather_cap_final_20x20.png,201,7232f542bc54dac291b008a45dfa8a5b6df6ab4f8b0886c14270d602297abf64,,PATCH4-1.0.0,PASS
PATCH4-ASSET-00753,06_Final_Element_Icons_175/Wood/wood_leather_pants_final_20x20.png,253,141d5d1edc06067b8e8fe8cacda8b8c5f2d2e7de2867ef868a7358d394f38eff,,PATCH4-1.0.0,PASS
PATCH4-ASSET-00754,06_Final_Element_Icons_175/Wood/wood_long_sword_final_20x20.png,180,69cc124f7ed29268ee0b301aa9afd075a40c177ce5a8335f5eeda1701613b42e,,PATCH4-1.0.0,PASS
PATCH4-ASSET-00755,06_Final_Element_Icons_175/Wood/wood_longbow_final_20x20.png,225,06272d7d810eb38884376a10788459eee12e936db6cf828bf42c0de48f524834,,PATCH4-1.0.0,PASS
PATCH4-ASSET-00756,06_Final_Element_Icons_175/Wood/wood_plate_armor_final_20x20.png,222,bc83f7597526bda8145ef04dc1576381ae229c56e795290aab15243b633d811a,,PATCH4-1.0.0,PASS
PATCH4-ASSET-00757,06_Final_Element_Icons_175/Wood/wood_plate_greaves_final_20x20.png,275,f1e638c65ba4c5baf2c83e4213ea0eee1692e496daf3873e78cef8f7df48b232,,PATCH4-1.0.0,PASS
PATCH4-ASSET-00758,06_Final_Element_Icons_175/Wood/wood_rapier_final_20x20.png,216,c98321cfc7e082d06c7307646aadf03da16780435a1ef816b6253b72cff74d54,,PATCH4-1.0.0,PASS
PATCH4-ASSET-00759,06_Final_Element_Icons_175/Wood/wood_sacred_relic_final_20x20.png,203,8703bd60d201e3c6f1c7e8d7ff533435992e05025fcd094efe4639dfd7515746,,PATCH4-1.0.0,PASS
PATCH4-ASSET-00760,06_Final_Element_Icons_175/Wood/wood_short_sword_final_20x20.png,178,c920b8944fc186f8f79d442df47f9189a33d2a2defaa1e4ea5a2f0c03f5c192c,,PATCH4-1.0.0,PASS
PATCH4-ASSET-00761,06_Final_Element_Icons_175/Wood/wood_silver_badge_final_20x20.png,219,bdc31761a6d42329f9592f3980b9e43d8a58a58d2c3851da4708728ce1528f80,,PATCH4-1.0.0,PASS
PATCH4-ASSET-00762,06_Final_Element_Icons_175/Wood/wood_straw_sandals_final_20x20.png,250,34f0ae469a0862e28e47211a731da684ad730cd62f9375a7f7e92cc2940617a2,,PATCH4-1.0.0,PASS
PATCH4-ASSET-00763,06_Final_Element_Icons_175/Wood/wood_whisper_orb_final_20x20.png,218,64f640a2bf5eb019e8d0e9a41c064abc7b93a1b712a014c975804dfa8973bcde,,PATCH4-1.0.0,PASS
PATCH4-ASSET-00764,06_Final_Element_Icons_175/Wood/wood_wind_boots_final_20x20.png,237,e6f730c878312b951f4e02dd5bdd6d828322403f7020873e070a6794eb995ca5,,PATCH4-1.0.0,PASS
PATCH4-ASSET-00765,07_Character_Composition_Previews_175/Contact_Sheets/accessory_earth_four_frames_4x.png,23919,fb4e7dbadd653896ea6756f2f4d534367db02ccb41a0b4f7e559f0df34285e33,,PATCH4-1.0.0,PASS
PATCH4-ASSET-00766,07_Character_Composition_Previews_175/Contact_Sheets/accessory_fire_four_frames_4x.png,23913,52dcf38e309172ccf754d65a12243ee04609798c85752b4b4266b08b3309930d,,PATCH4-1.0.0,PASS
PATCH4-ASSET-00767,07_Character_Composition_Previews_175/Contact_Sheets/accessory_metal_four_frames_4x.png,23933,869a3e1d2d848c93f6f5156fd8200dddcbe38539137170bda2174bcc2c923c1f,,PATCH4-1.0.0,PASS
PATCH4-ASSET-00768,07_Character_Composition_Previews_175/Contact_Sheets/accessory_water_four_frames_4x.png,23875,0079593edaaecaf3b696961a2ef2a6835213a359f87b45f71c2afdfd7d5ca9d5,,PATCH4-1.0.0,PASS
PATCH4-ASSET-00769,07_Character_Composition_Previews_175/Contact_Sheets/accessory_wood_four_frames_4x.png,23890,a110ab9cac4a045d0fd5a07564f24fdbe265b26f012935ee5d3851a3ed8fe1a6,,PATCH4-1.0.0,PASS
PATCH4-ASSET-00770,07_Character_Composition_Previews_175/Contact_Sheets/armor_earth_four_frames_4x.png,24393,4824e57bfc2429d1f4f4e84768a1e9aab1414b332df8a4a92b4c7d09f100b3f9,,PATCH4-1.0.0,PASS
PATCH4-ASSET-00771,07_Character_Composition_Previews_175/Contact_Sheets/armor_fire_four_frames_4x.png,24242,dfaabd75dbd8834d14b44e50bf3b048de5b541694ef538d6bdd4e964fc613687,,PATCH4-1.0.0,PASS
PATCH4-ASSET-00772,07_Character_Composition_Previews_175/Contact_Sheets/armor_metal_four_frames_4x.png,24309,540404fb59ccb6651dd46cb22f3e7d96ee7fcd2a779eac520ea1433636af9004,,PATCH4-1.0.0,PASS
PATCH4-ASSET-00773,07_Character_Composition_Previews_175/Contact_Sheets/armor_water_four_frames_4x.png,24244,fcfe7058fab8680026c669f3c96b4c491c099c2f5d28333724cd2dd8dffbb52a,,PATCH4-1.0.0,PASS
PATCH4-ASSET-00774,07_Character_Composition_Previews_175/Contact_Sheets/armor_wood_four_frames_4x.png,24354,e9aca1cb1c960a6f80f544d172e1ea413dd1ebe2be9067be6704d04a3b058eb5,,PATCH4-1.0.0,PASS
PATCH4-ASSET-00775,07_Character_Composition_Previews_175/Contact_Sheets/boots_earth_four_frames_4x.png,23855,9033127cb3fa805515f15fbf7df78c96a0ad98cb79dcafe485a33748b3f826a6,,PATCH4-1.0.0,PASS
PATCH4-ASSET-00776,07_Character_Composition_Previews_175/Contact_Sheets/boots_fire_four_frames_4x.png,23935,36960f7eb27994ea36f606cad2df91cfebfb807104d5db43b19f98100dee8350,,PATCH4-1.0.0,PASS
PATCH4-ASSET-00777,07_Character_Composition_Previews_175/Contact_Sheets/boots_metal_four_frames_4x.png,23942,1845ea5b5c3968e272002fe3094584079e92d04598710ca3b9e4456d2fd7436d,,PATCH4-1.0.0,PASS
PATCH4-ASSET-00778,07_Character_Composition_Previews_175/Contact_Sheets/boots_water_four_frames_4x.png,24005,85cf523fc5bb1930b8fc38ac47a7043e5ab20562e29a11dbc79303ad39998fa6,,PATCH4-1.0.0,PASS
PATCH4-ASSET-00779,07_Character_Composition_Previews_175/Contact_Sheets/boots_wood_four_frames_4x.png,23931,419f27eb207369ac6a4ab0a38296481b5062ab4e18de80ebac8957ff4be3387f,,PATCH4-1.0.0,PASS
PATCH4-ASSET-00780,07_Character_Composition_Previews_175/Contact_Sheets/helmet_earth_four_frames_4x.png,22713,35384d7caa6802489c998dcbfd6203e408bdbe9d0f763043b580d439bffa80b1,,PATCH4-1.0.0,PASS
PATCH4-ASSET-00781,07_Character_Composition_Previews_175/Contact_Sheets/helmet_fire_four_frames_4x.png,22761,d0735423acf40cf25f5edafc542ab66df75dd61706e9e0f07951f42b9c7bdaf8,,PATCH4-1.0.0,PASS
PATCH4-ASSET-00782,07_Character_Composition_Previews_175/Contact_Sheets/helmet_metal_four_frames_4x.png,22758,b03a94bf8ce656b25e73cd64098fa9203126035f2e70712ea8a1403d6af6f6ce,,PATCH4-1.0.0,PASS
PATCH4-ASSET-00783,07_Character_Composition_Previews_175/Contact_Sheets/helmet_water_four_frames_4x.png,22720,415cc99c9deab33474971b6c99d3305425727bb67e87be018cd760f889561ff3,,PATCH4-1.0.0,PASS
PATCH4-ASSET-00784,07_Character_Composition_Previews_175/Contact_Sheets/helmet_wood_four_frames_4x.png,22726,a1667f60f25bd2ff218f18a70649030d9b250a24b3ceb70525330db9f4dd3e98,,PATCH4-1.0.0,PASS
PATCH4-ASSET-00785,07_Character_Composition_Previews_175/Contact_Sheets/pants_earth_four_frames_4x.png,23695,21867048b94a041008e8d05372fbdf0c0965a275762b01b0fb9fcbd210936943,,PATCH4-1.0.0,PASS
PATCH4-ASSET-00786,07_Character_Composition_Previews_175/Contact_Sheets/pants_fire_four_frames_4x.png,23901,4b7382c778514a60b5badc5c6a9644e77c7f25b9e0825e08ea0429984e4ae1ca,,PATCH4-1.0.0,PASS
PATCH4-ASSET-00787,07_Character_Composition_Previews_175/Contact_Sheets/pants_metal_four_frames_4x.png,23650,218fc0989a16e7f2d495c63bfa33e62234cdcd75ca3459788672e0a0323c9555,,PATCH4-1.0.0,PASS
PATCH4-ASSET-00788,07_Character_Composition_Previews_175/Contact_Sheets/pants_water_four_frames_4x.png,23988,545c477d3385cbe264d96e0b7026ed8d68893ac001e860d1e75f24d39e8a7a17,,PATCH4-1.0.0,PASS
PATCH4-ASSET-00789,07_Character_Composition_Previews_175/Contact_Sheets/pants_wood_four_frames_4x.png,23806,aa64ed9e9501fe11af4138ecd7586d972ca23c399cf94feb811a82c32129db3b,,PATCH4-1.0.0,PASS
PATCH4-ASSET-00790,07_Character_Composition_Previews_175/Contact_Sheets/weapon_earth_four_frames_4x.png,51155,9e1eb218b4f579678b9e13b438c00a63da51e2d835cb17d083743eb6189e7523,,PATCH4-1.0.0,PASS
PATCH4-ASSET-00791,07_Character_Composition_Previews_175/Contact_Sheets/weapon_fire_four_frames_4x.png,51210,9bc2869df9145422e1b6ea5e9ab056cb215ec348229e80eb7d0f4fa49f2b1d8d,,PATCH4-1.0.0,PASS
PATCH4-ASSET-00792,07_Character_Composition_Previews_175/Contact_Sheets/weapon_metal_four_frames_4x.png,51249,56e2b53605b8d45119c1a428975246bab2f2cc3bc4a05a61d1c85f8f4fd552ef,,PATCH4-1.0.0,PASS
PATCH4-ASSET-00793,07_Character_Composition_Previews_175/Contact_Sheets/weapon_water_four_frames_4x.png,51163,d9e9799200b6c2e8e642e496e8b5187571fd3b685f61dfef65fe914540be3e9a,,PATCH4-1.0.0,PASS
PATCH4-ASSET-00794,07_Character_Composition_Previews_175/Contact_Sheets/weapon_wood_four_frames_4x.png,51032,d218388f95b113d4801a4df13499669306730674aa01d68c90caab783b19cd1d,,PATCH4-1.0.0,PASS
PATCH4-ASSET-00795,07_Character_Composition_Previews_175/Earth/earth_battle_axe_preview_40x208.png,1991,7cacb9bec990713efc2844f788f4c9d3541b963e0011f6ff84673f28051770ba,,PATCH4-1.0.0,PASS
PATCH4-ASSET-00796,07_Character_Composition_Previews_175/Earth/earth_battle_helmet_preview_40x208.png,1706,041c359b636af0d1965c74eab1a6855076b583c54b4ab8839431947ba182a3b7,,PATCH4-1.0.0,PASS
PATCH4-ASSET-00797,07_Character_Composition_Previews_175/Earth/earth_carved_wood_amulet_preview_40x208.png,1590,0ebeb909ad6cf3fe27532de7a1248fda93b0c9b6c8953561376d56d7d0c4001a,,PATCH4-1.0.0,PASS
PATCH4-ASSET-00798,07_Character_Composition_Previews_175/Earth/earth_chainmail_armor_preview_40x208.png,1745,fb2db5c35c8142255f6dec6bb34566562cee52507c0d83600dabaf5cde30eca6,,PATCH4-1.0.0,PASS
PATCH4-ASSET-00799,07_Character_Composition_Previews_175/Earth/earth_chainmail_pants_preview_40x208.png,1593,553bc2848a445ca4fb2e5dfcaa76846b7f008f831716d7ef3e7df599e2308398,,PATCH4-1.0.0,PASS
PATCH4-ASSET-00800,07_Character_Composition_Previews_175/Earth/earth_cloth_armor_preview_40x208.png,1733,807e8237f2f53fc0a6f0f6891975732891a5c4a086acc433e76173c62536b6f7,,PATCH4-1.0.0,PASS
PATCH4-ASSET-00801,07_Character_Composition_Previews_175/Earth/earth_cloth_pants_preview_40x208.png,1567,0f811146263117f4a4f8cd8d8d9b3dea830079ff352561aad8550e019d6c4b95,,PATCH4-1.0.0,PASS
PATCH4-ASSET-00802,07_Character_Composition_Previews_175/Earth/earth_dragon_head_helmet_preview_40x208.png,1587,3be32bac646d02be32b0a1e4931300f20176d36fa2add0e3ce479da8b79d050a,,PATCH4-1.0.0,PASS
PATCH4-ASSET-00803,07_Character_Composition_Previews_175/Earth/earth_dragon_scale_armor_preview_40x208.png,1726,eeac4abf9bafd093c95cbdaf36b15bf9231e5c6842c48ebe262314e6d7c3098c,,PATCH4-1.0.0,PASS
PATCH4-ASSET-00804,07_Character_Composition_Previews_175/Earth/earth_dragon_scale_legs_preview_40x208.png,1580,92a7c76f72c86a381337730d84da6437df9bbf6fc8e0aff7f90b197885034719,,PATCH4-1.0.0,PASS
PATCH4-ASSET-00805,07_Character_Composition_Previews_175/Earth/earth_dragon_walk_boots_preview_40x208.png,1576,80245b92294db3b67c12d645ddb39d7fdd6230cac1878c80486993f531ec7ee4,,PATCH4-1.0.0,PASS
PATCH4-ASSET-00806,07_Character_Composition_Previews_175/Earth/earth_engraved_copper_ring_preview_40x208.png,1496,22dbc284382d8cb6a1e550c9956731401f2bae64b8598f17de0e66cbaca9a51b,,PATCH4-1.0.0,PASS
PATCH4-ASSET-00807,07_Character_Composition_Previews_175/Earth/earth_great_axe_preview_40x208.png,1996,5887692a75f3f48825ab4df09ff4ce6c55496a2bf35d44da02fd56b6e8f6f0b7,,PATCH4-1.0.0,PASS
PATCH4-ASSET-00808,07_Character_Composition_Previews_175/Earth/earth_great_sword_preview_40x208.png,1900,6058a5a7709dc9b1eac446d3d8b17ae3fe542e5459413ec00128f13360bdb9ad,,PATCH4-1.0.0,PASS
PATCH4-ASSET-00809,07_Character_Composition_Previews_175/Earth/earth_hand_axe_preview_40x208.png,1958,630a6a5673131616efcdb4325e48aad6702d21dca15f423311afd7f51bd9fa21,,PATCH4-1.0.0,PASS
PATCH4-ASSET-00810,07_Character_Composition_Previews_175/Earth/earth_heavy_crossbow_preview_40x208.png,1880,f5e1ead139a72372f15c50ce674dc8e9cef7e34dfa43ff89818e74d28df4231e,,PATCH4-1.0.0,PASS
PATCH4-ASSET-00811,07_Character_Composition_Previews_175/Earth/earth_hunting_bow_preview_40x208.png,2049,1148a24ee6cb0b18c38231b24bad49501fd1b09ed18ce2916c97878ae65d3a30,,PATCH4-1.0.0,PASS
PATCH4-ASSET-00812,07_Character_Composition_Previews_175/Earth/earth_iron_helmet_preview_40x208.png,1597,707e229fa4947c8365c9a67bbc060a4a2d7c8d23f4ec6846d57ce628981dd8f0,,PATCH4-1.0.0,PASS
PATCH4-ASSET-00813,07_Character_Composition_Previews_175/Earth/earth_iron_toe_boots_preview_40x208.png,1579,8d3b0efd662292d7c79f89863b837bc11fc0a7d09d81f9bb31281067d3ed48c9,,PATCH4-1.0.0,PASS
PATCH4-ASSET-00814,07_Character_Composition_Previews_175/Earth/earth_knight_helmet_preview_40x208.png,1587,9eec5521657af14d51832848e514d0545528904c4030dbd62cce442003015a74,,PATCH4-1.0.0,PASS
PATCH4-ASSET-00815,07_Character_Composition_Previews_175/Earth/earth_leather_armor_preview_40x208.png,1763,357dac3dd6fcf64a413a524e2ea77d744768157d7d4ac39cf12b438ba7c4e0d8,,PATCH4-1.0.0,PASS
PATCH4-ASSET-00816,07_Character_Composition_Previews_175/Earth/earth_leather_boots_preview_40x208.png,1576,74d2384097e484aebbed7ea8a989cd718cdfa7ef90676af932d5164cee84fb9a,,PATCH4-1.0.0,PASS
PATCH4-ASSET-00817,07_Character_Composition_Previews_175/Earth/earth_leather_cap_preview_40x208.png,1497,690599e6d79dcc14d7e6f5e339c934045fd7b62c015b263bc62b4fb830844c6c,,PATCH4-1.0.0,PASS
PATCH4-ASSET-00818,07_Character_Composition_Previews_175/Earth/earth_leather_pants_preview_40x208.png,1577,23fe2b08743f77929944cc91aa5e12bc8ef959a71aba61f8ec84941d9940cfb4,,PATCH4-1.0.0,PASS
PATCH4-ASSET-00819,07_Character_Composition_Previews_175/Earth/earth_long_sword_preview_40x208.png,1898,5e55147db6cba3abe67868e84c06aa2f6a5a50c4096fb7bc8362d3ee40e9b588,,PATCH4-1.0.0,PASS
PATCH4-ASSET-00820,07_Character_Composition_Previews_175/Earth/earth_longbow_preview_40x208.png,2016,06dcbff1f24ae09355eeabdef3697df482d59c75ba80d1dfdd7dbd83729f8855,,PATCH4-1.0.0,PASS
PATCH4-ASSET-00821,07_Character_Composition_Previews_175/Earth/earth_plate_armor_preview_40x208.png,1733,9b2abe45a8238799b1111c5150d460924ec8d664ffcd2948e941c02e9e209ee6,,PATCH4-1.0.0,PASS
PATCH4-ASSET-00822,07_Character_Composition_Previews_175/Earth/earth_plate_greaves_preview_40x208.png,1628,711bab48c28eb9e432c85f747b2d9e951df233ac632a126f5e4845edda850cec,,PATCH4-1.0.0,PASS
PATCH4-ASSET-00823,07_Character_Composition_Previews_175/Earth/earth_rapier_preview_40x208.png,1884,e9731cd9779b5baf2c329f2eeb3de7e698df7f2cb8aa1d6cb217daffb1c86898,,PATCH4-1.0.0,PASS
PATCH4-ASSET-00824,07_Character_Composition_Previews_175/Earth/earth_sacred_relic_preview_40x208.png,1504,966128058556f10a28307a91efc16ee7dac38b68755f36b31287880d12deb4fd,,PATCH4-1.0.0,PASS
PATCH4-ASSET-00825,07_Character_Composition_Previews_175/Earth/earth_short_sword_preview_40x208.png,1898,5e55147db6cba3abe67868e84c06aa2f6a5a50c4096fb7bc8362d3ee40e9b588,,PATCH4-1.0.0,PASS
PATCH4-ASSET-00826,07_Character_Composition_Previews_175/Earth/earth_silver_badge_preview_40x208.png,1573,0d9ff3619b1bbcc0bbef35eb32e0445d4d3068b7bb919ba1d88e81326dd958de,,PATCH4-1.0.0,PASS
PATCH4-ASSET-00827,07_Character_Composition_Previews_175/Earth/earth_straw_sandals_preview_40x208.png,1577,a06963b5fa94fbc6fb51e72a94a03c9ed47ed41038f34ece30fdd0ecfdd62f5c,,PATCH4-1.0.0,PASS
PATCH4-ASSET-00828,07_Character_Composition_Previews_175/Earth/earth_whisper_orb_preview_40x208.png,1554,988a59516f16d026a9c023664dc756725c3f961fd14641615220b01940716417,,PATCH4-1.0.0,PASS
PATCH4-ASSET-00829,07_Character_Composition_Previews_175/Earth/earth_wind_boots_preview_40x208.png,1579,7a2cee3f096b7ab050ccc1cc900d91626aaeaee6378e224367f1282ac26a5bdd,,PATCH4-1.0.0,PASS
PATCH4-ASSET-00830,07_Character_Composition_Previews_175/Fire/fire_battle_axe_preview_40x208.png,1992,cf6463bfa67060124b2d7431b188760f65e404fb7123df823165c4a34656de5a,,PATCH4-1.0.0,PASS
PATCH4-ASSET-00831,07_Character_Composition_Previews_175/Fire/fire_battle_helmet_preview_40x208.png,1695,21024f49c862758ae5cd721561fe577c87c175de5bea383fa2f3dd9d8fa389d9,,PATCH4-1.0.0,PASS
PATCH4-ASSET-00832,07_Character_Composition_Previews_175/Fire/fire_carved_wood_amulet_preview_40x208.png,1571,8480506c2b6469c1c5a3509a6d6f666d686f2a1b1a8e14fdbe7dbcf6b08d5848,,PATCH4-1.0.0,PASS
PATCH4-ASSET-00833,07_Character_Composition_Previews_175/Fire/fire_chainmail_armor_preview_40x208.png,1738,9351b339c59786446c7a21b4347edd11b78f963018f167d7bd8d7e9529789866,,PATCH4-1.0.0,PASS
PATCH4-ASSET-00834,07_Character_Composition_Previews_175/Fire/fire_chainmail_pants_preview_40x208.png,1582,904f1618e3cd976ad893382613d133ee2d91942bd28ba536a8dd44b386f1c224,,PATCH4-1.0.0,PASS
PATCH4-ASSET-00835,07_Character_Composition_Previews_175/Fire/fire_cloth_armor_preview_40x208.png,1729,747b65f98c231e7aeb64b3eda44a5f5fdaa23d56cb7ac901396e9a9baf9f8a72,,PATCH4-1.0.0,PASS
PATCH4-ASSET-00836,07_Character_Composition_Previews_175/Fire/fire_cloth_pants_preview_40x208.png,1560,8b230501ad286ce762619f64dd6dfbaf4e57394a1010f03fc40902db4835ee53,,PATCH4-1.0.0,PASS
PATCH4-ASSET-00837,07_Character_Composition_Previews_175/Fire/fire_dragon_head_helmet_preview_40x208.png,1604,23e6997b5372d17fc3c239942263d937b8bc2a55064f08c87b9d155c964f8851,,PATCH4-1.0.0,PASS
PATCH4-ASSET-00838,07_Character_Composition_Previews_175/Fire/fire_dragon_scale_armor_preview_40x208.png,1716,4346d81c1d1465528dc3f5f04b0cfc122b7219c02af514c12a71c69fdd83f0ab,,PATCH4-1.0.0,PASS
PATCH4-ASSET-00839,07_Character_Composition_Previews_175/Fire/fire_dragon_scale_legs_preview_40x208.png,1568,c4b91642364f878d80ce05741850fe78ef71989e5e3f3fb5330e68cd42319cab,,PATCH4-1.0.0,PASS
PATCH4-ASSET-00840,07_Character_Composition_Previews_175/Fire/fire_dragon_walk_boots_preview_40x208.png,1588,9ca72f681f33dc6c644e1605d538d0683991a820ba232bcc68455ea5fb4772a2,,PATCH4-1.0.0,PASS
PATCH4-ASSET-00841,07_Character_Composition_Previews_175/Fire/fire_engraved_copper_ring_preview_40x208.png,1477,117388e92fa2aa61a659949895c54f3484d2736390dead8071b7a544a4da800c,,PATCH4-1.0.0,PASS
PATCH4-ASSET-00842,07_Character_Composition_Previews_175/Fire/fire_great_axe_preview_40x208.png,1992,88674967363765b1f0d679a9937552d06688819d3230f2a265317976f2f20988,,PATCH4-1.0.0,PASS
PATCH4-ASSET-00843,07_Character_Composition_Previews_175/Fire/fire_great_sword_preview_40x208.png,1890,4bbd54de8e2c77ef44cb530a5d028b35742c1dd26623387065ebe326920f3f06,,PATCH4-1.0.0,PASS
PATCH4-ASSET-00844,07_Character_Composition_Previews_175/Fire/fire_hand_axe_preview_40x208.png,1955,ab94d9fe57d3c83f0ffb5aafde0d94fb2d0591f94af2c03a42f4bfc523f9eaee,,PATCH4-1.0.0,PASS
PATCH4-ASSET-00845,07_Character_Composition_Previews_175/Fire/fire_heavy_crossbow_preview_40x208.png,1883,1cc259d8c898454a71ffc9501df46a5ce352f1c6db278da0b2bd602ae0ce029b,,PATCH4-1.0.0,PASS
PATCH4-ASSET-00846,07_Character_Composition_Previews_175/Fire/fire_hunting_bow_preview_40x208.png,2051,5bd0f843c5f6e36720d0edd5fca588115666d30304aa76dcf82e688f32c00fbc,,PATCH4-1.0.0,PASS
PATCH4-ASSET-00847,07_Character_Composition_Previews_175/Fire/fire_iron_helmet_preview_40x208.png,1591,05c8a7b27081e032c31445f14021a621641638aac37000d2405f19c3a7e9ca40,,PATCH4-1.0.0,PASS
PATCH4-ASSET-00848,07_Character_Composition_Previews_175/Fire/fire_iron_toe_boots_preview_40x208.png,1591,19b42a899f435308dd2168c1b7311156cc934ff30a33b8884a82f08059010bc0,,PATCH4-1.0.0,PASS
PATCH4-ASSET-00849,07_Character_Composition_Previews_175/Fire/fire_knight_helmet_preview_40x208.png,1578,0f6e5e1e0f88f1dbc4605eb50b33651bbdf59cff65b6ec1075f3f8ea6f436066,,PATCH4-1.0.0,PASS
PATCH4-ASSET-00850,07_Character_Composition_Previews_175/Fire/fire_leather_armor_preview_40x208.png,1755,92f19f3f0996fdd3dcd91c173bd0b918e64fcab121d410689b6881d34ac26c2f,,PATCH4-1.0.0,PASS
PATCH4-ASSET-00851,07_Character_Composition_Previews_175/Fire/fire_leather_boots_preview_40x208.png,1589,7632ef82ebed2f15cf124778d1ec5bb687ab2f0c0f83cc6523539ffeb20a8f9f,,PATCH4-1.0.0,PASS
PATCH4-ASSET-00852,07_Character_Composition_Previews_175/Fire/fire_leather_cap_preview_40x208.png,1485,894b1ed1eb116e10b97ec5cbc4f9be843a61caaddbcdbfcae98a9275b6ce4a85,,PATCH4-1.0.0,PASS
PATCH4-ASSET-00853,07_Character_Composition_Previews_175/Fire/fire_leather_pants_preview_40x208.png,1568,71cd1ea7ef6723bb871c1b725bc873e832099344adc62115855fdfc723e03daa,,PATCH4-1.0.0,PASS
PATCH4-ASSET-00854,07_Character_Composition_Previews_175/Fire/fire_long_sword_preview_40x208.png,1881,e1262de9c37aa3e67b8eb1300c8c47edc1412bdb793caec8a1c3464d740a5381,,PATCH4-1.0.0,PASS
PATCH4-ASSET-00855,07_Character_Composition_Previews_175/Fire/fire_longbow_preview_40x208.png,1997,282e65d73ecc004026e6491cac2c075e6c4ab9ce4b7cafb3d886a703c6f2cd26,,PATCH4-1.0.0,PASS
PATCH4-ASSET-00856,07_Character_Composition_Previews_175/Fire/fire_plate_armor_preview_40x208.png,1731,8390c43f5c2b169fc3a69c4a52418e49455bb3889ba19c61b19cd264378bb856,,PATCH4-1.0.0,PASS
PATCH4-ASSET-00857,07_Character_Composition_Previews_175/Fire/fire_plate_greaves_preview_40x208.png,1600,1bee20ef65a45ff800392077a181bce5c9782a296a192449625084fde720619e,,PATCH4-1.0.0,PASS
PATCH4-ASSET-00858,07_Character_Composition_Previews_175/Fire/fire_rapier_preview_40x208.png,1865,b7cb416d0dbecdec6a4d8d8eaf5db5b68c1dbdc08f5894062e800ce15f775b5c,,PATCH4-1.0.0,PASS
PATCH4-ASSET-00859,07_Character_Composition_Previews_175/Fire/fire_sacred_relic_preview_40x208.png,1464,72b4b81010946559a9e149d0cd728433fa465e4b9d062f4c4e3ca8937c3fc855,,PATCH4-1.0.0,PASS
PATCH4-ASSET-00860,07_Character_Composition_Previews_175/Fire/fire_short_sword_preview_40x208.png,1881,e1262de9c37aa3e67b8eb1300c8c47edc1412bdb793caec8a1c3464d740a5381,,PATCH4-1.0.0,PASS
PATCH4-ASSET-00861,07_Character_Composition_Previews_175/Fire/fire_silver_badge_preview_40x208.png,1549,6014ada2ed9078a3bb93867a367844312f8999a7e11d45d310f6a259a3f6dd3f,,PATCH4-1.0.0,PASS
PATCH4-ASSET-00862,07_Character_Composition_Previews_175/Fire/fire_straw_sandals_preview_40x208.png,1591,1d7e765502b44fc0632428d7bc746813027dfe2c8dee92eb6bc3ab168bd2c81c,,PATCH4-1.0.0,PASS
PATCH4-ASSET-00863,07_Character_Composition_Previews_175/Fire/fire_whisper_orb_preview_40x208.png,1559,5da9697d53aac512633da4c2c04df43e92025629c4a58f9fdda3ca139e3823c5,,PATCH4-1.0.0,PASS
PATCH4-ASSET-00864,07_Character_Composition_Previews_175/Fire/fire_wind_boots_preview_40x208.png,1592,3d9336a275a66f551b36486abc1b046f4721d0eabdef3b0c144fc81514f7810a,,PATCH4-1.0.0,PASS
PATCH4-ASSET-00865,07_Character_Composition_Previews_175/Metal/metal_battle_axe_preview_40x208.png,1983,33017c69f4b53f86263d70f4211bcbbcee6250da062ae29837d943209e5fcc80,,PATCH4-1.0.0,PASS
PATCH4-ASSET-00866,07_Character_Composition_Previews_175/Metal/metal_battle_helmet_preview_40x208.png,1715,88c53f7e613be0b7f40500705385b9b90bff5cf97fb1063636d9d7ffb8594161,,PATCH4-1.0.0,PASS
PATCH4-ASSET-00867,07_Character_Composition_Previews_175/Metal/metal_carved_wood_amulet_preview_40x208.png,1580,68bdac09859fcee8f5e60ff80f94a0f3dfb822cf374fe7ce4f29b7a2dc774a31,,PATCH4-1.0.0,PASS
PATCH4-ASSET-00868,07_Character_Composition_Previews_175/Metal/metal_chainmail_armor_preview_40x208.png,1726,cf08e63430e2d476c8a999b86bcbcffc74892b572b8939853e3de78d6cccb26e,,PATCH4-1.0.0,PASS
PATCH4-ASSET-00869,07_Character_Composition_Previews_175/Metal/metal_chainmail_pants_preview_40x208.png,1582,791f0429569b9901c1a999ddcfc32de9451d92475f205547d892fbc7d4afe52d,,PATCH4-1.0.0,PASS
PATCH4-ASSET-00870,07_Character_Composition_Previews_175/Metal/metal_cloth_armor_preview_40x208.png,1717,4e83ddf7a46faf5f8bc5195e9711f4f7fdf4beb5e0dc44b7a39ccfa66c613868,,PATCH4-1.0.0,PASS
PATCH4-ASSET-00871,07_Character_Composition_Previews_175/Metal/metal_cloth_pants_preview_40x208.png,1558,21970ac038d0ee3e650c9b4b45aa46a05a381790d8606b2cb6f0adafb4134095,,PATCH4-1.0.0,PASS
PATCH4-ASSET-00872,07_Character_Composition_Previews_175/Metal/metal_dragon_head_helmet_preview_40x208.png,1614,237308b654b4b4ed80d89cf0da1a29a757f48e568b6197aa15fc2b51034b200a,,PATCH4-1.0.0,PASS
PATCH4-ASSET-00873,07_Character_Composition_Previews_175/Metal/metal_dragon_scale_armor_preview_40x208.png,1707,a8312b87072ed6da86c1dee4a3c7f586449efff69ec323a69ab719ceed5890e8,,PATCH4-1.0.0,PASS
PATCH4-ASSET-00874,07_Character_Composition_Previews_175/Metal/metal_dragon_scale_legs_preview_40x208.png,1568,9e33077b1e5b3b2c9990a42af5d859dab1a0d98d2b838411b9e43dc5d8ba7476,,PATCH4-1.0.0,PASS
PATCH4-ASSET-00875,07_Character_Composition_Previews_175/Metal/metal_dragon_walk_boots_preview_40x208.png,1587,4ec2cf1cef73a727dabc5a9378fe8128216273de3835e1641ed1fdfaee5061fd,,PATCH4-1.0.0,PASS
PATCH4-ASSET-00876,07_Character_Composition_Previews_175/Metal/metal_engraved_copper_ring_preview_40x208.png,1484,56c7f23b2782f82abf2f88db0b9992658cb66ffdf1c98431d318da398b061762,,PATCH4-1.0.0,PASS
PATCH4-ASSET-00877,07_Character_Composition_Previews_175/Metal/metal_great_axe_preview_40x208.png,1988,51eb4d8c98e08574495e962bb88729333299431fc6fd88662b238545760bb485,,PATCH4-1.0.0,PASS
PATCH4-ASSET-00878,07_Character_Composition_Previews_175/Metal/metal_great_sword_preview_40x208.png,1903,535b2df5c010eb2999563bbe8fc75abf5d5b3af972678c1553135f72d8cbf223,,PATCH4-1.0.0,PASS
PATCH4-ASSET-00879,07_Character_Composition_Previews_175/Metal/metal_hand_axe_preview_40x208.png,1950,3c0a799226a4166cfada485e3837b16ba16889da0fed305a0a4b74e7d16b0276,,PATCH4-1.0.0,PASS
PATCH4-ASSET-00880,07_Character_Composition_Previews_175/Metal/metal_heavy_crossbow_preview_40x208.png,1863,04f3aa4b3fa692177b94900766bb0285ac8203060daf49be406bdcf255b12e58,,PATCH4-1.0.0,PASS
PATCH4-ASSET-00881,07_Character_Composition_Previews_175/Metal/metal_hunting_bow_preview_40x208.png,2054,83df733aa36b424de5636e6160f01cdce22bf1d7018eb456b7c6fcf9696f5a00,,PATCH4-1.0.0,PASS
PATCH4-ASSET-00882,07_Character_Composition_Previews_175/Metal/metal_iron_helmet_preview_40x208.png,1606,e651953c3eec2f51f57b0b16004d1d81c31e533453e8fa589a3f72a4bfc65f81,,PATCH4-1.0.0,PASS
PATCH4-ASSET-00883,07_Character_Composition_Previews_175/Metal/metal_iron_toe_boots_preview_40x208.png,1591,15410be7df0e11855385b4c521f8ec07755c4e70fb87bc7333d54487f12020ec,,PATCH4-1.0.0,PASS
PATCH4-ASSET-00884,07_Character_Composition_Previews_175/Metal/metal_knight_helmet_preview_40x208.png,1593,f252d9c52d4ef0851e646fc2da23dc6b0ba14c56095e7e93b895c0c33f7d34b8,,PATCH4-1.0.0,PASS
PATCH4-ASSET-00885,07_Character_Composition_Previews_175/Metal/metal_leather_armor_preview_40x208.png,1743,a737a8598d9187c178e0120c654ae42bc7be3b1be0e03a6331bd38f5c1c7e64f,,PATCH4-1.0.0,PASS
PATCH4-ASSET-00886,07_Character_Composition_Previews_175/Metal/metal_leather_boots_preview_40x208.png,1595,95c2db503d3413293ac85dba45e46296e8a3e01a8eb7d05ca36ad8985205421f,,PATCH4-1.0.0,PASS
PATCH4-ASSET-00887,07_Character_Composition_Previews_175/Metal/metal_leather_cap_preview_40x208.png,1508,ba21f6b455b9365db91aebc36809615f5177b2b1db787ed764eac2f1aba39ae7,,PATCH4-1.0.0,PASS
PATCH4-ASSET-00888,07_Character_Composition_Previews_175/Metal/metal_leather_pants_preview_40x208.png,1567,1a78bc178caa84703c9bb13d7b365b14091ae11f40605672c0a8a485007eb521,,PATCH4-1.0.0,PASS
PATCH4-ASSET-00889,07_Character_Composition_Previews_175/Metal/metal_long_sword_preview_40x208.png,1897,334763dca46345e8941bfbb6c7cd56b71fb2582a536bd86e0cad8707084b082f,,PATCH4-1.0.0,PASS
PATCH4-ASSET-00890,07_Character_Composition_Previews_175/Metal/metal_longbow_preview_40x208.png,2012,ae957b15f4c72f06249d32d6f33427557b009a47f3e5ecfe2d4fcf98188f109d,,PATCH4-1.0.0,PASS
PATCH4-ASSET-00891,07_Character_Composition_Previews_175/Metal/metal_plate_armor_preview_40x208.png,1719,be8d07d98e4448f3084d46a3349b438af1f881bf4b9ce8dd17b2f9f4af01a27c,,PATCH4-1.0.0,PASS
PATCH4-ASSET-00892,07_Character_Composition_Previews_175/Metal/metal_plate_greaves_preview_40x208.png,1621,5c771f6167123085a6b1b623f7eadbb98aded3a8a490e70786a74a96fa008059,,PATCH4-1.0.0,PASS
PATCH4-ASSET-00893,07_Character_Composition_Previews_175/Metal/metal_rapier_preview_40x208.png,1873,481103545a36f7fd9f42725a2db109a1d6ecd87594ea9b8e767da713496f37ec,,PATCH4-1.0.0,PASS
PATCH4-ASSET-00894,07_Character_Composition_Previews_175/Metal/metal_sacred_relic_preview_40x208.png,1500,847ca40dba2498fadbbdad200027a102407bdc7951b9da43d3e6320d2f080269,,PATCH4-1.0.0,PASS
PATCH4-ASSET-00895,07_Character_Composition_Previews_175/Metal/metal_short_sword_preview_40x208.png,1897,334763dca46345e8941bfbb6c7cd56b71fb2582a536bd86e0cad8707084b082f,,PATCH4-1.0.0,PASS
PATCH4-ASSET-00896,07_Character_Composition_Previews_175/Metal/metal_silver_badge_preview_40x208.png,1558,551e4a0b2a3ace9b55bd6bc39b29e17422624d99a333bf6b9549191f08789c59,,PATCH4-1.0.0,PASS
PATCH4-ASSET-00897,07_Character_Composition_Previews_175/Metal/metal_straw_sandals_preview_40x208.png,1588,57f31e7b0559f764079355c8a64a46e916cb6f9fe97a24fb4e210028ed2fad49,,PATCH4-1.0.0,PASS
PATCH4-ASSET-00898,07_Character_Composition_Previews_175/Metal/metal_whisper_orb_preview_40x208.png,1551,9920c9ddbc7ea259c6e4928ce193e344707381bf5ed9ce7b15d31a46706fea87,,PATCH4-1.0.0,PASS
PATCH4-ASSET-00899,07_Character_Composition_Previews_175/Metal/metal_wind_boots_preview_40x208.png,1591,1604f7bcf26ad2cf0b8ef2295ff7cf6dccb5fa8105865e8897255e36ffb53c17,,PATCH4-1.0.0,PASS
PATCH4-ASSET-00900,07_Character_Composition_Previews_175/Water/water_battle_axe_preview_40x208.png,1990,49d33bb3b3cb9beecaf71e82b66c64df880257b03eac617e8bfe69779a0516aa,,PATCH4-1.0.0,PASS
PATCH4-ASSET-00901,07_Character_Composition_Previews_175/Water/water_battle_helmet_preview_40x208.png,1679,c7a9d257347a79157b036e720ce1a566ea99c77100b9cfea66733dcf4c843898,,PATCH4-1.0.0,PASS
PATCH4-ASSET-00902,07_Character_Composition_Previews_175/Water/water_carved_wood_amulet_preview_40x208.png,1571,0819f22430232a0e09aa82cfdbb21792528685ecc40264b7a31d2233c3a09062,,PATCH4-1.0.0,PASS
PATCH4-ASSET-00903,07_Character_Composition_Previews_175/Water/water_chainmail_armor_preview_40x208.png,1767,2e87c40013fc8e606efc6e2440ef1ce4d8a62ae3277d9d467f90a912f250c850,,PATCH4-1.0.0,PASS
PATCH4-ASSET-00904,07_Character_Composition_Previews_175/Water/water_chainmail_pants_preview_40x208.png,1595,e82b8f794e7178dadd721aaed1d8a76f35f8824a03fd615fe810afa220b3b259,,PATCH4-1.0.0,PASS
PATCH4-ASSET-00905,07_Character_Composition_Previews_175/Water/water_cloth_armor_preview_40x208.png,1755,615b3aa01ac40880d0be123fa66bbd02113212943f5619f035cd27c652e707a4,,PATCH4-1.0.0,PASS
PATCH4-ASSET-00906,07_Character_Composition_Previews_175/Water/water_cloth_pants_preview_40x208.png,1571,1a8cb9b3822ae32d1248a02ce82b7eecfd43edd80cf0bf436e3027157f4e7944,,PATCH4-1.0.0,PASS
PATCH4-ASSET-00907,07_Character_Composition_Previews_175/Water/water_dragon_head_helmet_preview_40x208.png,1589,791d2f60e3f487aa165a531913b5737191ab33e372fdf31e7b99d84c32515239,,PATCH4-1.0.0,PASS
PATCH4-ASSET-00908,07_Character_Composition_Previews_175/Water/water_dragon_scale_armor_preview_40x208.png,1745,ceb42dd95aa2cb39ec4f38e4f77c794cc64fd298fd4f9cf39706fe18da13b13b,,PATCH4-1.0.0,PASS
PATCH4-ASSET-00909,07_Character_Composition_Previews_175/Water/water_dragon_scale_legs_preview_40x208.png,1583,e68bc78364c5f95b90f3fbc3851211c5a0ef426114272e17544ac5aee44e5383,,PATCH4-1.0.0,PASS
PATCH4-ASSET-00910,07_Character_Composition_Previews_175/Water/water_dragon_walk_boots_preview_40x208.png,1592,710227997c48fad9ef8760c76a35453e04791c42f9a225ac35adf4496b47140a,,PATCH4-1.0.0,PASS
PATCH4-ASSET-00911,07_Character_Composition_Previews_175/Water/water_engraved_copper_ring_preview_40x208.png,1463,ba45438bf179de4a18a7e818f847a775f11f3002da7e26983114b614e3093f99,,PATCH4-1.0.0,PASS
PATCH4-ASSET-00912,07_Character_Composition_Previews_175/Water/water_great_axe_preview_40x208.png,1991,0c53583acdc2bad0ea5165abef4b593df1b6c9e7222efe80956093e464fe5fbc,,PATCH4-1.0.0,PASS
PATCH4-ASSET-00913,07_Character_Composition_Previews_175/Water/water_great_sword_preview_40x208.png,1901,51e53110e20e734dcb4a123eb485f5dca06eb5594bd7cbd3c65017fb0a73ea7c,,PATCH4-1.0.0,PASS
PATCH4-ASSET-00914,07_Character_Composition_Previews_175/Water/water_hand_axe_preview_40x208.png,1956,f911999196a73fcdc87b551ed03449e4fa082c67c0eda84a0e248de9f7af2fa7,,PATCH4-1.0.0,PASS
PATCH4-ASSET-00915,07_Character_Composition_Previews_175/Water/water_heavy_crossbow_preview_40x208.png,1881,628b96c9debfaccc9bb5d15a02b2a18104b9d36e2e1817e9be4d0a9055c9db94,,PATCH4-1.0.0,PASS
PATCH4-ASSET-00916,07_Character_Composition_Previews_175/Water/water_hunting_bow_preview_40x208.png,2052,fbebc799a5b49a1341e60179d22aecccd1acbc28398db768727e004340b9e98f,,PATCH4-1.0.0,PASS
PATCH4-ASSET-00917,07_Character_Composition_Previews_175/Water/water_iron_helmet_preview_40x208.png,1574,7a0fbb6c3eb9cf688b93a3f9e510865efec05964ddc3c42f9e22979fefdb8903,,PATCH4-1.0.0,PASS
PATCH4-ASSET-00918,07_Character_Composition_Previews_175/Water/water_iron_toe_boots_preview_40x208.png,1596,feda228bdbb879a4744c7fbb5fd93eb04332c412f4fb5df889d5d8ced6c4c503,,PATCH4-1.0.0,PASS
PATCH4-ASSET-00919,07_Character_Composition_Previews_175/Water/water_knight_helmet_preview_40x208.png,1562,a9d2e7a545988b4487d0796447884c8f8521dee3e7272ded56fd30a348795e3b,,PATCH4-1.0.0,PASS
PATCH4-ASSET-00920,07_Character_Composition_Previews_175/Water/water_leather_armor_preview_40x208.png,1785,0a332aa4b8753c288378ed8355058650dcc5902e66c1779f8b7b18f765478d4e,,PATCH4-1.0.0,PASS
PATCH4-ASSET-00921,07_Character_Composition_Previews_175/Water/water_leather_boots_preview_40x208.png,1592,036314b00a4497ec5030e96fa1215b51572a4d47ffb8d9952cda1f8c2c42d27b,,PATCH4-1.0.0,PASS
PATCH4-ASSET-00922,07_Character_Composition_Previews_175/Water/water_leather_cap_preview_40x208.png,1464,3aac8da9f8c28dab255eb821bb55a972b0a4ad3e10f03796d390a5f936bdf6a0,,PATCH4-1.0.0,PASS
PATCH4-ASSET-00923,07_Character_Composition_Previews_175/Water/water_leather_pants_preview_40x208.png,1579,5117be78e37d03bec97a6f9d8f43b2d65b830fe98fe270fb4157e39770fd2c75,,PATCH4-1.0.0,PASS
PATCH4-ASSET-00924,07_Character_Composition_Previews_175/Water/water_long_sword_preview_40x208.png,1882,d02e585c8bad928d166f570782360d7334f7c8dd7df7d95d197f1a64de7b0afa,,PATCH4-1.0.0,PASS
PATCH4-ASSET-00925,07_Character_Composition_Previews_175/Water/water_longbow_preview_40x208.png,1999,87f46ebc11164e63e7902589baa802b0db0740e1a8e2f3f4e862efe14dbfdb62,,PATCH4-1.0.0,PASS
PATCH4-ASSET-00926,07_Character_Composition_Previews_175/Water/water_plate_armor_preview_40x208.png,1755,640a6bd8a1a9dfa27bc98399d690f8c58b7c83fa43bc1ccc84601d533ce21a3a,,PATCH4-1.0.0,PASS
PATCH4-ASSET-00927,07_Character_Composition_Previews_175/Water/water_plate_greaves_preview_40x208.png,1609,e94788f0ecf8437779854f186cd4eb6a07560a41c3cba2ec6e10a0edb772fae3,,PATCH4-1.0.0,PASS
PATCH4-ASSET-00928,07_Character_Composition_Previews_175/Water/water_rapier_preview_40x208.png,1874,3bac29959b4f66da26f13ad8ecbfc0386f35b2cf6bef1f26a651e9af1de9d254,,PATCH4-1.0.0,PASS
PATCH4-ASSET-00929,07_Character_Composition_Previews_175/Water/water_sacred_relic_preview_40x208.png,1479,3b19eade3a2302d6013235297dd54cb70b76373fbef511029b935414c3230b82,,PATCH4-1.0.0,PASS
PATCH4-ASSET-00930,07_Character_Composition_Previews_175/Water/water_short_sword_preview_40x208.png,1882,d02e585c8bad928d166f570782360d7334f7c8dd7df7d95d197f1a64de7b0afa,,PATCH4-1.0.0,PASS
PATCH4-ASSET-00931,07_Character_Composition_Previews_175/Water/water_silver_badge_preview_40x208.png,1546,fd5471c78b90156dbfc2ef3f5076e5e4721257661b813114c70fceedc77a56d7,,PATCH4-1.0.0,PASS
PATCH4-ASSET-00932,07_Character_Composition_Previews_175/Water/water_straw_sandals_preview_40x208.png,1594,5424e3c8ba9855c28a02ddb5c642ca4bd9f2ae562aeee61a5403fbd2eda45349,,PATCH4-1.0.0,PASS
PATCH4-ASSET-00933,07_Character_Composition_Previews_175/Water/water_whisper_orb_preview_40x208.png,1551,0ddda9834cea5278768d7b17c886fbb8dc8a25a12445e3df43fe43a8008123a6,,PATCH4-1.0.0,PASS
PATCH4-ASSET-00934,07_Character_Composition_Previews_175/Water/water_wind_boots_preview_40x208.png,1596,b1dc4f2c092dace95db693e7a1e70e7d3e50d5fb6cde21b0d9b77a3d00a4a7af,,PATCH4-1.0.0,PASS
PATCH4-ASSET-00935,07_Character_Composition_Previews_175/Wood/wood_battle_axe_preview_40x208.png,1984,394dbf0c44cba11b2306bbad8e96d88c233365727fc09b50232181be1da97623,,PATCH4-1.0.0,PASS
PATCH4-ASSET-00936,07_Character_Composition_Previews_175/Wood/wood_battle_helmet_preview_40x208.png,1719,8565e9a8c764ae5b23a2006fca4d5d4423ea55af0fd182fdaadb2624535fe4e4,,PATCH4-1.0.0,PASS
PATCH4-ASSET-00937,07_Character_Composition_Previews_175/Wood/wood_carved_wood_amulet_preview_40x208.png,1578,ce475f277d8d6bc03dfdad3ecc33934ace0c2f6dee3313eafedd24b762be1f9f,,PATCH4-1.0.0,PASS
PATCH4-ASSET-00938,07_Character_Composition_Previews_175/Wood/wood_chainmail_armor_preview_40x208.png,1743,3955393bbc2cf17688b36e4e05b4fbf3f212590b9f07696ad94b20842de31660,,PATCH4-1.0.0,PASS
PATCH4-ASSET-00939,07_Character_Composition_Previews_175/Wood/wood_chainmail_pants_preview_40x208.png,1577,47b3c4a62e2f10a1b0efec91b69bafbe8820053208941e6b6224f8ff8b938c05,,PATCH4-1.0.0,PASS
PATCH4-ASSET-00940,07_Character_Composition_Previews_175/Wood/wood_cloth_armor_preview_40x208.png,1731,1d8c5d9a4087d284286d36ddcaebf59bd7613f90b1c1fc12182646fb888e3def,,PATCH4-1.0.0,PASS
PATCH4-ASSET-00941,07_Character_Composition_Previews_175/Wood/wood_cloth_pants_preview_40x208.png,1551,a1bd4d34b72f15decffb059776f2bed4ba98d5fab116a3e3c5a37e1d55ff8f05,,PATCH4-1.0.0,PASS
PATCH4-ASSET-00942,07_Character_Composition_Previews_175/Wood/wood_dragon_head_helmet_preview_40x208.png,1611,00e4018364e3968f4f625993be89525e3feb6984ba8f746d8c71e722b66f5a64,,PATCH4-1.0.0,PASS
PATCH4-ASSET-00943,07_Character_Composition_Previews_175/Wood/wood_dragon_scale_armor_preview_40x208.png,1720,a88c8ed8c27b4330adabff99ecadc1fda58d7eda7a54e35b2a3a4dc67e090baa,,PATCH4-1.0.0,PASS
PATCH4-ASSET-00944,07_Character_Composition_Previews_175/Wood/wood_dragon_scale_legs_preview_40x208.png,1563,04c1498f4a70dfa861406d082679247e4fa94c216fee6656a870eebe4e7207e1,,PATCH4-1.0.0,PASS
PATCH4-ASSET-00945,07_Character_Composition_Previews_175/Wood/wood_dragon_walk_boots_preview_40x208.png,1569,7c44c486ad911f6e4a07179d9e0bf1910c6cec46cd8327737283a7faec82101a,,PATCH4-1.0.0,PASS
PATCH4-ASSET-00946,07_Character_Composition_Previews_175/Wood/wood_engraved_copper_ring_preview_40x208.png,1471,5f4f2665fd35c4889a323ceb8a0221e41b0c545e8a7b4bdf5809ec420eb51435,,PATCH4-1.0.0,PASS
PATCH4-ASSET-00947,07_Character_Composition_Previews_175/Wood/wood_great_axe_preview_40x208.png,1989,8a9679659e6ba293e28e6c22a4b0a654b06c4ba1e80d366e3175d2c5c967c50d,,PATCH4-1.0.0,PASS
PATCH4-ASSET-00948,07_Character_Composition_Previews_175/Wood/wood_great_sword_preview_40x208.png,1908,0e7451da823e1a4c116217f08337521abb60d7ec62321bf196ad8abc5cf420bb,,PATCH4-1.0.0,PASS
PATCH4-ASSET-00949,07_Character_Composition_Previews_175/Wood/wood_hand_axe_preview_40x208.png,1950,de2658bfac071cef9c24b996df9554890ddce5b2471b13cfbb881f22687015d8,,PATCH4-1.0.0,PASS
PATCH4-ASSET-00950,07_Character_Composition_Previews_175/Wood/wood_heavy_crossbow_preview_40x208.png,1879,5826770053e44494f8ce545fa04227f7375987386b43fe709b94eb2cd12c86c2,,PATCH4-1.0.0,PASS
PATCH4-ASSET-00951,07_Character_Composition_Previews_175/Wood/wood_hunting_bow_preview_40x208.png,2047,a0217b2c1aaf8b96ac63dc7d506f3b7dbde672f1f4bfe6d0db80f9e57417e0f1,,PATCH4-1.0.0,PASS
PATCH4-ASSET-00952,07_Character_Composition_Previews_175/Wood/wood_iron_helmet_preview_40x208.png,1611,3fe82102b6109dc23efb66b270d5d6b0a356f686aa9bf21d4f30b196d3ab832b,,PATCH4-1.0.0,PASS
PATCH4-ASSET-00953,07_Character_Composition_Previews_175/Wood/wood_iron_toe_boots_preview_40x208.png,1573,73a1c3c9547f52a9af10f3f1010163a3b4593ab9e812335cc61f6a7c0843dcb5,,PATCH4-1.0.0,PASS
PATCH4-ASSET-00954,07_Character_Composition_Previews_175/Wood/wood_knight_helmet_preview_40x208.png,1602,3b8ba64626dbd71e15ae8223cdbbd4b8b57ada5c47be4a69b5e6d6017fd2cf13,,PATCH4-1.0.0,PASS
PATCH4-ASSET-00955,07_Character_Composition_Previews_175/Wood/wood_leather_armor_preview_40x208.png,1759,dfc0a1e4892ec23ccc25063e8d127b9ba44361cc4adfdc3c38e0e4b388881b7f,,PATCH4-1.0.0,PASS
PATCH4-ASSET-00956,07_Character_Composition_Previews_175/Wood/wood_leather_boots_preview_40x208.png,1570,1ec4b5922974dcead2b9a1a80b865425bf3ac6624084a3524ff3c2ddf0cdd4d1,,PATCH4-1.0.0,PASS
PATCH4-ASSET-00957,07_Character_Composition_Previews_175/Wood/wood_leather_cap_preview_40x208.png,1512,d1fcb9dad5ca15f665f575a5b5413228eb6e900c9cc0fa3ea7e54d85c7bd582b,,PATCH4-1.0.0,PASS
PATCH4-ASSET-00958,07_Character_Composition_Previews_175/Wood/wood_leather_pants_preview_40x208.png,1561,c0aa772d3d108755a04e7eee60c0ad46ce191053b8fcfc1d46eedc7d3f367f97,,PATCH4-1.0.0,PASS
PATCH4-ASSET-00959,07_Character_Composition_Previews_175/Wood/wood_long_sword_preview_40x208.png,1892,5905ba9977b2920375d1613eefca5cc17a4a8ec66d87b11764929c73eb86753a,,PATCH4-1.0.0,PASS
PATCH4-ASSET-00960,07_Character_Composition_Previews_175/Wood/wood_longbow_preview_40x208.png,2011,af49b933cb47c312d1a1e103e80841bbb756d7cf896b7b1a2b13c1159acca9c4,,PATCH4-1.0.0,PASS
PATCH4-ASSET-00961,07_Character_Composition_Previews_175/Wood/wood_plate_armor_preview_40x208.png,1734,18fc6f5d1e273ba4b01ec0edfd28e09b7dde6a71bc40de72006746d06d036986,,PATCH4-1.0.0,PASS
PATCH4-ASSET-00962,07_Character_Composition_Previews_175/Wood/wood_plate_greaves_preview_40x208.png,1614,27598de949cf2d48ccd16c518fffd11a0f894d6b587e9454d57c39fd1ec28724,,PATCH4-1.0.0,PASS
PATCH4-ASSET-00963,07_Character_Composition_Previews_175/Wood/wood_rapier_preview_40x208.png,1878,35aac60f42618739898e5b360d4204b8555837d2ad11d67764363967b61396a1,,PATCH4-1.0.0,PASS
PATCH4-ASSET-00964,07_Character_Composition_Previews_175/Wood/wood_sacred_relic_preview_40x208.png,1489,de268ef64d6293dc62b917faa761179549f2f633829b631baddccb162134d87c,,PATCH4-1.0.0,PASS
PATCH4-ASSET-00965,07_Character_Composition_Previews_175/Wood/wood_short_sword_preview_40x208.png,1892,5905ba9977b2920375d1613eefca5cc17a4a8ec66d87b11764929c73eb86753a,,PATCH4-1.0.0,PASS
PATCH4-ASSET-00966,07_Character_Composition_Previews_175/Wood/wood_silver_badge_preview_40x208.png,1562,15cd5efb787337ac0d75ce4c04b67c145c567b78a112da3b994a598516920ec9,,PATCH4-1.0.0,PASS
PATCH4-ASSET-00967,07_Character_Composition_Previews_175/Wood/wood_straw_sandals_preview_40x208.png,1572,2b458f3c643d374bb4e44ec0a51c8f55afb0b9d2381a866bb1c0fd67835267c1,,PATCH4-1.0.0,PASS
PATCH4-ASSET-00968,07_Character_Composition_Previews_175/Wood/wood_whisper_orb_preview_40x208.png,1541,f0742fd24387ed3e1e823859e2233c3e5da26fb1c889687168ad2d9782bff8b1,,PATCH4-1.0.0,PASS
PATCH4-ASSET-00969,07_Character_Composition_Previews_175/Wood/wood_wind_boots_preview_40x208.png,1572,7317ce7951e17a3f0e5e40b1b45b53943cd4710fd22d3e07c6f7cb196d9e7103,,PATCH4-1.0.0,PASS
PATCH4-ASSET-00970,08_Axe_Revision_QA/Axe_1x.png,1925,d615f392d4941760cfd7a0cd24690396e84260b47bbe25573f582c0a405b25ef,,PATCH4-1.0.0,PASS
PATCH4-ASSET-00971,08_Axe_Revision_QA/Axe_8x.png,2635,9ca80924f65f8fd9b8d4f8d956b4ce6ffcd14ca2269c37daaf8b2bd1ec8ed805,,PATCH4-1.0.0,PASS
PATCH4-ASSET-00972,08_Axe_Revision_QA/Axe_Proportion_Validation.csv,207,0f0ddc5ba1cfd4aea990d2d9344c3b87db59e27c0e7c0009bd483cb58e8bbb81,,PATCH4-1.0.0,PASS
PATCH4-ASSET-00973,08_Axe_Revision_QA/Axe_Silhouette_8x.png,2417,2ccf6a0929c8c5f9505670b82a9ec911ccd8c90598ccded95a031dfdef92d4ff,,PATCH4-1.0.0,PASS
PATCH4-ASSET-00974,09_Crossbow_Revision_QA/Crossbow_4Frame_Review_4x.png,5324,0d496b8393660f682e3981808b639a052a1119466df68f1237a2665fb1a8f1b0,,PATCH4-1.0.0,PASS
PATCH4-ASSET-00975,09_Crossbow_Revision_QA/Crossbow_Arms_40x208.png,505,ba21dd25c3f5eca42fc5da0acd8b0643e8b68fe4f460618998eb7f0a88ef2d94,,PATCH4-1.0.0,PASS
PATCH4-ASSET-00976,09_Crossbow_Revision_QA/Crossbow_Layer_Debug.png,7308,1f283c1a1eb1b2c20aa1572feba94876371d2a1a2200edc1441e188b43e13bc0,,PATCH4-1.0.0,PASS
PATCH4-ASSET-00977,09_Crossbow_Revision_QA/Crossbow_Neutral_Composite_40x208.png,1824,9460c5d1c718c157ed29d081f71f5a1c77173cdbfc206227a5bf4e13fe871f5f,,PATCH4-1.0.0,PASS
PATCH4-ASSET-00978,09_Crossbow_Revision_QA/Crossbow_PATCH3_vs_PATCH4.png,8467,f4667851d5ef0ebf87fe9cf8b65bd81316f4d589ba72fe6699fec515db1f27af,,PATCH4-1.0.0,PASS
PATCH4-ASSET-00979,09_Crossbow_Revision_QA/Crossbow_String_Arrow_40x208.png,221,ad0568d405a90923fb3827495b68916db84d88819e4121de5a8f3552d689a01e,,PATCH4-1.0.0,PASS
PATCH4-ASSET-00980,09_Crossbow_Revision_QA/Crossbow_Weapon_40x208.png,338,70cea254c6835a1b0c09f6c6b90b9eafdb82eda03b6a90b3087542033f17b3e2,,PATCH4-1.0.0,PASS
PATCH4-ASSET-00981,10_Rarity_Visual_Retirement/Rarity_Visual_Retirement_Register.csv,326,dca40313f57dd64a9ccecd274eb607c181387eeebaffcce24dfda2b91ebfc9b7,,PATCH4-1.0.0,PASS
PATCH4-ASSET-00982,10_Rarity_Visual_Retirement/Rarity_Visual_Retirement_Report.md,369,ec8cc44e4d4fc51c67744cfa7e6218895703b64e330b1da6e39047318dfe0048,,PATCH4-1.0.0,PASS
PATCH4-ASSET-00983,11_Rarity_UI_Text_Spec/Rarity_UI_Mockups/Rarity_Text_On_Actual_UI_Colors.png,98040,e1c25d000bb0787a4987f4e887ad5a2dd8dc4d8b6dfdef42716e3132daff7b84,,PATCH4-1.0.0,PASS
PATCH4-ASSET-00984,11_Rarity_UI_Text_Spec/Rarity_UI_Text_Color_Spec.csv,288,37eee7c458b8bf7e05a35f634724a3ce1a6475636219281d22c7e3d2406e08d4,,PATCH4-1.0.0,PASS
PATCH4-ASSET-00985,11_Rarity_UI_Text_Spec/Rarity_UI_Text_Color_Spec.md,955,d52fa922c0d5c2de62f08e93a072993a210d44952b4e42658c1353163cc9caf4,,PATCH4-1.0.0,PASS
PATCH4-ASSET-00986,12_Before_After_Contact_Sheets/accessory_Hero_Previews_4x.png,5736,4184f87dddcfb9b6ac48796b430bb47a45bc09b5b75daf70c46f043918b99554,,PATCH4-1.0.0,PASS
PATCH4-ASSET-00987,12_Before_After_Contact_Sheets/accessory_PATCH3_vs_PATCH4_4x.png,10570,97df5c0e067c503813da500c8f981aa6841c6cc72b90d71ebd522da984c48fab,,PATCH4-1.0.0,PASS
PATCH4-ASSET-00988,12_Before_After_Contact_Sheets/armor_Hero_Previews_4x.png,5010,76e85f0139d0a2658a2a28e25d05c3a999dcf7ca5ad3d828a1508b3bf72cb8bd,,PATCH4-1.0.0,PASS
PATCH4-ASSET-00989,12_Before_After_Contact_Sheets/armor_PATCH3_vs_PATCH4_4x.png,9534,b985f66220af3126e7b571b36b314b51f2ac282de4244d00b09a889ab55ee46a,,PATCH4-1.0.0,PASS
PATCH4-ASSET-00990,12_Before_After_Contact_Sheets/boots_Hero_Previews_4x.png,4924,62de55de93c60131d34d7ab009a01a401cbda4b0821d82deb09476a0ad0b3de3,,PATCH4-1.0.0,PASS
PATCH4-ASSET-00991,12_Before_After_Contact_Sheets/boots_PATCH3_vs_PATCH4_4x.png,9471,056a893ea9ed7cfd94cee8dfae2a39edcab63476340a233e6e34b8c3097d5bf8,,PATCH4-1.0.0,PASS
PATCH4-ASSET-00992,12_Before_After_Contact_Sheets/helmet_Hero_Previews_4x.png,4932,180c0963247b136108697eb81f90bca3aece0a360d51100517443f86f9778892,,PATCH4-1.0.0,PASS
PATCH4-ASSET-00993,12_Before_After_Contact_Sheets/helmet_PATCH3_vs_PATCH4_4x.png,9397,57464dabe17c25ddea5fd16a744492dbb25fc5e31282c3308178482d144023e3,,PATCH4-1.0.0,PASS
PATCH4-ASSET-00994,12_Before_After_Contact_Sheets/LOOP2_Representative_Prototypes_4x.png,6544,5aca17341f1c8d84e3c086457cd949db26c36f7371cbb17570ce49abd537f82d,,PATCH4-1.0.0,PASS
PATCH4-ASSET-00995,12_Before_After_Contact_Sheets/pants_Hero_Previews_4x.png,5455,5ec44ef77217446fd1266be2294e7cca390b0ec645a9e65e0f61faaae30ae475,,PATCH4-1.0.0,PASS
PATCH4-ASSET-00996,12_Before_After_Contact_Sheets/pants_PATCH3_vs_PATCH4_4x.png,9733,884e321aac58da4def2a752b942fa89e3d8b532f1c7f95ed85974eec926e224c,,PATCH4-1.0.0,PASS
PATCH4-ASSET-00997,12_Before_After_Contact_Sheets/weapon_Hero_Previews_4x.png,11065,b29362ff09da64eeac4ff5e315103ae46189f450eb7846a0792d6b9f37e41602,,PATCH4-1.0.0,PASS
PATCH4-ASSET-00998,12_Before_After_Contact_Sheets/weapon_PATCH3_vs_PATCH4_4x.png,17134,d7947397b580c0ced99463a1432e7f16dfa57125574724c8629393df5c384db4,,PATCH4-1.0.0,PASS
PATCH4-ASSET-00999,13_Automated_QA/Base_Asset_Validation_35.csv,7236,3b41404e4c3fb208396e5b7eae111161393db3b2b05a242a8637f0d51b32b31b,,PATCH4-1.0.0,PASS
PATCH4-ASSET-01000,13_Automated_QA/Composite_Validation_175.csv,39241,73bdf272a6133c62bda9e5fc8368348fa332276d25584658c2b7ec750d192889,,PATCH4-1.0.0,PASS
PATCH4-ASSET-01001,13_Automated_QA/Consecutive_Regression_Evidence.csv,521,1ef84338fef9166c38593cefc5391a836ee251610285f5000442ae5f6abdb6fc,,PATCH4-1.0.0,PASS
PATCH4-ASSET-01002,13_Automated_QA/Crossbow_Layer_Validation.csv,353,12565e8a7f6ebb329b82ac275f9a90ad78002ea6db856d8a7f09a28f21a4f732,,PATCH4-1.0.0,PASS
PATCH4-ASSET-01003,13_Automated_QA/Manifest_Path_Validation.csv,103378,44da503e7930e84102738ebc68c51c89089c7d286124569992c6d0cc03a1e59c,,PATCH4-1.0.0,PASS
PATCH4-ASSET-01004,13_Automated_QA/Particle_Layer_Validation_175.csv,44373,38da61722f8f63cabce1dd081723e06e735a4c972031cdf4222c31d33b28d312,,PATCH4-1.0.0,PASS
PATCH4-ASSET-01005,13_Automated_QA/PATCH3_PATCH4_Hash_Comparison_175.csv,38985,af5ca0f9c307d49f4805025b72ae8193c4cad9fc88ecf31166f17fa1d70d9100,,PATCH4-1.0.0,PASS
PATCH4-ASSET-01006,13_Automated_QA/PNG_Property_Validation.csv,161407,2e201c0a275e953241b023cc77623dda2fa868bb10ac579cf520eb20cee06d97,,PATCH4-1.0.0,PASS
PATCH4-ASSET-01007,13_Automated_QA/Runs/regression_1.csv,1145,839f18003188b52e9f3b3c0ac4a32ea717b2743fed68e8613eb3b7464810983c,,PATCH4-1.0.0,PASS
PATCH4-ASSET-01008,13_Automated_QA/Runs/regression_1.json,2263,dbe49a2af668834b89cd35414b2d1c8585964db2a2cfcd16447baa788162b637,,PATCH4-1.0.0,PASS
PATCH4-ASSET-01009,13_Automated_QA/Runs/regression_2.csv,1145,839f18003188b52e9f3b3c0ac4a32ea717b2743fed68e8613eb3b7464810983c,,PATCH4-1.0.0,PASS
PATCH4-ASSET-01010,13_Automated_QA/Runs/regression_2.json,2263,dbe49a2af668834b89cd35414b2d1c8585964db2a2cfcd16447baa788162b637,,PATCH4-1.0.0,PASS
PATCH4-ASSET-01011,13_Automated_QA/Runs/regression_3.csv,1145,839f18003188b52e9f3b3c0ac4a32ea717b2743fed68e8613eb3b7464810983c,,PATCH4-1.0.0,PASS
PATCH4-ASSET-01012,13_Automated_QA/Runs/regression_3.json,2263,dbe49a2af668834b89cd35414b2d1c8585964db2a2cfcd16447baa788162b637,,PATCH4-1.0.0,PASS
PATCH4-ASSET-01013,13_Automated_QA/Script_Logs/run_all_checks_regression_1.log,33,f56dccef9c11a4ccf2b3df6d18df68cc102f4e41cc7f47939512539733d4fdc5,,PATCH4-1.0.0,PASS
PATCH4-ASSET-01014,13_Automated_QA/Script_Logs/run_all_checks_regression_2.log,33,f56dccef9c11a4ccf2b3df6d18df68cc102f4e41cc7f47939512539733d4fdc5,,PATCH4-1.0.0,PASS
PATCH4-ASSET-01015,13_Automated_QA/Script_Logs/run_all_checks_regression_3.log,33,f56dccef9c11a4ccf2b3df6d18df68cc102f4e41cc7f47939512539733d4fdc5,,PATCH4-1.0.0,PASS
PATCH4-ASSET-01016,13_Automated_QA/Sprite_Sheet_Validation.csv,50857,bc950e0717b716b29eb52a3ee39dd4212b7be303e6e4d237144d73b5411157e8,,PATCH4-1.0.0,PASS
PATCH4-ASSET-01017,14_Internal_Visual_Review/Internal_Seven_Role_Review.csv,941,7ceb3194d85f0fd6563edd56822f254ad3b3e292644ca957bb8a58eda46283da,,PATCH4-1.0.0,PASS
PATCH4-ASSET-01018,14_Internal_Visual_Review/Review_Limitations.md,307,ca099e00b5d0dd57e4e8561d0f10d9192753357d7da9a8db176b9b7943fe584f,,PATCH4-1.0.0,PASS
PATCH4-ASSET-01019,15_Issue_Log/Issue_Log.csv,4029,a5023cdf7cb8cf3839712e235290c908527761f5f6297f2e9bddbdf72234e0d5,,PATCH4-1.0.0,PASS
PATCH4-ASSET-01020,15_Issue_Log/PATCH4-007_First_Regression_Evidence.md,489,f6ccde79eac672978a2c893e47e64a9ff32030f14030124e35bb2867d132f065,,PATCH4-1.0.0,PASS
PATCH4-ASSET-01021,15_Issue_Log/PATCH4-009_Second_Regression_Evidence.md,278,282f9cad9261cfc9b4fb28c61c43a9ee22b2209cd930860049af8c1dca09d892,,PATCH4-1.0.0,PASS
PATCH4-ASSET-01022,16_Codex_Handoff_Draft/Integration_Specification_DRAFT.md,1056,173ad7cf9f568ed1fa204c1811851f622b7e10a15165426d129c52e7dd6a3a79,,PATCH4-1.0.0,PASS
PATCH4-ASSET-01023,DO_NOT_INTEGRATE_YET.md,225,32fa930a58a386dcc65a81968fcf293d4da44c090d9435a79f309cadd3196b2f,,PATCH4-1.0.0,PASS
PATCH4-ASSET-01024,Final_Readiness_Verdict.md,1385,06e2ade6fc2a9e779bab8b7de2c4650f6aff6823a85294ce40f5f7c0bdac92fe,,PATCH4-1.0.0,PASS
PATCH4-ASSET-01025,tools/__pycache__/qa_runtime.cpython-314.pyc,111418,ab0690dae9af5c5afa88687b2f41457498c43439d953dc8a2b41e2d8d73804b6,,PATCH4-1.0.0,PASS
PATCH4-ASSET-01026,tools/build_cross_platform_zip.py,394,4acd99c703c3d78a5b2feb4996ad1e48ac3f0e7d6dca4fb7396a63e7984b7735,,PATCH4-1.0.0,PASS
PATCH4-ASSET-01027,tools/compare_patch3_patch4_hashes.py,380,ec7c8275f6ecaf962174255774f46c2e61cd57e88678255124ce845d3ade9c07,,PATCH4-1.0.0,PASS
PATCH4-ASSET-01028,tools/compose_175_character_previews.py,172,89506e862593837a538d3d4f2824a852cd8d2d719f12972aaa0d2ab4778fffed,,PATCH4-1.0.0,PASS
PATCH4-ASSET-01029,tools/compose_175_element_icons.py,166,bf7456283936fe9e18066232b0988f8cf6fec8d83096454cefa1cb0c945378ed,,PATCH4-1.0.0,PASS
PATCH4-ASSET-01030,tools/qa_runtime.py,61214,80317ed1f90587bf8b1726c5a91a1586bb9963ee92289f4907feda371caa7366,,PATCH4-1.0.0,PASS
PATCH4-ASSET-01031,tools/README.md,347,0337a93c78e7f7b6b7319d8ce09bda94dd20cbe3ea107d3f3148c2d75713b74e,,PATCH4-1.0.0,PASS
PATCH4-ASSET-01032,tools/requirements.txt,16,1e72bc4ba511894d1704fccdc24ab5ef1a61f5ebe06b7b6e7bdec3cb5d46e903,,PATCH4-1.0.0,PASS
PATCH4-ASSET-01033,tools/run_all_checks.py,287,590052d31cb9eb2ab745a8de4cd44f60fe55a632912e907073a5e35e011d75cc,,PATCH4-1.0.0,PASS
PATCH4-ASSET-01034,tools/validate_base_assets.py,355,140f0f0aedd31d059d71ca8e1c5b08d1a3e412b3d18de4a9f83f0071b275c3fe,,PATCH4-1.0.0,PASS
PATCH4-ASSET-01035,tools/validate_crossbow_layers.py,350,24e5901c033e23e8b0f1b9e78274cfbeae5b6560e2eeb02422e6a1b682376840,,PATCH4-1.0.0,PASS
PATCH4-ASSET-01036,tools/validate_manifest_paths.py,361,74a17a7dac6173ef8cd30e17e521e6265ad836488f3a50271162508babd5c572,,PATCH4-1.0.0,PASS
PATCH4-ASSET-01037,tools/validate_particle_layers.py,368,1150c65f121dc06d54687fc688254cf71e12c1881977ed807d06e2f35fde8c98,,PATCH4-1.0.0,PASS
PATCH4-ASSET-01038,tools/validate_png_properties.py,360,fa54f4dc054381400dac6a78acab485ab105b6f7446615e45dca6f3f0d2f05ef,,PATCH4-1.0.0,PASS
PATCH4-ASSET-01039,tools/validate_rarity_assets_removed.py,362,e0222ceb9efda119d9efecf95ef16b40dcf6128929c8fce823c55b6033fa2de6,,PATCH4-1.0.0,PASS
PATCH4-ASSET-01040,tools/validate_sprite_sheets.py,358,bccd964a759317ea02f707b3439fccd20dadfe588d430c3b177a895530054c85,,PATCH4-1.0.0,PASS
